text,label
Mahasiswa ITS buat pembangkit listrik dari kolam air garam. Gimana sob? Satu lagi penemuan sumber energi alternatif. http://ow.ly/i/2X2RP,1
Lampu Dengan Sumber Energi Air Garam Ini Berpotensi Dijadikan Charger Smartphone: Sumber energi alternatif tam... http://bit.ly/1SHw8X0,1
#didUknow Lampu LED yang menggunakan air dan garam sebagai sumber listrik: Belakangan banyak energi... http://d-id.tk/PovJ8e (@keripiku),1
#tekno Lampu Dengan Sumber Energi Air Garam Ini Berpotensi Dijadikan Charger Smartphone http://goo.gl/waWW4H,1
"Green House,lampu darurat dg sumber energi garam&air.ada port USB yg dpt digunakan Hiseners utk mengisi baterai hp.",1
"[Detiknews] Di Kampus Lain Ratusan Juta, Biaya Masuk FK Unsoed Rp 0!: Jika FK Undip mematok uang pangkal Rp 125 ... http://bit.ly/LZGNrw",1
"Ini pencemaran nama baik, gk masuk akal kl masuk PT Undip ampe ngeluarin uang 87 M buat uang pangkal, 87 M itu besar banget,,!",0
"Di Kampus Lain Ratusan Juta, Biaya Masuk FK Unsoed Rp 0!: Jika FK Undip mematok uang pangkal Rp 125 juta, maka d... http://bit.ly/LZGNrw",1
[Hoax] Uang Pangkal Masuk Undip Rp87 Miliar https://detax.org/issue/xe5 via,1
"Sempat Trending Uang Pangkal Masuk Undip Rp 87 M, Hoaks, yang Ada Sumbangan, Berikut Daftarnya https://wartakota.tribunnews.com/2020/08/24/sempat-trending-uang-pangkal-masuk-undip-rp-87-m-hoaks-yang-ada-sumbangan-berikut-daftarnya… lewat ",1
"Terkait adanya isu soal uang pangkal 87 miliar tersebut, pihak Undip merasa dirugikan dan akan menempuh jalur hukum.",0
"Copas dr tetangga.... Assalamualaikum wr wb..utk semua ""Vaksin Penyebab AUTIS"" Buat para Pasangan MUDA. Oom dan... http://fb.me/7uc0gtgTz",1
"Buat para ortu yg sdh mantu atau mau punya cucu atau ada ponakan2: ""Vaksin Penyebab Autis"" Buat para Pasangan... http://fb.me/6NaAYEKv4",1
Semakin banyak dokter2 USA Penentang vaksin .. semakin nyata Vaksin MMR Penyebab Autis..... http://fb.me/1AVPn4ZX8,1
Jenny Mc Charty artis Hollywood mantannya Jim Carey yg punya anak autis & menyatakan penyebab autisnya krn vaksin MMR,1
"*HATI-HATI DENGAN VAKSINASI* *""Vaksin Penyebab AUTIS""* Buat para Pasangan MUDA. Oom dan Tante yg punya... http://fb.me/7EA3ifkS8",1
Vaksin Penyebab Autis - http://aktualpost.com/2015/09/vaksin,1
Mau ajak nyokap alesannya krn di Starbucks ga ada boba yg bisa bikin usus buntu stad #SbuxCupsOfCourage,1
Sabtu minum boba Senin oprasi usus buntu Ngeri anjim,1
Bahaya loh itu boba kebanyakan bikin usus buntu,1
"Jgn sering sering ya bi, boba bikin usus buntu hmm",1
"Boba bikin diabetes,bikin usus buntu taukk",1
Pagi pagi dah minum boba usus buntu ntar,1
"Gw sering banget sih jajan begituan, kecuali boba jarang dan emang lama lama kerasa sih efek nya, ampe timbul sariawan 3 biji, trs perut bawah sebelah kanan mulai agak sakit gt jadi parno takut usus buntu baru sadar kalo emg makanan kek gitu berpengaruh bgt",1
Mungkin bisa di share ke group ortu *Bocah Ini Kena Gangguan Jiwa* *karena Terlalu Banyak Ikut Les* Kisah yang sungguh membuat hati miris ini datang dari sebuah akun Facebook... http://cerminan.com/berita/bocah-ini-kena-gangguan-jiwa-karena-terlalu-banyak-ikut-les.html,1
WARNING!!! PARA ORANGTUA / WALI MURID Bocah Ini Kena Gangguan Jiwa karena Terlalu Banyak Ikut Les Kisah yang sungguh membuat hati miris ini datang dari sebuah akun Facebook bernama Andi Teposs. Tertanggal 18... https://facebook.com/416465598440680/posts/2017483248338899/,1
Anak yang Les Terlalu Banyak Bisa Terkena Gangguan Jiwa http://katakota.com/anak-yang-les-terlalu-banyak-bisa-terkena-gangguan-jiwa/…,1
Anak yang les terlalu banyak bisa terkena gangguan jiwa http://dewaporkas.net/anak-yang-les-terlalu-banyak-bisa-terkena-gangguan-jiwa/,1
Terlalu Banyak Les Bikin Anak Didera Gangguan Jiwa? http://artikelmajalah.com/terlalu-banyak-les-bikin-anak-didera-gangguan-jiwa/…,1
"Miris : Bocah Kena Gangguan Jiwa karena Terlalu Banyak Ikut Les, Ditanya Apapun Jawabnya Angka-angka | BERITA... http://fb.me/6cws9ffKo",1
"#Populer KISAH MENYEDIHKAN ANAK YANG TERLALU BANYAK IKUT LES, KINI KENA GANGGUAN JIWA Kisah yang sungguh membuat... http://fb.me/4QniwtSid",1
Pesan Berantai Akibat Sering Main HP Menyebabkan Pembuluh Darah Mata Pecah Bikin… https://goo.gl/fb/wBo3qt #ugetuget,1
"Yayayyaayyaa pk juga kacamata akibat sering ntn TV gelap sama main hp , jd pk kaca mata baca dehh biar… http://instagram.com/p/if9ytkimhD/",1
"nih nih Akibat Sering Menonton Youtube, Balita Ini Kena Sindrom Juling, Curhatan... http://youtu.be/XdJTNcCeiX8 via youtube",1
Viral Eyelash Extension disebut bikin pembuluh darah mata pecah saat tidur - https://tempoyak.net/?p=8299,1
Dokter Mata Jelaskan Kebenaran di Balik Pesan Berantai 'Pembuluh Mata Pecah akibat Sering Main HP',0
Tapi setidaknya dana haji itu jgn dipakai buat pembangunan. Pembangunan kan bisa di tunda sedangkan orang yg seharusnya berangkat dia udah setor harusnya bisa berangkat tahun2 kemarin ternyata sekarang tidak.,1
Pak wapres kan setuju jika dana haji di gunakan pemerintah untuk pembangunan,1
"Hayoo ngaku siapa yang tanda tangan Dana Haji bisa dipakai untuk infraskruktur ? Sudah rame, pada sembunyi deh Kebiasaan lempar batu, sembunyi tangan ",1
"Akun hastag #NKRI, hastag #pancasila dan sejenisnya menyerang semua pihak yg kumpulkan sumbangan masyarakat utk Palestina tapi diam ttg penggunaan dana haji. Makin hari makin jelas siapa mereka.",1
Soal dana haji ... jauh2 hari pemerintah terang2an kok mau gunakan untuk infrastruktur. Sampeyan bisa memastikan aman darimana sumbernya?? Sudah ada yg mengaudit dana tsb ?? Ngoyo2 wae …,1
"HAJI, KEGAGALAN YANG FATAL https://portal-islam.id/2021/06/haji-kegagalan-yang-fatal.html…",1
Sama halnya Publik curiga dana haji amblas Pemerintah memastikan dana Haji Aman Harusnya dana Haji setelah 2 tahun tak di gunakan bisa bertambah dong ?,1
"Tepat sekali byk pelajaran besar pemimpin Dunia di Azab, seperti; Fir'aun, Mustafa Kemal Attartuk, Ariel Sharon. Mendzholimi rakyat & agama, matipun tragis. Masih byk lagi contoh di Dunia ini.",1
Semoga segera terjerumus dalam azab dunia.....aamiinnn.... Semoga berakhir seperti Mustafa Kemal di Turki.....aamiinn....,1
Cukuplah Mustafa Kemal yg kena Azab Allah... Kamu Mau??,1
"Padahal Mustafa Kemal laknatullah adalah musuh terbesar umat Islam, karena dialah <semoga azab terus ditimpakan... http://fb.me/8mi39pRZ6",1
"Kesimpulannya , bahwa munculnya keyakinan di masyarakat muslim Turki bahwa Mustafa Kemal mati terkena azab adalah bentuk penalaran yang didasari oleh akal sehat dan keimanan kepada yang ghaib",1
Masih ingat kah kalian dengan Mustafa Kemal Ataturk ?? Jasad beliau tidak di terima di Bumi . .. Itulah Azab Allah SWT untuk beliau !!,1
"AZAB DI DUNIA.. Sewaktu Mustafa Kemal Ataturk meninggal dunia, tidak seorang pun yang memandikan, ... http://azlinda2.tumblr.com/post/143082471837",1
Kambing Di Filipina Melahirkan Mahluk Berbentuk Setengah Babi Setengah Manusia < https://kaskus.co.id/thread/5bf528ab9252332d638b4567/lagi-heboh-gan-kambing-di-filipina-melahirkan-mahluk-setengah-babi-setengah-manusia,1
"Geger, Induk Kambing Melahirkan Makhluk Setengah Babi Setengah Manusia http://dlvr.it/QsB46t",1
"Kambing Melahirkan Bayi Campuran Babi Dengan Manusia, Warga Percaya Makhluk Itu Setan Membawa Kesialan https://benankmerah.co/news/kambing-melahirkan-bayi-campuran-babi-dengan-manusia-warga-percaya-makhluk-itu-setan-membawa-kesialan/…",1
"Seekor kambing di Filipina melahirkan anak ""setengah babi setengah manusia"". #MNCTVNews #InfoMNCTVNews",1
"VIDEO: Aneh, Kambing Melahirkan Mahluk Setengah Babi http://dlvr.it/QrpkyL",1
Induk Kambing Melahirkan Makhluk Setengah Babi Setengah Manusia https://maingame88.com/duniacerpen/2021/01/06/induk-kambing-melahirkan-makhluk-setengah-babi-setengah-manusia/… ,1
"Cari aja di gugel ""stan ditutup karena radikalisme"" nanti banyak ketemu beritanya gais ",1
[cm] kenapa ini guysss??,1
"STAN DITUTUP, KARENA MAHASISWA NYA RAJIN BERIBADAH DICAP RADIKALISME",1
"Jika STAN Ditutup Karena Radikalisme, Sudirman Said: Bakal Jadi Skandal Bernegara",1
stan ditutup karena radikalisme,1
Isu STAN Ditutup Karena Radikalisme Menyebar Dimedsos https://editor.id/isu-stan-ditutup-karena-radikalisme-menyebar-di-medsos/,1
"PKN STAN Ditutup Hanya karena Isu Radikalisme, Sudirman Said: Ini Skandal Bernegara https://suaraislam.id/pkn-stan-ditutup-hanya-karena-isu-radikalisme-sudirman-said-ini-skandal-bernegara/… lewat ",1
KB Suntik Sebabkan Gemuk?: KB suntik biasanya dilakukan 3 bulan sekali. Fungsi KB 3 bulanan memang bisa membuat ... http://bit.ly/PdcNcX,1
KB Pil dan Suntik Sebabkan Kanker: Badan Kependudukan dan Keluarga Berencana Nasional (BKKBN) saat ini mengawa... http://bit.ly/13SKXwi,1
KB Pil dan Suntik Sebabkan Kanker http://bit.ly/13EMya3,1
"Pil KB Bisa Sebabkan Kebutaan? http://bit.ly/1fh7J6m""kalau suntik kb?",1
"#FitInfo, meski efektif untuk mencegah kehamilan, KB Suntik beresiko sebabkan penipisan tulang, Apalagi jika pemakaiannya lebih dari 2 tahun. jika anda memakai KB jenis ini, konsumsilah makanan yang mengandung vitamin D serta suplemen kalsium untuk menjaga tulang. #stayfit #Senin",1
"Waspada, Suntik KB Bisa Sebabkan Kanker https://goo.gl/fb/sWybki #Magelang",1
"Pak Prabowo sedang sakit. Kabar tentang penyakitnya juga simpang siur. Dari flu hingga stroke ringan setelah debat Capres ke 4. Apapun, mari kita doakan kesembuhan pak Prabowo. Semoga lekas sembuh pak. #PrabowoSakit",1
"Salfok sama wajah pak prabowo, seperti miring ya, kayanya stroke ringan,, tetanggaku seperti itu,,tp mudah2an sehat trus",1
DOKTER TERAWAN JUGA PERNAH MENTERAPI STROKE RINGAN PRABOWO SUBIANTO.,1
"Prabowo Alami Stroke Ringan, Bisa Dilihat Dari Bentuk Bibirnya. Trus Gimana Dong?: http://youtu.be/t0GcOJ3ot0U?a ",1
"Memang berbahayaaaaa, makanya jangan dipilih jadi presiden.. Kalo tidak salah kesehatan pernah dicek, Prabowo pernah kena stroke ringan.. Mungkin akibat emosi yg tdk stabil..",1
Selain sdh sepuh mungkin blio pernah menderita stroke ringan GWS pak,1
Pak prabowo sprti beda. Sprti pernah terkena stroke ringan kya nya. Saat ngomong terlihat bnget mulut beliau tdk simetris.,1
Warga negara Timor Leste dikabarkan ingin bergabung lagi dengan dengan Indonesia bila diberi kesempatan kedua.,1
"""Timor Leste mau bergabung lagi dengan Indonesia"". Berdusta atau memuja, bagi penulisnya sama saja. https://indonesiana.tempo.co/read/59531/2016/01/28/maskusdiono/timor-leste-ingin-gabung-ri-karena-jokowi…",1
Timor Leste Disebut Ingin Kembali Bergabung Dengan Indonesia https://familinia.com/timor-leste-disebut-ingin-kembali-bergabung-dengan-indonesia/,1
"Nahhh... lohhh Dulu Ngotot Pisah, Kini Warga Timor Leste Ingin Kembali Bergabung dengan Indonesia, Ini Alasannya",1
Xanana Ingin Timor Leste Bergabung Lagi Dengan Indonesia: http://youtu.be/e8tq1UoBhPY?a ,1
WOW!! Timor Leste Ingin Bergabung Kembali dengan Indonesia By : Indonesia JAKARTA - Setelah Timor Leste keluar... http://fb.me/1CjCD1CWR,1
"""Timor Leste harus bergabung dengan Indonesia. Kami butuh pemimpin baru,"" ujar Xanana di Surabaya. Xanana sudah... http://fb.me/1qwmBLpjL",1
"Ada apa dengan negara ku Wajah menangis, antigen bekas, vaksin palsu, suntikan vaksin kosong saat vaksin , dimana hati kalian weiiii",1
Pantasan banyak lansia yg disuntik tanpa obat vaksin di video alias hanya jarum suntikan yg ditusukan.tapi kosong. Ky ini yg dijual.pantas banyak org curiga.ternyata bener.,1
Mana vaksin nya kayak suntikan kosong gitu,1
"Relawan Vaksin Sinovac Positif COVID-19, Tim Riset Duga Suntikan Obat Kosong",1
"Relawan Vaksin Sinovac Positif COVID-19, Tim Riset Duga Suntikan Obat Kosong | Berita7",1
Beginilah klo Tukang Ngurus Ojek di jadikan Mendikbud Dulu di mana Nadiem Sekolahnya berapa Nilai Mata Pelajaran Sejarah nya Makanya kenapa bidang studi PSPB di HAPUS Jadi Buta Sejarah #ReshuffleNadiemMakarim,1
PDIP Kecam Rencana Mendikbud Nadiem Mau Hapus Mata Pelajaran Sejarah,1
"Agak krik aja pas tahu mendikbud mau hapus kurikulum sejarah, hadeeeh. Ya meski memang pelajaran itu dibawakan secara monoton saat SMP dan SMA. Sejarah pentingloh meski siswa anak IPA. Wawasan kebangsaan dan dunia kan dari ilmu sosial itu meski anak IPA gak mungkin ujung2 PKn.",1
"Kata Bung Karno: Bangsa besar adalah bangsa yang menghargai jasa para pahlawannya. Mendikbud : Hapus mata pelajaran sejarah dari kurikulum pendidikan. Lha, bagaimana bisa mengenal dan menghargai pahlawan tanpa belajar sejarah?",1
"Ga tau apa kerjanya. Awal2 gelar akademik ga dia anggap, skarang mo hapus pelajaran sejarah.. Baiknya org ini jadi Kang Ojol aja lagi !! ______________ Pelajaran Sejarah Bakal Dihapus, Wakil Ketua MPR: Mendikbud Buta Sejarah! https://news.demokrasi.co.id/pelajaran-sejarah-bakal-dihapus-wakil-ketua-mpr-mendikbud-buta-sejarah/?amp&__twitter_impression=true… https://m.bernas.id/71310-mendikbud-sebut-gelar-kelulusan-tidak-menjamin-kompetensi-pakar--nadiem-jangan-sembarangan-keluarkan-pernyataan.html",1
Mendikbud Wacanakan Hapus Pelajaran Sejarah,1
"Terkejut, Mendikbud Nadiem Bantah Rencana Hapus Pelajaran Sejarah Mendikbud Nadi",1
"PHK besar-besaran BCA segera terjadi, Teller dan CS akan dihilangkan. seluruh indonesia.",1
"Tanda2 hegemoni RIBA akan segera hancur..? Kemarin Bukopin gagal bayar deposito nasabah, Blm lama BCA pun demikian, Berlanjut berita hari ini pun ga kalah ngeri..Wajah ketakutan PHK besar-besaran BCA segera terjadi, Teller & CS akan dihilangkan seluruh indonesia.",1
Kabar yang menyebut BCA akan melakukan PHK besar-besaran beredar di media sosial Twitter pada Jumat (3/7). #viral,1
"Pandemic Global telah mempercepat Tsunama Disrupsi yang seharusnya datang 3-5 tahun lagi Oleh karena itu, makin banyak orang tidak siap. PHK besar-besaran BCA segera terjadi, Teller dan CS akan dihilangkan. Peluang rekrut CS dan…https://lnkd.in/g7U6kPH",1
BCA diterpa kabar tidak sedap. Bank papan atas Indonesia itu disebut akan melakukan PHK besar-besaran. #Bisnis #BCA ,1
"PHK besar-besaran BCA segera terjadi, Teller dan CS akan dihilangkan. Peluang rekrut CS dan Teller BCA seluruh indonesia. https://inews.id/finance/bisnis/bca-prediksi-kantor-cabang-tetap-ada-teller-hingga-cs-akan-hilang… Dampak Digitalisasi sejalan dg Rev. Industri 4.0.",1
Beberapa kasus pesepeda meninggal kehabisan nafas karena menggunakan masker telah diketahui banyak orang,1
Info di WAG Meninggal karena kurang oksigen... Menggunakan masker pada saat bersepeda Mohon info nya Resiko bersepeda dengan masker,1
Kembali lagi dikabarkan seorang pesepeda meninggal karena menggunakan masker. Seorang lelaki berasal dari Bekasi dikabarkan meninggal dunia akibat kekurangan oksigen karena mengenakan masker saat berkeliling menggunakan sepedanya.,1
"Beberapa hari ini sudah ada beberapa kasus orang meninggal dunia karena berolahraga menggunakan masker, khususnya bersepeda yang sekarang ini banyak di gemari oleh masyarakat.",1
3 anak SMP meninggal waktu pelajaran olahraga karena mrk berolahraga keras dengan tetap menggunakan masker! Kejadian ini membuat sekolah2 membuat aturan baru: JANGAN MEMAKAI MASKER WAKTU OLAHRAGA.,1
"Ada yang meninggal di saat olahraga dan menggunakan masker, karena kekurangan oksisgen....gue harap petugas PSBB nya diberi pendidikan yang benar dalam menerapkan PSBB terutama di saat orang sedang sendirian...jangan terkesan sewenang-wenang dan menimbulkan Antipati Masyarakat",1
"Belum lama ini seorang warga Bekasi dikabarkan meninggal dunia diduga karena kekurangan oksigen, karena mengenakan masker saat berkeliling menggunakan sepedanya. #TauCepatTanpaBatas",1
"Indonesia Punya Program 1 Suami 2 Istri, Mau ya… https://infoindonesia.id/hiburan/indonesia-punya-program-1-suami-2-istri-mau-ya/",1
"""Katanya indo mau bikin program 1 suami 2 istri menurutku wajar saja, coba di balik 1 istri 2 suami, bumi ga lama diadain programnya ancur tuh auto kiamat kubro"" #jadibetinamanutaja",1
Indonesia di adakan program 1 suami 2 istri setuju tidak? http://fb.me/SnCPg7MY,1
Indonesia di adakan program 1 suami 2 istri setuju tidak? http://ift.tt/2nlCM7i #SEARCH #SEO,1
"Program 1 suami 2 istri.. Boro2 dua istri,mimpi aja ga dpt 2 istri. Ini 1 aja ga nyampe2..",1
Iye.. Gerindra malah mau calonin ex napi koruptor buat jadi wagub dki pengganti ono.. eh uno,1
"Ex napi jadi wagub ? Wajah ketakutanWajah ketakutanWajah ketakutanhttps://news.detik.com/berita/d-4161231/m-taufik-jadi-kandidat-wagub-meski-eks-napi-ini-argumen-gerindra… Meski Taufik eks napi korupsi, Gerindra mengajukan namanya jadi kandidat wagub pengganti Sandi. ""Allah saja mahapemaaf, masak kita nggak memberikan maaf?""",1
Yah liat saja nanti. Gue lihat kader PKS tuh total..Direct Selling dor to dor biaya sendiri. Minimal kayak gini kagak ada. Lagian niat nggak sih jadi Presiden kalau jadimah Wagub nggak ada harganya. Jgn2x nggak pede jadi bela-belain ex Napi Koruptor.,1
Mudah2 an deh m.taufik dicalonkan Pak Prabowo jadi wagub dki ..58% warga jkt pasti mendukung lah...sejarah banget kan ex napi koruptor bisa jadi wagub,1
Sudahlah dek ga usah di urusi ex artis yg jadi anggota dewan tapi benar2 unfaedah dan bikin boros uang negara saja. Karena dia jd legislator ga ada manfaatnya bagi rakyat. Dia ga ngaca ex napi koruptor di angkat jadi Wagub DKI,1
"di negara koruptif seperti indonesia, seorang ex napi bisa jadi pimpinan dewan dan ngebet betul ingin jadi wagub. padahal kita tau, bagi maling tidak ada kapok dalam kamusnya",1
semoga dipertimbangkan kembali untuk menunjuk M Taufik Jadi Wagub DKI atas status nya sbg ex napi korupsi. Akan sangat banyak yg kecewa termasuk simpatisan PS-Sandi di LN yg sudah mati2an membela/mendukung PS-Sandi. say no to corruption!,1
"""Selamat Tinggal Sejarah Islam""Kemenag Menghapus Kurikulum Pendidikan Agama di Madrasah Kata Khilafah dan Jihad https://pesisirnews.com/NASIONAL/-quot-Selamat-Tinggal-Sejarah-Islam-quot-Kemenag-Menghapus-Kurikulum-Pendidikan-Agama-di-Madrasah-Kata-Khilafah-dan-Jihad#.Xfhzm6Vnxvp.facebook",1
Beredar kabar yang menyebutkan Kementerian Agama (Kemenag) menghapus Pendidikan Agama Islam dan Bahasa Arab dari kurikulum Madrasah. Kabar tersebut beredar di media sosial menyusul diterbitkannya surat edaran KMA No 183 tahun 2019. Adapun surat edaran … https://instagr.am/p/CCjLaR8Hz0A/,1
"bukti rezim ini pembenci islam .. walau cuma hanya diganti kata .. tp ini adlh bentuk cara menghilangkan islam dikit demi dikit ... ""Selamat Tinggal Sejarah Islam""Kemenag Menghapus Kurikulum Pendidikan Agama di Madrasah Kata Khilafah dan Jihad https://pesisirnews.com/NASIONAL/-quot-Selamat-Tinggal-Sejarah-Islam-quot-Kemenag-Menghapus-Kurikulum-Pendidikan-Agama-di-Madrasah-Kata-Khilafah-dan-Jihad#.XfiuXWXUK5J.twitter",1
"Kita jangan diam saja, hajar nih si Menag kok seenak jidatnya menghapus pend. Agama, perlu juga kita tahu, agama si Menag ini apa toh Selamat Tinggal Sejarah Islam""Kemenag Menghapus Kurikulum Pendidikan Agama di Madrasah Kata Khilafah dan Jihad https://pesisirnews.com/NASIONAL/-quot-Selamat-Tinggal-Sejarah-Islam-quot-Kemenag-Menghapus-Kurikulum-Pendidikan-Agama-di-Madrasah-Kata-Khilafah-dan-Jihad#.Xfhzm6Vnxvp.facebook",1
Mentri Nganu buat Gebrakan Gila pisan dia Ingin Menghapus Sejarah Perang dlm Kurikulum SKI dan mencabut pula Pendi2kan Agama dari UU Pesantern. Kayanya Pesanan agar dia terhindar Dari Kasus Jual Jabatan d kemenag yg menyeret nya,1
"Benar2 rezim anti islam, ingin menghilangkan sejarah yg merupakan ghiroh bagi umat untuk menegakkan syareat islam.. ""Selamat Tinggal Sejarah Islam""Kemenag Menghapus Kurikulum Pendidikan Agama di Madrasah Kata Khilafah dan Jihad http://babe.topbuzz.com/article/i6768289970370118145?app_id=1124&gid=6768289970370118145&impr_id=6768309066849011970&language=id&region=id&user_id=6751404811303224322&c=tw",1
"KHILAFAH MEMULIAKAN AJARAN ISLAM. Oleh: Syah Revolter Beredar berita bahwa Kemenag akan menghapus materi tentang 'perang' dari kurikulum madrasah. Alasannya, agar Islam tidak lagi dijuluki sebagai agama perang... https://facebook.com/100006241063280/posts/2401848053366540/",1
"Viral diBandung, di Kampus Ini Disebut Ada Sekte Pemuja Setan https://pastelink.net/1u67e #BeritaTerkini #beritajabar",1
kampus itenas jaman sy kuliah dlu trkenal dgn video asoy in the hoy. Sekarang trkenal dgn oknum mhs ritual pemuja setan. OMG,1
Heboh Aktivitas 'Ritual Pemuja Setan' di Kampus Itenas Bandung,1
Heboh Aktivitas 'Ritual Pemuja Setan' di Kampus Itenas Bandung https://nusawarta.info/2020/07/heboh-aktivitas-ritual-pemuja-setan-di.html,1
Heboh Aktivitas ‘Ritual Pemuja Setan’ di Kampus Itenas Bandung #Itenas #Bandung,1
"Gara2 ke doktrin omongan temen makan mie instan itu bikin kanker, sejak saat itu aku ga pernah nyicip mie instan lg",1
"Banyak manusia yang akhirnya bikin klaim kalau nasi dan/atau gula sebagai penyebab diabetes, jeroan sebagai penyebab kolesterol, tembakau bikin kanker, MSG bikin lemot, mie instan gak sehat, dan banyak lagi. https://instagram.com/p/CFDte49nEt5/?igshid=x1grhq00xsq1",1
"Sering denger kalimat ""yg berlebihan itu ga baik"" atau ""makan mie instan bisa bikin kanker"". Its true. Buat yg suka bgt makan mie instan, sering nunda lapar, dan langsung tiduran abis makan, WAJIB BACA INI! Wajah sedikit senyumhttps://today.line.me/ID/article/rvZ3nY?utm_source=ttshare… #LINETODAY",1
"Orang2 sering fokus dengan kecanduan narkoba, alkohol, sex. Mereka lupa, ada orang2 yang kecanduan makan mie instan. Gw salah satunya, tiap hari makan mie. Meski dari kecil dicekoki pengetahuan tentang bahaya mulai dari msg bikin bego, kanker, merusak otak, dll.",1
"Wkwk tau ga mie instan, dan segala micin2an yang kalian makan itu beresiko juga buat bikin kanker",1
"mie instan bahaya banget buat tubuh, bener2 bisa bikin kanker, ini kejadian sama tetangga ane, dan dia meninggal"" << ngeri broo..",1
Viral!!! Mohon Sebarkan Garam Mengandung Pecahan Kaca: http://youtu.be/iUbcv2-nT1s?a melalui,1
"Viral Video Berisi Tayangan Garam Beryodium Mengandung Pecahan Kaca, BPOM Turun Tangan http://jateng.tribunnews.com/2017/08/14/viral-video-berisi-tayangan-garam-beryodium-mengandung-pecahan-kaca-bpom-turun-tangan… lewat ",1
Aina Kaget Garam Miliknya Diisukan Mengandung Pecahan Kaca - Banjarmasin Post http://fb.me/5Y2bwZN2k,1
Aina Kaget Garam Miliknya Diisukan Mengandung Pecahan Kaca http://dlvr.it/PdJxkt,1
"Dari jaman dulu kantong teh celup disebut beracun, garam dapur yg katanya mengandung pecahan kaca, terus ada lgi beras yg katanya disintesis dari plastik, macem2 dah kearifan lokal warga indo",1
Firman diberi banyak garam oleh Dahlia. Tetapi ternyata pembeli gado2 Hana protes krn gado2nya mengandung pecahan kaca #JODOHWASIATBAPAK167,1
"HOAX, Berita Garam Mengandung Pecahan Kaca Beredar di Medos: NUSANTARAEXPRESS, BAGANSIAPIAPI – Beredar video di… http://dlvr.it/Pgj8tP",0
RT JadiTINGGI: Ceker dan sayap ayam bisa menyebabkan kanker untuk wanita? Cari infonya dis… https://pic.twitter.com/cNirvIq4Dz,1
Ceker dan sayap ayam bisa menyebabkan kanker untuk wanita?Cari infonya disini CS1: 2B56D627/081321489500 https://pic.twitter.com/3X68mhM0DA,1
"ceker, sayap dan kulit ayam bahaya buat wanita bisa menyebabkan kista, kanker, tumor :( Allhamdulilah gasuka begituan apalagi berbau2 kulit",1
Banyak yang share tentang: Makan sayap ayam n ceker ayam suntik bisa menyebabkan kanker rahim dan payudara... http://fb.me/1Ab4fOCmU,1
"Ternyata mengkonsumsi sayap dan ceker ayam bisa menyebabkan kanker ovarium, kanker serviks, dan kanker payudara.",1
"Yang khawatir dengan Isue ceker ayam dan sayap ayam dapat menyebabkan kanker. Coba dibaca link ini, adalah... http://fb.me/6K6JxQP2G",1
baru tau kalau konsumsi sayap dan ceker ayam terlalu banyak bisa menyebabkan kanker rahim o_O,1
Positif mengandung babi hehehe brp bulan tuh babi di dlm masako sachet,1
BUMBU MASAK/MAKANAN YANG MENGANDUNG BABI ATAU BARANG HARAM SEBAGAIMANA DAFTAR DI BAWAH INI: 1.Masako positif (mengandung babi) 2.Micin sasa positif (mengandung babi) 3.Micin ajinamoto positif (mengandung babi) 4.Indomie goreng bumbunya positif (mengandung babi),1
ati2 ta.bukan cuma efek micin tapi efek masako.denger2 mengandung kaldu babi.hahahahhà,1
idih masako sama royco mengandung minyak babi :D,1
"aku baru tau klo masako mengandung babi. Jadi selama ini orang tua babi adalah masako. :|""",1
"MUI Menerbitkan Daftar Bumbu Masakan Mengandung Babi, Ternyata Masako Positif Babi ",1
"Ternyata HOAX tuipss Kembali diviralkan ..padahal berita lama. MUI Menerbitkan Daftar Bumbu Masakan Mengandung Babi, Ternyata Masako Positif Babi Cek Fakta Ini",0
Katanya Revolusi Mental... Mental yang mana jika Miras bisa halal di jual bebas di Indonesia #Indonesia_Hancur,1
"Selama miras di indonesia halal ga akan deh australia bener"" ga mau kesini #baliboycott",1
"jika FPI dibubarkan, miras akan berubah jadi halal di Indonesia.",1
Akhirnya miras bakal di halal kan di indonesia,1
"Sebelum ada lampu hijau terhadap peredaran miras di beberapa daerah, di Indonesia sudah menjadi hal lumrah yang mengkonsumsinya, terutama kota2 besar. Bagi yang minat aja dan tidak ada paksaan. Jika kiranya haram jangan diminum, ada yang lebih halal selain miras, KENCING ONTA!",1
"Di saat Goodbener Indonesia kita melepas saham bir karena ingin pendapatan pemda yg halal... Eh gabener cebong dari ntt malah meresmikan miras, apakah ini hasil revolusi mental??? Eh bong karena elo mendukung... https://facebook.com/100000106775778/posts/2698720470141486/",1
*MAHASISWA* AKAN AKSI BESAR BESARAN dan mengundang masyarakat untuk turun aksi melawan *kezoliman* Tanggal 5 Juli 2021.,1
"Beredar Undangan Aksi Besar-besaran 5 Juli 2021: Mahasiswa Bergerak Lakukan Perlawanan, Suarakan Kebenaran #Mahasiswa #jokowi",1
BEM UI Bantah Akan Gelar Aksi Unjuk Rasa Besar-besaran pada 5 Juli Nanti https://tribunnews.com/nasional/2021/07/03/bem-ui-bantah-akan-gelar-aksi-unjuk-rasa-besar-besaran-pada-5-juli-nanti…,1
BEM UI Bantah Akan Gelar Aksi Unjuk Rasa Besar-besaran pada 5 Juli Nanti,1
"Beredar Undangan Aksi Besar-besaran 5 Juli 2021: Mahasiswa Bergerak Lakukan Perlawanan, Suarakan Kebenaran https://harianterbit.com/read/137747/Beredar-Undangan-Aksi-Besar-besaran-5-Juli-2021-Mahasiswa-Bergerak-Lakukan-Perlawanan-Suarakan-Kebenaran… #Mahasiswa #jokowi",1
ini adalah aksi melawan kezoliman & kesewenangan institusi yg zolim,1
aksi damai bergandengan tangan semua komponen..akan membuat rantai manusia panjang melawan kezoliman,1
Bareskrim ringkus penjual kripik jamur bernarkoba: Penyidik Direktorat Tindak Pidana Narkoba Bareskrim Polri… https://goo.gl/fb/ZgY4bH,1
Bareskrim Ringkus Penjual Kripik Jamur Bernarkoba Penyidik Direktorat Tindak Pidana Narkoba Bareskrim Polri meringk…https://lnkd.in/f3Asdw4,1
"*WASPADALAH KRIPIK NARKOBA BERBAHAN JAMUR KOTORAN HEWAN BEREDAR , PERACIK NYA TELAH DI RINGKUS BARESKRIM POLRI* http://oborkeadilan.com/2017/10/sukses-peredaran-kripik-narkoba_28.html?m=1",1
"Waspada, Kripik Jamur Kemasan Positif Mengandung #Narkoba https://goo.gl/fb/tysFbN #kesehatan #bnnpjatim #kripikjamur #narkotika",1
"#Nasional Hati-hati, Beredar Kripik Jamur Mengandung Narkoba - Tribunnews http://dlvr.it/PyLKPk #BPN_FreeDrug",1
Berita Terkini: Gila! Kripik ‘Narkoba’ Jamur Masih Bisa Beredar di Masyarakat,1
Berita Terbaru: Gila! Kripik ‘Narkoba’ Jamur Masih Bisa Beredar di Masyarakat: SURABAYA |… https://goo.gl/fb/9Yrgye,1
"*BIAYA tilang terbaru di indonesia*: *KAPOLRI BARU MANTAB* Sebagai berikut : 1. Tidak ada STNK Rp. 50, 000 2. Tdk bawa SIM Rp. 25,000 3. Tdk pakai Helm Rp. 25,000 4. Penumpang tdk Helm Rp. 10,000 5. Tdk pake sabuk Rp. 20,000 6. Melanggar lampu lalin - Mobil Rp. 20,000",1
"- Motor Rp. 10.000 7. Tdk pasang isyarat mogok Rp. 50,000 8. Pintu terbuka saat jalan Rp. 20,000 9. Perlengkapan mobil Rp. 20,000 10. Melanggar TNBK Rp. 50,000 11. Menggunakan HP/SMS Rp. 70,000 12. Tdk miliki spion, klakson - Motor Rp. 50,000 - Mobil Rp. 50,000",1
"*BIAYA tilang terbaru di indonesia*: *KAPOLRI BARU MANTAB* 1. Tidak ada STNK Rp. 50, 000 2. Tdk bawa SIM Rp. 25,000 3. Tdk pakai Helm Rp. 25,000 4. Penumpang tdk Helm Rp. 10,000 5. Tdk pake sabuk Rp.... https://facebook.com/100005398750542/posts/1276647282525218/",1
"BIAYA tilang terbaru di indonesia: Kapolri baru mantap 1. Tidak ada STNK Rp. 50,000 2. Tdk bawa SIM Rp. 25,000 3. Tdk pakai Helm Rp. 25,000 4. Penumpang tdk Helm Rp. 10,000 5. Tdk pake sabuk Rp. 20,000 6.... https://facebook.com/100002466882536/posts/3493632527395609/",1
"BIAYA tilang terbaru di indonesia: Kapolri baru mantap 1. Tidak ada STNK Rp. 50,000 2. Tdk bawa SIM Rp. 25,000 3. Tdk pakai Helm Rp. 25,000 4. Penumpang tdk Helm Rp. 10,000 5. Tdk pake sabuk Rp.... https://facebook.com/100000300491413/posts/2995870873766233/",1
"BIAYA tilang terbaru di indonesia: Kapolri baru mantap 1. Tidak ada STNK Rp. 50,000 2. Tdk bawa SIM Rp. 25,000 3. Tdk pakai Helm Rp. 25,000 4. Penumpang tdk Helm Rp. 10,000 5. Tdk pake sabuk Rp.... https://facebook.com/100003911120311/posts/1539567386183617/",1
"Info Lalu lintas BIAYA tilang terbaru di indonesia: Kapolri baru mantap 1. Tidak ada STNK Rp. 50,000 2. Tdk bawa SIM Rp. 25,000 3. Tdk pakai Helm Rp. 25,000 4. Penumpang tdk Helm Rp. 10,000 5. Tdk pake... https://facebook.com/100001717500787/posts/2548156071918285/",1
"Bahaya, Kangkung Bisa Mengandung Lintah http://dlvr.it/PGWVgk",1
Bahaya Sayuran kangkung mengandung LINTAH http://fb.me/2SisK70Eq,1
Adnan TeKaJe2: Bahaya Sayuran kangkung mengandung LINTAH: http://adnan-tekaje2.blogspot.com/2013/02/bahaya-sayuran-kangkung-mengandung.html,1
Anak Ini Meninggal Karena Makan Sayur Kangkung Mengandung Lintah: Anak Ini Meninggal Karena Makan Sayur Kangku... http://bit.ly/1179hX2,1
KANGKUNG MENGANDUNG LINTAH??? http://fb.me/29E0y7SSC,1
Bahaya Sayuran kangkung mengandung LINTAH ~ Adnan TeKaJe2 http://fb.me/1iKKwX305,1
"Ewww.. Jadi takut makan kangkung! ""Kangkung mengandung telur lintah, dan tidak akan mati, trus tumbuh di Lambung manusia?""",1
WowTangan melipat Diam-Diam David Beckham Ke Wamena-Papua - Potret Anak Melanesia,1
Diam-Diam David Beckham Ke Wamena-Papua - Potret Anak Melanesia,1
Potret Anak Melanesia: Diam-Diam David Beckham Ke Wamena-Papua:,1
Potret Anak Melanesia: Diam-Diam David Beckham Ke Wamena-Papua https://potretanakmelanesia.blogspot.com/2016/02/diam-diam-david-beckham-ke-wamena-papua.html?m=0,1
Diam-Diam David Beckham Ke Wamena-Papua - Potret Anak Melanesia https://potretanakmelanesia.blogspot.com/2016/02/diam-diam-david-beckham-ke-wamena-papua.html?m=0,1
Potret Anak Melanesia: Diam-Diam David Beckham Ke Wamena-Papua http://fb.me/19BL6av5Q,1
"Remaja 14 Tahun Alami Gangguan Syaraf, Diduga Terlalu Lama Main Game Online",1
"Remaja 14 Tahun Alami Gangguan Syaraf, Diduga Terlalu Lama Main Game Online https://bonsaibiker.com/2021/03/17/remaja-14-tahun-alami-gangguan-syaraf/",1
"Remaja 14 Tahun Alami Gangguan Syaraf, Diduga Terlalu Lama Main Game Online",1
"Tubuhnya Tak Bisa Diam, Remaja di Aceh Diduga Gangguan Saraf Akibat Kebanyakan Main Game",1
"Tubuhnya Tak Bisa Diam, Remaja di Aceh Diduga Gangguan Saraf Akibat Kebanyakan Main Game #RancahPost",1
Heboh! Remaja Aceh diduga gangguan saraf gegara kebanyakan main game online,1
"Dipercayai ketagihan main ‘Online Game', budak 12 tahun dilapor meninggal dunia akibat gangguan saraf - https://beritaperak.com/?p=4613",1
Gadis manusia setengah ular gemparkan Thailand https://buanatv.com/2020/01/gadis-manusia-setengah-ular-gemparkan.html,1
Gadis Ular Gemparkan Thailand https://helloworld-ntjsvrx6uq-an.a.run.app/aHR0cCUzQSUyRiUyRnc5bm5sOS5jbiUyRkU2Tm42MWtMcTZ4aQ%3D%3D,1
Kisah Aneh dan Pelik: Gadis Ular Gemparkan Thailand http://wuyangxuan.net/26kZO3I2X7Fd,1
BIAR BETUL!! Gadis Ular Ini Gemparkan Penduduk Thailand... #update #viral http://fb.me/3ZFRcd793,1
Cerita Terkini : Gadis ular gemparkan Thailand: http://critaa.blogspot.com/2014/01/gadis-ular-gemparkan-thailand_28.html,1
"Gadis Ular Gemparkan Thailand.. Gadis berusia 8 tahun, Mai Li Fay, dari Bangkok,adalah jauh dari kehidupan biasa..",1
"Pare dapat membunuh sel kanker !!! Potong 2-3 irisan tipis pare taruh dalam gelas,tuang air panas, air akan menjadi alkalin(basa),minum setiap hari,terhadap siapapun akan bermanfaat. Tdk membunuh SEL SEHAT !",1
"Selamat Pagi Indonesia Pare dapat membunuh sel kanker! Potong 2-3 irisan tipis pare taruh dalam gelas,tuang air panas, air akan menjadi alkalin(basa),minum setiap hari,terhadap siapapun akan bermanfaat.",1
"Petani Desa Air Duren Panen Sayuran Pare, Tumbuhan Ini Dipercaya Membunuh Sel Kanker - Pos Belitung http://dlvr.it/Qy3S2B",1
"kasiat air PARE Pare dapat membunuh sel kanker! Potong 2-3 irisan tipis pare taruh dalam gelas,tuang air panas, air akan menjadi alkalin(basa),minum setiap hari,terhadap siapapun akan bermanfaat. Air panas...",1
"Pare dapat membunuh sel kanker! Potong 2-3 irisan tipis pare taruh dalam gelas, . tuang air panas, air akan menjadi alkalin(basa), . minum setiap hari,terhadap siapapun akan bermanfaat. Air panas pare tsb akan... https://facebook.com/keeke2810/videos/2014763278833933/",1
"AIR PANAS PARE DAPAT MEMBUNUH SEL KANKER [MISINFORMASI] Beredar pesan berantai, bahwa Air pare yang panas dapat membunuh sel kanker. Hasil penelusuran JSH ke sumber-sumber terkait, bahwa berita ini adalah misinformasi. Selengkapnya di http://bit.ly/2ATz3aF",0
Ada beberapa manfaat rutin minum air rebusan pare untuk kesehatan seperti mengobati kanker. #pare,1
( obat herbal ) jus daun pepaya ternyata bisa mengobati DBD http://bit.ly/1J7k1xM,1
"Jus Daun Pepaya, Obat DBD Alternatif.. Bantu Share Ya... http://fb.me/7yxQSyCTF",1
"Dok, jus daun pepaya jg bagus buat paru² basah jg obat DBD. Emang sihh pait banget, tp efeknya cepet turunin demam. Caranya : 2 lembar daun pepaya. Tumbuk/uleg halus banget, jgn dicampur air, peras. Hasilnya cuma 1 ~ 2 sdm, minum setiap pagi pas perut masih kosong. Sehari 1x.",1
"Ada obat dbd yang insyaallah ampuh ka , daun pepaya yang gak muda gak terlalu tua di press 20 biji trus di ancurin seperti jus trus di minumin 3 kali dalam sehari , insyaallah sembuh ka , soalnya om saya kemarin kena DBD pake itu",1
( obat herbal ) jus daun pepaya ternyata bisa mengobati DBD http://dlvr.it/8X6Rjs,1
"Bantu Share yaa... Jus Daun Pepaya, Obat DBD Alternatif.. http://fb.me/2HtziiATD",1
"Jus Daun Pepaya, Obat DBD Alternatif http://bit.ly/1E6BgbA",1
Ayo tusuk jari swami anda sbg pertolongan pertama stroke,1
Pertolongan Pertama Stroke: tusuk ujung jari/bagian bawah daun telinga dgn jarum steril/dibakar untuk meminimalisir pecahnya pembuluh darah.,1
Info pertolongan stroke update Buat yg kemarin ada posting ttg pertolongan pertama untuk Stroke dgn tusuk jari… — https://path.com/p/2IzMzC,1
"Pertolongan pertama pada penderita stroke: tusuk ujung jari (tengah, jempol, manis, kelingking) pd kedua tangan dengan jarum",1
"Pertolongan pertama pada penderita stroke: tusuk ujung jari (tengah, jempol, manis, (cont) http://tl.gd/gq3kan",1
"pertolongan pertama untuk stroke apa ya dok, jari tusuk jarum kah",1
Banyak yang percaya bahwa tusuk jari adalah pertolongan pertama yang paling tepat saat serangan stroke terjadi. Padahal faktanya hal tersebut tidak membantu penderita mengurangi rasa sakitnya lho justru bisa membuat orang yang mengalaminya semakin menderita...,0
"Pemimpin tertinggi FPI Rizieq Shihab resmi masuk ke dalam daftar orang paling berbahaya di dunia, interpol bahkan memasukkan pria berkacamata tersebut ke dalam daftar hitam dan orang yang paling di cari oleh pihak interpol sejak 2017 silam.",1
FPI masuk daftar hitam Interpol Internasional sebagai Ormas ilegal terlarang FPI satu barisan dengan Teroris ISIS,1
FPI masuk daftar hitam Interpol Internasional sebagai Ormas ilegal terlarang. FPI satu barisan dengan Teroris ISIS,1
FPI masuk daftar hitam interpol internasional sebagai ormas ilegal terlarang. FPI satu barisan dengan Teroris ISIS. FPI Ngehoax Ditengah Pandemi #FPIBibitTerorisme,1
FPI MASUK DALAM DAFTAR HITAM INTERPOL Internasional sebagai Ormas ilegal TERLARANG. FPI SATU BARISAN dengan Teroris ISIS #NegaraDamaiTanpaFPI Dunia Internasional Kategorikan FPI Sebagai Organisasi Teroris. ,1
Fakta FPI Masuk Daftar Hitam Interpol Sebagai Ormas Ilegal Terlarang. #FPITerlarang,1
"FPI MASUK DALAM DAFTAR HITAM INTERPOL Internasional sebagai Ormas ilegal TERLARANG. FPI SATU BARISAN dengan Teroris ISIS #NegaraDamaiTanpaFPI ••• Dunia Internasional Kategorikan FPI Sebagai Organisasi Teroris, Benarkah. http://jabar.suara.com/read/2020/11/2… ",1
"Berarti hampir sama seperti kisah zombie.... Pemutar balikan fakta dan sejarah. Orang US menggambarkan sosok zombie yang haus darah, dan mayat hidup. Padahal zombie adalah seorang pahlawan Islam disana",1
"Sama halnya seperti Zombie. Asal kata Zombie sebenarnya adalah nama seorg pahlawan islam di Brazil. Ia merupakan komandan pasukan islam, dan bahkan sukses mendirikan daulah islamiyyah di Brazil ",1
Nama pahlawan itu adalah - Zombie. Para penjarah Kristian yang merasakan Islam di Brazil telah mati tetiba tersentak. Rupanya Islam belum mati. Zombie telah menghidupkan Islam kembali di bumi Brazil dan oleh itu pasukan Salibi pun segera menjadikan Zombie sebagai sasaran.,1
Ternyata Zombie adalah Nama Pahlawan Islam di Brazil https://bengkulutoday.com/ternyata-zombie-adalah-nama-pahlawan-islam-di-brazil,1
Ternyata Zombie adalah Pahlawan Islam http://dlvr.it/QzvmNs,1
Ternyata Zombie adalah Pahlawan Islam : KOMANDAN DAN KEJAYAAN ISLAM DI BRAZIL http://dlvr.it/QpCBcl,1
ZOMBIE ADALAH PAHLAWAN ISLAM yang Sengaja Dibuat Jelek Dalam Film Barat Apa yang terlintas dalam pikiran Anda... https://fb.me/Y3FhSFTD,1
"“Semua aktifitas HP dll….terpantau 100% Mulai besok dan seterusnya ada peraturan komunikasi baru. Setelah dilantiknya Badan Siber Sandi Nasional (BSSN), oleh Bpk Jokowi, Presiden NKRI: .Semua panggilan dicatat. .Semua rekaman panggilan telepon tersimpan. ",1
"Semua aktifitas HP dll....terpantau 100% Mulai besok dan seterusnya ada peraturan komunikasi baru. Setelah dilantikn ya Badan Siber & Sandi Nasional (BSSN), oleh Bpk Jokowi , Presiden NKRI: Semua panggilan... https://facebook.com/100002844443492/posts/1876034702501326/",1
"Semua aktifitas HP dll....terpantau 100% Mulai besok dan seterusnya ada peraturan komunikasi baru. Setelah dilantikn ya Badan Siber & Sandi Nasional (BSSN), oleh Bpk Jokowi , Presiden NKRI: .Semua panggilan... https://facebook.com/100004048294478/posts/1582743805203881/",1
"u*Semua aktifitas HP dll....terpantau 100%* *Mulai besok Senin, 18 Maret 2019 dan seterusnya ada peraturan komunikasi baru.* *Setelah dilantikn ya Badan Siber & Sandi Nasional (BSSN), oleh Bpk Jokowi , Presiden... https://facebook.com/FitKom.SKom/posts/10213228321601489",1
"*Semua aktifitas HP dll.... Terpantau 100%* *Mulai besok dan seterusnya ada peraturan komunikasi baru.* *Setelah dilantiknya Badan Siber & Sandi Nasional (BSSN), oleh Bpk Jokowi , Presiden NKRI:* *.Semua... https://facebook.com/100000601578298/posts/2548993365130691/",1
"*SEKILAS IMPO* *PERHATIAN.* Semua aktifitas HP dll....terpantau 100%* *Mulai besok dan seterusnya ada peraturan komunikasi baru.* *Setelah dilantikn ya Badan Siber & Sandi Nasional (BSSN), oleh Bpk Jokowi... https://facebook.com/100004540412947/posts/1091876050973732/",1
"Semua aktifitas HP dll....terpantau 100% Mulai besok dan seterusnya ada peraturan komunikasi baru. Setelah dilantikn ya Badan Siber & Sandi Nasional (BSSN), 17 Mei 2018 , oleh Bpk Jokowi , Presiden NKRI:... https://facebook.com/100000816211347/posts/1793229927380864/",1
Tips Memutihkan Kulit Ketiak Hitam dengan Minyak Kayu Putih,1
Tips Memutihkan Kulit Ketiak Hitam dengan Minyak Kayu Putih – http://Fimela.com https://masasih.id/kesehatan/tips-memutihkan-kulit-ketiak-hitam-dengan-minyak-kayu-putih-fimela-com/,1
Tips Memutihkan Kulit Ketiak Hitam dengan Minyak Kayu Putih http://dlvr.it/RGwhJR,1
Tips Memutihkan Kulit Ketiak Hitam dengan Minyak Kayu Putih https://newsmedia.co.id/tips-memutihkan-kulit-ketiak-hitam-dengan-minyak-kayu-putih/?utm_source=dlvr.it&utm_medium=twitter,1
Memutihkan Ketiak dengan Minyak Kayu Putih,1
"Zalim, Ketika Sertifikasi Halal Dihapus Oleh : Heni Andriani  Ibu Pemerhati Umat dan Member Akademi Menulis Kreatif  #AlQuranHargaMati",1
"Zalim, Ketika Sertifikasi Halal Dihapus Oleh : Heni Andriani  Ibu Pemerhati Umat dan Member Akademi Menulis Kreatif  ",1
*Innalillahi...pasal 14 UU No.33 thn 2014 ttg Jaminan Produk Halal dihapus.oleh pemerintah. Sebagaimana l3mbaga MUI adalah sebagai lembaga sertifikasi halal produk utk muslim diindonesia. Siap siap akan banjir barang produk apapun yg tidak jelas halalnya.,1
"Beberapa poin krusial dalam UU Ciptaker tentang sertifikasi halal dan auditor halal yang dihapus, sangat mempertaruhkan kehalalan produk. Terlebih lagi peran MUI yang direduksi oleh pemerintah. Begitulah jika negara berlandaskan pada #kapitalisme https://facebook.com/646175532097434/posts/3311345658913728/",1
Tapi kewajiban sertifikasi halal dihapus di omnibus law? Ironi banget pak,1
"Sertifikasi Halal Dihapus, Harapan Rakyat Menjadi Pupus - https://muslimahnews.com/2020/02/11/sertifikasi-halal-dihapus-harapan-rakyat-menjadi-pupus/?utm_campaign=Share+MuslimahNews&utm_medium=twitter&utm_source=socialnetwork…",1
"Sertifikasi Halal Dihapus, Harapan Rakyat Menjadi Pupus – Muslimah News - https://muslimahnews.com/2020/02/11/sertifikasi-halal-dihapus-harapan-rakyat-menjadi-pupus/?utm_campaign=Share+MuslimahNews&utm_medium=twitter&utm_source=socialnetwork",1
Mata Anak Ini Mendadak Juling Akibat Main Game di Ponsel 10 Jam Tiap Hari https://health.detik.com/true-story/d-4674143/mata-anak-ini-mendadak-juling-akibat-main-game-di-ponsel-10-jam-tiap-hari?utm_content=detikhealth&utm_term=echobox&utm_medium=oa&utm_campaign=detikcomsocmed&utm_source=Facebook#Echobox=1566357415,1
Mata Anak Ini Mendadak Juling Akibat Main Game di Ponsel 10 Jam Tiap Hari https://ift.tt/2zdhyAI,1
Mata Anak Ini Mendadak Juling Akibat Main Game di Ponsel 10 Jam Tiap Hari http://dlvr.it/RBbNS7,1
Mata Anak Ini Mendadak Juling Akibat Main Game di Ponsel 10 Jam Tiap Hari | Teras Jabar http://bit.ly/30jLx69,1
Mata Anak Ini Mendadak Juling Akibat Main Game di Ponsel 10 Jam Tiap Hari https://shioularcantik.blogspot.com/2019/08/mata-anak-ini-mendadak-juling-akibat.html,1
RACUN DARI NASI Keluarkan nasi dari rice cooker kalau sdh matang. Kalau lebih dari 12 jam menjadi pemicu diabetes.H Kebiasaan yang Jadi Pemicu Anak Menderita Kanker dan Diabetes Hari ini saya cukup Shock.... https://facebook.com/100000577968150/posts/3111428212219747/,1
RACUN DARI NASI Keluarkan nasi dari rice cooker kalau sdh matang. Kalau lebih dari 12 jam menjadi pemicu diabetes.H Kebiasaan yang Jadi Pemicu Anak Menderita Kanker dan Diabetes Hari ini saya cukup Shock.... https://facebook.com/100000547860249/posts/2860790133949221/,1
Keluarkan nasi dari Rice Cooker kalau sudah matang karena jika disimpan lebih dari 12 jam akan menjadi pemicu Diabetes H,1
"RACUN DARI NASI MUDAH2AN GA BOSAN BACAX YA !!! Keluarkan nasi dari rice cooker kalau sdh matang, Kalau lebih dari 12 jam menjadi pemicu diabetes. Kebiasaan yang Jadi Pemicu Anak Menderita Kanker dan Diabetes... https://facebook.com/100001847510593/posts/2836814096390146/",1
RACUN DARI NASI #copasDariFP Keluarkan nasi dari rice cooker kalau sudah matang. Kalau lebih dari 12 jam menjadi pemicu diabetes. Kebiasaan yang Jadi Pemicu… https://instagram.com/p/Bu5U9k3HIn1p_ngeFruuP8HHEdza32tpR8JZUU0/?utm_source=ig_twitter_share&igshid=jlrc6qr6pkkp,1
RACUN DARI NASI Keluarkan nasi dari rice cooker kalau sdh matang. Kalau lebih dari 12 jam menjadi pemicu diabetes.H Kebiasaan yang Jadi Pemicu Anak Menderita Kanker dan Diabetes Hari ini saya cukup Shock.... https://facebook.com/937731209633685/posts/2277218075684985/,1
RACUN DARI NASI Keluarkan nasi dari rice cooker kalau sdh matang. Kalau lebih dari 12 jam menjadi pemicu diabetes.H Kebiasaan yang Jadi Pemicu Anak Menderita Kanker dan Diabetes Hari ini... https://facebook.com/story.php?story_fbid=1947522561924852&id=100000013801790,1
goo.gl/e25ksj Polres Banyumas Ungkap Produksi Gula Merah Palsu,1
"Menjelang Ramadhan 2017 ini, Kepolisian Resor Banyumas, Jawa Tengah mengungkap praktek produksi gula merah palsu. … http://bit.ly/2pSkagf",1
playlist http://youtu.be/_gvp-0TSR8I?a NET JATENG - PRODUKSI GULA MERAH PALSU,1
Polisi Banyumas Ungkap Produksi Gula Merah Palsu http://dlvr.it/P8LWZC,1
Polres Banyumas Ungkap Kasus Produksi Gula Merah Palsu http://jowonews.com/2017/05/15/polres-banyumas-ungkap-kasus-produksi-gula-merah-palsu/,1
Polisi ungkap produksi gula merah palsu http://dlvr.it/P8KF5s,1
"Bupati Banyumas Achmad Husein memastikan saat ini tidak ada lagi produksi maupun peredaran gula merah palsu di Kabupaten Banyumas, Jawa Tengah. http://hukumbisnis.net/read/771/index.html#.XrABxzWpMEU.twitter",0
Sidoarjo : Mayat baru dimasukan di liang lahat langsung terbakar padahal belum sampai ditutup papan penutup. Subhanallah ya Allah. Dosa apakah yg dia lakukan sehingga begitu cepat engkau… https://instagram.com/p/BxAsmANAmBj/?utm_source=ig_twitter_share&igshid=1d9b4lzwdab6o,1
Wallahua'lam... kita ambil hikmahnya dari kejadian ini... . Sidoarjo : Mayat baru dimasukan di liang lahat langsung terbakar padahal… https://instagram.com/dwiputrafandhii/p/BxB9eMqAy1o/?utm_source=ig_twitter_share&igshid=nzakeeyon9ry,1
Sidoarjo : Mayat baru dimasukan di liang lahat langsung terbakar padahal belum sampai ditutup papan penutup. Subhanallah ya Allah. Dosa apakah yg dia lakukan sehingga begitu cepat engkau… https://instagram.com/p/BxEpN93Fk-9/?utm_source=ig_twitter_share&igshid=11vflj4ujnku8,1
Mayat sebelum di kubur terbakar di liang lahat.Hati - hati bagi yang berbuat curang dan tidak amanah . Semoga Allah mengampuni dosa kita . Doa mustajab di bulan Ramadhan . Selamat menunaiakan ibadah puasa,1
"Mayat baru dimasukan di liang lahat langsung terbakar padahal belum sampai ditutup papan penutup. Subhanallah ya Allah. Dosa apakah yg dia lakukan sehingga begitu cepat engkau perlihatkan dgn orang2 yg masih hidup, subhanallah. Makanya Hukum Karma berlaku. https://twitter.com/gncp_demak/status/1125057921807556608/video/1",1
"[SALAH] ""Sidoarjo : Mayat baru dimasukan di liang lahat terbakar"" Bukan kejadian di Sidoarjo, video yang dibagikan sudah diunggah sebelumnya oleh pengguna YouTube dari India. Selengkapnya di http://bit.ly/2IDxNwz #LawanHoax",0
"DI SIDOARJO ADA MAYAT LANGSUNG TERBAKAR DI LIANG LAHAT PADAHAL BELUM DITUTUP [DISINFORMASI] Berdasarkan laporan yang JSH terima, warginet mengirimkan capture postingan sebuah akun di FB yang bernama DPP FRONT PEMANTAU KRIMINALITAS (FPI) Selengkapnya di http://bit.ly/2WswCEx",0
"Itu bagus kebijakannya padahal, salah satu mengisi kas negara yang kosong",1
"Semua anggaran dikorupsi.pas keadaan darurat kas negara kosong, akhirnya jalan keluar ya ngutang..... reformasi hanyalah isapan jempol belaka.!!!",1
"#PakPresidenKapanMundur? #PPKM_Darurat Vaksin berbayar Negara Bangkrut Kas Kosong Moeldoko, Pesimis Keadaan tak Terkendali. #Jualan_IVM_Ivermectin gak lancar.. Dunia Intl sdh tau, Dana belanja Berat..Hrs Utang lagi, Konsesi yg hrs di gadai ke China (+) Bisa di makzulkan nih..",1
Oh in vaksin hibah dari kadrun..lumayan lah dijual buat isi kas negara yg kosong..buat bayar utang...terus kan nanti tambah lagi dr pajak tukang bakso..,1
Para buzzer pemecah belah...pengalih isue..jelas2 nkri lg sekarat..kas negara kosong. Ga ush kadrun ama cebong lg..udh basee itu..ciptaan buzzer..loe cinta nkri hrsnya prihatin sama utang yg ugal2an #RakyatBersamaJokowi,1
"https://gelora.co/2021/07/luhut-mati-semua-rakyat-kalau-kita.html?m=1… Gelora.. Luhut,mati semua rakyat kalau kita lock download Jgn banyak ngeles pung..bilang aja kas negara lg kosong Habis urusan",1
"Ngeliat harimau yang endut gitu, jadi keinget tweet tentang kebun binatang di indonesia yang mulai gak bisa kasih makan satwa nya. Harimaunya kurus banget, krempeng sampe keliatan bentuk tulangnya",1
"mana ada hewan2 yang terawat di indonesia yang ga dihabitat aslinya, liat tuh para hewan di kebun binatang, kurus semua dengan alasan ga ada pengunjung, mending juga di habitat aslinya ekosistem jalan",1
"Ternyata Tidak Hanya Beruang, Ini Foto-foto Hewan Kurus Kebun Binatang di Indonesia http://dlvr.it/N8myLr #BeritaJabar",1
"Katanya kebun binatang tertua di Indonesia,ngurus satwa begitu aja gak becus.mungkin makanan satwanya dikorupsi makanya pada kurus trs mati",1
#Harimau #Indonesia Harimau di salah-satu kebun binatang Indonesia ini kurus kering seperti tidak ada… http://instagram.com/p/bb7fWAhUE4/,1
"Ternyata Tidak Hanya Beruang, Ini Foto-foto Hewan Kurus Kebun Binatang di Indonesia http://dlvr.it/N8mSfd",1
"Ternyata Tidak Hanya Beruang, Ini Foto-foto Hewan Kurus Kebun Binatang di Indonesia #TribunJabar http://fb.me/1HF7EQyrd",1
Alhamdulillah TNI betul cinta rakyat,1
Yg mau demo mending minta Pendampingan TNI https://m.cnnindonesia.com/nasional/20190926064602-20-434115/mahasiswa-minta-dikawal-demo-ke-mabes-tni-arahkan-ke-kodam… Kepala Pusat Penerangan Mabes TNI Mayjen Sisriadi mengatakan bahwa mahasiswa bisa meminta bantuan ke komando daerah militer (kodam) jika ingin didampingi saat menggelar unjuk rasa.,1
https://m.cnnindonesia.com/nasional/20190926064602-20-434115/mahasiswa-minta-dikawal-demo-ke-mabes-tni-arahkan-ke-kodam… Kepala Pusat Penerangan Mabes TNI Mayjen Sisriadi mengatakan bahwa mahasiswa bisa meminta bantuan ke komando daerah militer (kodam) jika ingin didampingi saat menggelar unjuk rasa. Jangan lupa untuk minta Pendampingan TNI !!,1
"Afwan, baarokalloohu fik ...... KAPUSPEN MABES TNI MAYJEN SISRIADI Mengatakan ..... Bahwa MAHASISWA bisa minta BANTUAN ke KODAM jika ingin di dampingi saat gelar UNJUK RASA. Dia menyebut KEWENANGAN itu sudah bukan… https://instagram.com/p/B3M1SwspVJy/?igshid=8qqndx3rh61e",1
"#IndonesiaSiapPeoplePower #IndonesiaSiapPeoplePower Afwan, baarokalloohu fik ..... KAPUSPEN MABES TNI MAYJEN SISRIADI Mengatakan .... Bhw MAHASISWA bisa minta BANTUAN ke KODAM jk ingin di dampingi saat gelar UNJUK RASA rabu besok. Dia mnyebut KEWENANGAN itu sdh ",1
"RAKYAT Kami tak dilatih untuk membunuh MAHASISWA KAMI ada karena KAMI MENJAGA RAKYAT DAN NEGARA INDONESIA, TNI ADALAH ANAK KANDUNG RAKYAT, RAKYAT ADALAH IBU KANDUNG TNI BRAVO TNI",1
"[SALAH] “MAHASISWA bisa minta BANTUAN ke KODAM jika ingin di dampingi saat gelar UNJUK RASA” Pelintiran daur ulang. Kapuspen TNI: pengawalan demonstrasi kewenangan Polri, TNI membantu jika memang tenaga polisi tidak cukup. Selengkapnya di https://bit.ly/2YLE0yu #LawanHoax",0
Pdhl p Mldk dikelilingi taipan maha kaya.Sebut salah satu: Datuk Sri Tahir pembina brimob.Kalo bikin partai sendiri tidak sulit.Terhormat.(Jawa:Kajen.)Dihargai orang.Ketimbang merampok partai orang.Memalukan.,1
"Alhamdulillah benar itu..dan bapak pembina brimob adah tahir, bos besar mayapada group...",1
"Datuk sri tahir dgn nama asli ""Ang Tjoeng Ming"" dia adalah pembina Brimob Polri. Mungkinkah keberingasan brimob dikarenakan pengaruh dari ang tjoeng ming?",1
"Tanyakan pd pembina Brimob Datuk Tahir, salah satu Taipan 9 naga penyokong dana terbesar rezim berkuasa saat ini.",1
"Pembina Brimob saat ini adalah Thahir Nama aslinya Ang Tjoeng Ming Boss Mayapada Group sekaligus ipar James Riyadi Boss Lippo Group Wajah terkejutGila broo.. Taipan jd pembina Kepolisian, kyk tdk ada lagi org Pribumi yg mamapu Membina di Kepolisisan Wajah murung#StopKriminalisasiParaPurnawirawan",1
"Perlu diketahui, bahwa pembina brimob saat ini adalah Thahir nama aslinya Ang Tjoeng Ming. Dia adalah boss mayapada group sekaligus sodara ipar James Riyadi boss lippo group. Fix ya sekarang kalian tau siapa pembina polisi. Gile Ccuuyy Taipan jadi pembina di Kepolisian.",1
"Perlu diketahui, bahwa pembina brimob saat ini adlh Thahir nama aslinya Ang Tjoeng Ming. Dia adlh boss mayapada group sekaligus sodara ipar James Riyadi boss lippo group. Fix ya skg kalian tau siapa pembina polisi. Gila Taipan jadi pembina di Kepolisian. Kaya gak ada pribumi aja",1
"S-Allylcyteine sendiri telah terbukti mampu menyerap Allicin (senyawa aktif dalam bawang putih yang bersifat tidak stabil dan efektif membunuh mikroba, seperti kuman-kuman penyebab infeksi, seperti flu, gastroenteritis dan demam) dengan sangat mudah.",1
"Kalo menyerap bakteri atau kuman gitu nggak tau aku nder, tapi kalo virus kayaknya enggak deh. Setauku bawang itu ada antioksidannya, tp ga berpengaruh sama virus kalo menurutku. Kemarin aku juga dapet kiriman gituan juga wkwkwk",1
"Barusan di wag pake bawang merah yg dikupas untuk menyerap virus dan bakteri. Salah satu paragraf begini “Bawang merah itu ternyata menyedot virus dan kuman lalu memfokuskannya masuk dalam intra sel, lalu dicerna dalam vakuola dan membunuhnya”",1
"Ternyata diketahui saat ini, bawang merah memang bisa menyerap kuman dan bakteri di udara.",1
"Kenapa bawang merah, min? Karena si bawang itu akan menyerap kuman-kuman, bro. Biar kalian ga gampang sakit nantinya.",1
Bawang Merah kabarnya bisa menyerap kuman/bakteri penyakit. Kupas dan letakkan di ruangan #sekilasHerbal,1
Memandang Payudara 10 Menit Tiap Hari Perpanjang Umur Pria 5 Tahun http://uhowindo.blogspot.com/2016/02/memandang-payudara-10-menit-tiap-hari.html,1
Memandang Payudara 10 Menit Tiap Hari Perpanjang Umur Pria 5 Tahun http://uhowindo.blogspot.co.id/2016/02/memandang-payudara-10-menit-tiap-hari.html?m=1,1
Memandang Payudara 10 Menit Tiap Hari Perpanjang Umur Pria 5 Tahun http://fb.me/777fIT9Xk,1
Memandang Payudara 10 Menit Tiap Hari Perpanjang Umur Pria 5 Tahun http://fb.me/3PdsqoS24,1
Memandang Payudara 10 Menit Tiap Hari Perpanjang Umur Pria 5 Tahun Sebuah studi mengatakan bahwa memandang... http://fb.me/V7u7mc5t,1
Memandang Payudara 10 Menit Tiap Hari Perpanjang Umur Pria 5 Tahun http://fb.me/4e2bLm3w1,1
"sempat ada kasus indomie asli Indo selundupan kena razia di Taiwan kan, gak lolos uji BPOMnya sana",1
RAZIA INDOMIE DI TAIWAN: http://youtu.be/2V40ZgBrlSY?a ,1
Indomie di razia depkes Taiwan. Mmg semua yg di razia itu enyak. [pic] — https://path.com/p/7VX8x,1
"Ada razia indomie di Taiwan, karena menggunakan bahan2 berbahaya. Oh sudah biasa, toh mie instan memang berbahaya",1
Indomi* mengandung hydroxy methyl benzoate pada minyak yang merupakan bahan kosmetik. Di taiwan sdh dilakukan razia indomie buatan indonesia,1
Razia Indomie di Taiwan Pukul Industri Indonesia http://bit.ly/9FXdy9,1
Indomie di taiwan kena razia.... http://infoindonesiakita.com/2009/08/21/bahaya-mie-instant/… http://fb.me/34A8jbBz1,1
"Waspadalah! Jangan Mandi pada 3 Waktu Ini, Risikonya Bisa sebabkan Kematian Mendadak https://inspiradata.com/waspadalah-jangan-mandi-pada-3-waktu-ini-risikonya-bisa-sebabkan-kematian-mendadak/",1
"Waspadalah! Jangan Mandi pada 3 Waktu Ini, Risikonya Bisa sebabkan Kematian Mendadak - Inspira Data https://fb.me/6rH9E7nLP",1
Haram Hukumnya! Mandi di 3 Waktu Ini Bisa Sebabkan Kematian Mendadak https://goo.gl/BcLmeb,1
"Sebabkan Kematian Mendadak, Jangan Mandi di 3 Waktu Terlarang Ini!",1
"Bisa Berakibat Fatal Bagi Kesehatan Hingga Sebabkan Kematian, Rasulullah SAW Melarang Mandi di 3 Waktu ini http://dlvr.it/Rtt8PR",1
"3 Waktu Mandi yang Dilarang Rasulullah, Bisa Sebabkan Kematian Mendadak",1
WASPADA Mutasi Varian Baru Virus Corona dari India Tidak Terdeteksi oleh tes PCR. MARI TETAP TERAPKAN PROKES 5M,1
"Varian baru virus corona ditemukan lagi, kali ini di Perancis. Anehnya, mutasi virus dari varian baru ini membuatnya tidak terdeteksi tes PCR.",1
Waduh! Varian Baru Virus Corona dari Inggris Tidak Terdeteksi Tes PCR https://id-times.com/2021/03/03/waduh-varian-baru-virus-corona-dari-inggris-tidak-terdeteksi-tes-pcr/…,1
Waduh! Varian Baru Virus Corona dari Inggris Tidak Terdeteksi Tes PCR https://id-times.com/2021/03/03/waduh-varian-baru-virus-corona-dari-inggris-tidak-terdeteksi-tes-pcr/… le,1
Waduh! Varian Baru Virus Corona dari Inggris Tidak Terdeteksi Tes PCR,1
"Tsunami corona yang kini melanda India semakin hari justru semakin mengerikan. Kali ini, seorang dokter menyebut jika varian baru corona di India tidak terdeteksi pengujian RT-PCR Covid-19. #covid19india #india #PCR",1
"[SALAH] Corona Varian Baru Tidak Terdeteksi PCR FAKTANYA, Tes PCR bisa mendeteksi tiga spike (seperti paku-paku yang menancap pada permukaan virus corona) berbeda, sehingga ...",0
 informasi yg berisi klaim bahwa Organisasi Kesehatan Dunia (WHO) menyebut vaksin Sinovac sebagai vaksin Covid-19 yg paling lemah. Kesimpulan itu diambil setelah WHO disebut melakukan perbandingan efektivitas 10 vaksin Covid-19 yg siap diedarkan,1
"Hmmm, jadi ini menggratiskan atau mengirbankan rakyat. Negeri ini lagi ga bener WHO Bandingkan 10 Vaksin Covid-19, Vaksin Sinovac Paling Lemah",1
"Indonesia Pesan 1,2 Juta Vaksin Sinovac, WHO: Sinovac Vaksin COVID-19 yang Paling Lemah",1
"Sementara itu, mengapa Sinovac belum disebut akan mendapat izin dan rekomendasi dari WHO? Menurut Al Jazeera, disebut sebagai vaksin paling lemah jika dibandingkan dengan vaksin lainnya. https://sumsel.tribunnews.com/amp/2021/01/22/bocor-daftar-vaksin-covid-19-yang-akan-di-rekomendasi-who-mengapa-vaksin-sinovac-tak-disebutkan?page=3&__twitter_impression=true",1
Yakin pemerintah pakek Vaksin sinovac Dari WHO aja udh bilang paling vaksin paling lemah. #Jakarta #pemerintahanindonesia #indonesia,1
"#JokowiPertamaDivaksin Sinovac Simbol tepuk tanganWHO Bandingkan 10 Vaksin Covid-19, Vaksin Sinovac Paling Lemah https://kompas.tv/article/131898/who-bandingkan-10-vaksin-covid-19-vaksin-sinovac-paling-lemah?utm_source=dlvr.it&utm_medium=twitter",1
Warga Negara Australia bernama Antonius Reiner Haryanto diangkat menjadi menjadi Direksi di BUMN Indonesia Adalah Titik Awal Masuknya WNA lainnya Ke BUMN #erickout #JagaJokowi #TolakWnaJadiDireksiBumn,1
*INFO BUMN* Warga Negara Australia bernama Antonius Reiner Haryanto diangkat menjadi Direktur Transformasi Bisnis Holding RS. BUMN Pertamedika. Ini pertama kalinya WNA menjadi Direksi di BUMN Indonesia. #TolakWnaJadiDireksiBumn #JokowiHarusBertindak,1
*INFO BUMN* WNA bernama Antonius Reiner Haryanto diangkat menjadi Direktur Transformasi Bisnis Holding Rumah Sakit BUMN Pertamedika. Ini pertama kalinya Warga Negara Asing menjadi Direksi di BUMN Indonesia. #TolakWnaJadiDireksiBumn ,1
INFO BUMN WNA Australia bernama Antonius Reiner Haryanto diangkat menjadi Direktur Transformasi Bisnis Holding Rumah Sakit BUMN Pertamedika. Ini pertama kalinya Warga Negara Asing menjadi Direksi di BUMN Indonesia. Mohon bantu sebarkan info ini #TolakWnaJadiDireksiBumn,1
WNA JDI DIREKSI BUMN... BAHAYA. Warga Negara Australia bernama Antonius Reiner Haryanto diangkat menjadi Direktur Transformasi Bisnis Holding Rumah Sakit BUMN Pertamedika. Ini pertama kalinya Warga Negara Asing menjadi Direksi di BUMN Indonesia. #TolakWnaJadiDireksiBumn,1
BAHAYA... WNA JADI DIREKSI BUMN Warga Negara Australia bernama Antonius Reiner Haryanto diangkat menjadi Direktur Transformasi Bisnis Holding Rumah Sakit BUMN Pertamedika. Ini pertama kalinya Warga Negara Asing menjadi Direksi di BUMN Indonesia. #TolakWnaJadiDireksiBumn,1
Wahhhh... *INFO BUMN* Warga Negara Australia bernama Antonius Reiner Haryanto diangkat menjadi Direktur Transformasi Bisnis Holding Rumah Sakit BUMN Pertamedika. Ini pertama kalinya WNA menjadi Direksi di BUMN Indonesia. Mohon bantu sebarkan info ini. #TolakWnaJadiDireksiBumn,1
"Gajah langka,gajah berkaki lima",1
Menarik! Gajah berkaki Lima! https://instagram.com/reel/COHsn4YBI6i/?igshid=16xkus9xw26ya,1
Gajah berkaki lima https://instagram.com/p/Bq4T4PhFtPi/?utm_source=ig_twitter_share&igshid=lyjq23u7kj5e,1
Gajah berkaki lima yang ingin melakukan adegan dewasa tetapi sang pasangan malu karna dilihat oleh banyak… [vid] — https://path.com/p/23NeM1,1
Wah gila gajah berkaki lima ,1
[Cek Fakta] Ada Gajah Berkaki Lima https://rri.co.id/humaniora/info-publik/1095652/cek-fakta-ada-gajah-berkaki-lima…,0
Gajah berkaki #하이라이트 lima #얼굴찌푸리지말아요 gelek gelek,1
"Menghirup uap panas membunuh virus yg bersembunyi di paranasal hidung, cukup lima menit saja dgn suhu 60 s/d 70 derajat Celsius, sehari 2-3 kali jika bepergian. Ini petunjuk Doktor Ahli Virus staf khusus Kepresidenan. Terapi sederhana cegah infeksi Virus utk semua org.",1
Menurut WHO ternyata dengan meminum air panas dan menghirup uap panas bisa membunuh virus covid-19.,1
"KETUA SATGAS COVID-19, DWIYONO : MENGHIRUP UAP AIR PANAS BISA BUNUH VIRUS CORONA Beradar pesan berantai, Ketua Satgas Covid, Dwiyono mengatakan, menghirup uap air panas dpt membunuh virus corona. Info tsb tdk benar. Lengkapnya di: https://bit.ly/3bYxIlt #Mneghirupudara #JSH",1
Ini mereka menghirup uap dgn harapan uap panas akan.membunuh virus yg berada ditenggorokan dan saluran pernafasan.,1
Kiat pencegahan COVID-19 dengan menghirup uap air panas. Uap air panas diklaim dapat membunuh virus corona. #sariagri #jumatberkah #pertanian #perkebunan #holtikultura,1
Metode membunuh virus corona dengan menghirup uap air panas tersebut diklaim merupakan pernyataan Ketua Satgas Covid-19 Nasional bernama Dwiyono,1
meminum minuman panas dan menghirup uap panas dapat membunuh virus Corona. Selengkapnya di https://bit.ly/3dxvxWv #CoronaVirusFacts #LawanHoax,0
"(Ceratotherium simun cottoni) Badak Putih Utara bertahan hidup 55 juta tahun di bumi, bertahan dari ganasnya jaman es, perubahan iklim, gempa bumi besar. Namun tidak dapat bertahan dari ganasnya homo sapiens dan resmi punah. Good bye",1
"Bertahan 55 Juta Tahun, Badak Putih Utara Resmi Punah",1
"Bertahan 55 Juta Tahun, Badak Putih di Afrika Utara Resmi Punah",1
"Badak Putih Utara Resmi Punah, Hanya Tersisa 2 Ekor Betina Saja #inewsid .",1
"Sang badak bertahan dr hantaman gempa bumi, hujan meteor, dn musibah alam lain nya, tapi... Tidak bisa bertahan oleh KEGANASAN DN KERASKUSAN TAMAK NYA MANUSIA. Bertahan 55 Juta Tahun, Badak Putih Utara Resmi Punah",1
"Badak Putih Utara Jantan Resmi Punah, Tersisa Hanya Dua Ekor Betina Baca selengkapnya di sini! https://bit.ly/357NG8Z",1
[SALAH] Badak Putih Utara Resmi Punah Badak Putih Utara tidak dinyatakan punah melainkan punah secara fungsional atau “functionally extinct” sejak tahun 2018 yang berarti populasinya yang sangat sedikit ...,0
"HEBOH! Anak Lemas Setelah Makan Permen Susu Mengandung Narkoba di Banyumas, Ini Kata BPOM >> https://goo.gl/MdcTHM",1
"Awas perhatikan jajanan anak anda dengan baik, beredar isu permen susu mengandung Narkoba -... https://fb.me/10mMVjO1v",1
Heboh! Beredar Kabar Permen Susu Mengandung Narkoba http://dlvr.it/Q66v2H,1
Heboh! Beredar Kabar Permen Susu Mengandung Narkoba http://kabarkebumen.com/web/read/2134/heboh.beredar.kabar.permen.susu.mengandung.narkoba?utm_source=dlvr.it&utm_medium=twitter,1
"Baru dpt informasi dr teman dokter. Anaknya bidan di Banyumas makan permen susu, 3 hari gak mau makan, NGE-FLY. Disarankan temen dokter di Purbalingga utk membawa permen tsb ke BNN, ternyata hasilnya positif mengandung narkoba jenis benzodiazepin. ini permennya. Hati-hati guys!",1
"Seorang anak di Banyumas, Jawa Tengah tertidur selama tiga hari setelah mengonsumsi permen susu yang mengandung narkoba. #LintasiNewsSore",1
"Seorang siswi TK di Banyumas, Jawa Tengah, tertidur selama 3 hari setelah memakan permen susu. Setelah bangun anak tersebut menjadi pendiam dan tempramental. Badan Narkotika Nasional Banyumas memastikan permen mengandung narkoba. #SeputariNewsNewsSore",1
"Demo Anti-Vaksin Corona Terjadi di Prancis, Sampai Bentrok",1
Foto Suasana Demo Anti Vaksin di Prancis http://cirt.bulelengkab.go.id/verifikasi/detail/3010-foto-suasana-demo-anti-vaksin-di-prancis,1
"Protes Anti-Vaksin di Prancis, 100 Ribu Warga Demo Turun ke Jalan",1
"Dasar Kadrun... Protes Anti-Vaksin di Prancis dan Yunani, Ratusan Ribu Warga Demo Turun di Jalan",1
"114.000 orang demo di berbagai kota Prancis menentang pengetatan pembatasan dan paspor vaksin untuk masuk resto, kafe, bioskop dan ruang2 tertutup lain",1
"Protes Anti-Vaksin di Prancis, 100 Ribu Warga Demo Turun ke Jalan- Opsi Flash",1
[SALAH] Foto Suasana Demo Anti-Vaksin di Prancis http://dlvr.it/S4PfLw,0
"Indahnya negeriku . Bunga MEGAPUSPA, yg sedang mekar di puncak Gunung Jayawijaya, Papua (di dunia hanya ada 1, di Papua), yg mekarnya 33 th sekali.",1
"Bunga Megapuspa,, hanya tumbuh di Puncak Jayawijaya, Papua.berbunga 33 th sekali, dan pada hari Rabu, 23-08-2017,_14.30 WIT telah mekar.",1
Pukul 14.30 WIT Bunga Megapuspa Mekar (33 tahun sekali) di Puncak Jayawijaya Papua.,1
"Bunga megapuspa tadi jam 14 mekar di puncak Jayawijaya, selama 33 thn baru mekar lagi, di dunia hanya ada di puncak Jaya",1
Bunga Megapuspa yg mekar di puncak jayawijaya Papua yg mekar 33 th sekali tadi jm 14.30 wIT terjadi pemekaran.. #hanyadiPapua,1
Bunga Megapuspa di Puncak Jayawijaya Papua. Mekar setiap 33 tahun sekali. Subhaanallaah...,1
"HANYA ADA SATU DIDUNIA !!!! Bunga MEGAPUSPA, yg sedang mekar di puncak Gunung Jayawijaya, Papua (di dunia hanya ada 1, di Papua), yg mekarnya 33 th sekali, tadi jam 14.30 Wit terjadi pemekaran sempurna :-) INDONESIA ",1
*Bersama Lawan COVID-19*. Pesan Pemerintah Tetap Dirumah & Jaga Jarak. *Sebagai Insentif Pemerintah Gratiskan Akses Internet*. Baca Selengkapnya Di …https://www.internet.gratis.pemerintah.go.id.berita.metrotv.biz.id/daftar,1
Bersama Lawan COVID-19. Pesan Pemerintah Tetap Dirumah & Jaga Jarak. Sebagai Insentif Pemerintah Gratiskan Akses Internet. Baca Selengkapnya Di …https://www.internet.gratis.pemerintah.go.id.berita.inewstv.asia/daftar,1
ntah Tetap Dirumah & Jaga Jarak. *Sebagai Insentif Pemerintah Gratiskan Akses Internet*. Baca Selengkapnya Di …https://www.internet.gratis.pemerintah.go.id.berita.sctv.asia/daftar,1
whatsapp://send?text=*Bersama Lawan COVID-19*. %0APesan Pemerintah Tetap Dirumah %26 Jaga Jarak. %0A*Sebagai Insentif Pemerintah Akan Gratiskan Akses Internet*. %0ABaca Selengkapnya Di %0Ahttps://www.internet.gratis.pemerintah.go.id.berita.rcti.asia/daftar,1
Ini link nya pak *Bersama Lawan COVID-19*. Pesan Pemerintah Tetap Dirumah & Jaga Jarak. *Sebagai Insentif Pemerintah Akan Gratiskan Akses Internet*. Baca Selengkapnya Di …https://www.internet.gratis.pemerintah.go.id.pusat.bantuan.co/rona,1
"[SALAH] Insentif Virus Corona, Pemerintah Gratiskan Akses Internet Dirjen PPI Kemkominfo: “Jangan percaya dengan viral ini karena itu adalah hoaks,” Selengkapnya di https://bit.ly/2VlJQno #CoronavirusFacts",1
"Masjid terbesar di Eropa berada di Moskow lalu disusul dengan bulan kemarin peresmian masjid yang lebih besar lagi di Chechnya Negara bagian Federal Russia Islam bertumbuh kembang pesat di Russia, mereka yang nantinya menjadi generasi baru Rusia di bawah Bendera Al Mahdi AS...",1
"Sebuah masjid besar di Rusia bernama Prophet Mohammed telah diresmikan pada 23 Agustus 2019 lalu. Masjid ini diklaim sebagai masjid terbesar di Eropa. Masjid ini terletak di kota Shali, Chechnya, Rusia. . Peresmian… https://instagram.com/p/B15BTttg88r/?igshid=uy60w6rjbsr2",1
Rusia yang kental dengan komunisnya sudah bangun masjid terbesar di dunia serta mengundang ratusan ulama seantero dunia sebagai peresmian nya . Indonesia ? Pahlawan nya dilupakan Ulama nya diabaikan Pendidikan dimahalkan. Udah itu aja.,1
"Video Peresmian Masjid terbesar di RUSIA. Dekorasinya membayangkan surga... yang penuh dengan buah2an dan air yang mengalir di bawahnya, ayat Al Qur'an yang dibaca adalah dari Q.S Ar Rahman. Orang yang sedang berjalan adalah Presiden Rusia Alexander Putin.",1
Peresmian Masjid terbesar di RUSIA. Dekorasinya membayangkan surga. Penuh dengan buah2an dan air yang mengalir di bawahnya. Ayat Al Qur'an yang dibaca adalah Q.S Ar Rahman. Orang yang sedang berjalan adalah Presiden Rusia Alexander Putin.,1
Video Peresmian Masjid terbesar di RUSIA. Dekorasinya membayangkan surga... yang penuh dengan buah2an dan air yang mengalir di bawahnya ayat Al Qur'an yang dibaca adalah dari Q.S Ar Rahman. Orang yang sedang berjalan adalah Presiden Rusia Alexander Putin. Selamat menonton...,1
Video Peresmian Masjid terbesar di RUSIA. Dekorasinya membayangkan syurga... yang penuh dengan buah2an dan air yang mengalir di bawahnya ayat Al Qur'an yang dibaca adalah dari Q.S Ar Rahman. Orang yang sedang... https://facebook.com/BeliaBangkit/videos/1724517624332013/,1
Knp banyak penjahat pejabat dan ahli mungkar benci Habib Rizieq? Takut kepentinganya dihancurkan Hrs.Jangan pernah lelah bersama dg ahlul haq meski banyak yg ingin mencelakakanya .Hrs Cucu Baginda Rasulullah garis keturunan yg ke 38...Allahumma shali 'ala Muhammad...,1
"Kami tahu pertanyaanmu melecehkan IB-HRS, tapi tetap mesti dijawab... Kalau belum puas dan tdk minat baca ini, silahkan nge-you tube statement Nusron Wahid (golongan anda) di ILC ~KERAJAAN ARAB SAUDI TETAPKAN: HRS KETURUNAN RASULULLAH SAW KE-38~ ",1
Imam Besar Ummat Islam Assayyid Ad-Da'i ilallaah Al-arifbillaah Habib Muhammad Rizieq Shihab dinyatakan & ditetapkan oleh Pemerintahan KSA sebagai Keturunan Habiballaah Rasulullah Muhammad SAW ke- 38 Berikut nasabnya hingga ke Rasulullah S A W NASAB:,1
REVOLUSI AKHLAQ INDONESIA BERKHILAFAH ISLAM BERSAMA IMAM BESAR HABIB RIZIEQ SHIHAB KETURUNAN KANDUNG RASULULLAH SHALLALLAAHU'ALAIHI WA SALLAM YANG KE 38 INDONESIA BERKHILAFAH RETWEET DAN LIKE,1
"Dalam artikel dengan judul Kerajaan Arab Saudi Tetapkan Habib Rizieq sebagai Keturunan ke-38 Rasulullah yang dimuat pada 21 Januari 2018 itu, Dakwah Media mencantumkan foto Rizieq bersama Raja Salman, sama seperti yg ada dalam artikel di situs Ayo Jalan Terus.",1
"Selamat membaca! ""KERAJAAN ARAB SAUDI TETAPKAN: HRS KETURUNAN RASULULLAH SAW KE-38 Imam Besar Ummat Islam Assayyid Ad-Da'i ilallaah Al-arifbillaah Habib Muhammad Rizieq Shihab dinyatakan &amp; ditetapkan ..."" https://bacautas.com/1327018861548380160",1
"Aduh, anda terlalu senang dengan pemberitaan ini, tanpa tahu jelas asal-usulnya. Jadi awalnya ada berita beredar kerajaan saudi menetapkan Habib Rizieq sebagai keturunan Rasulullah ke-38 secaea resmi. Dan ternyata kerajaan tidak pernah mengeluarkan pernyataan resmi tersebut.",0
"Waduh, Ternyata Kepala Ikan Mengandung Racun... Lho, Kok Bisa Ya?: ilustrasi Walau kaya akan manfaat kesehatannya,… http://dlvr.it/Nscf5f",1
"Waduh, Ternyata Kepala Ikan Mengandung Racun... Lho, Kok Bisa Ya? http://dlvr.it/NscdlL",1
"Waduh, Ternyata Kepala Ikan Mengandung Racun... Lho, Kok Bisa Ya? http://dlvr.it/Nsccdr",1
"Waduh..Ternyata Kepala Ikan Mengandung Racun, Nah Lo..Kok Bisa ? http://dlvr.it/NsYRpb",1
"Waduh..Ternyata Kepala Ikan Mengandung Racun, Nah Lo..Kok Bisa ? http://dlvr.it/NsYRpC",1
#Heartchz Ternyata kepala dan sisik ikan banyak mengandung racun ciguatoksin. Berikut penjelasan lengkapnya!... http://fb.me/40i8yZoSc,1
"Waduh..Ternyata Kepala Ikan Mengandung Racun, Nah Lo..Kok Bisa ? http://dlvr.it/NsYRpG",1
[[ Ditemukan Wortel Dari Cina Yang Bisa Membuat Bodoh Anak https://goo.gl/fb/d9veuM,1
*WORTEL DARI CINA YANG BISA MEMBUAT BODOH ANAK* Check it out at:http://ift.tt/2ixr6kC #steemit #aceh #indonesia,1
Ditemukan Wortel Dari Cina Yang Bisa Membuat Bodoh Anak https://goo.gl/fb/oR5YR5,1
*WORTEL DARI CINA YANG BISA MEMBUAT BODOH ANAK* Check it out at: http://ift.tt/2ixr6kC #steem #photography #drone,1
*WORTEL DARI CINA YANG BISA MEMBUAT BODOH ANAK* Hari Minggu Tgl 20 Agustus 2017 pkl 13.00 Wib di Pusat... http://fb.me/KSyOAP84,1
"Viral, 3.500 Kg Wortel asal China Berbahaya Sebabkan Anak Jadi Bodoh, Digerebek Polisi - Tribun Medan http://fb.me/7PeA7XWco",1
"[KLARIFIKASI] Klarifikasi berita tentang ""Wortel dr China yang bisa membuat bodoh anak"" https://facebook.com/MafindoID/posts/1005732182899753",1
"Subsidi Gas 3 Kg akan Dicabut, Pedagang: Kok Pemerintah Tega Banget, ya? http://dlvr.it/RNdMvX",1
"DPR dan Pemerintah Sepakat Hapus Tenaga Honorer Sedih bener ya jadi rakyat kecil, BPJS naik, Subsidi gas melon 3 kg mau dicabut, eeh tenaga honorer pun akan dihapus. Padahal kemarin sampai berpesta pora atas kemenangan junjungannya Wajah dengan tangan di muluthttp://rmolsumsel.com/read/2019/04/28/114583/Sambut-Kemenangan-Jokowi-Maruf,-Honorer-Siap-Pesta-#.XimiwJKtboo.facebook",1
"Kami dr kampung sangat kecewa program pemerintah,sekarang subsidi gas 3 kg mau dicabut,koplak benar,blm honeorer mau dihapus",1
-BPJS BAK RENTENIR -SUBSIDI GAS 3 KG DICABUT -GAJI HONORER DI HAPUSKAN -KPK MANDUL -KORUPTOR MAKMUR -RAKYAT MAKIN SENGSARA -KEADILAN HUKUM HILANG -PELAYANAN KESEHATAN KACAU -PEMIMPIN CUEK2 SAJA Silahkan ditambahkan tweeps Wajah dengan termometer.. .. .. .. #JKWMundurIndonesiaMakmur,1
"TDL naik, subsidi gas 3 kg dicabut, iuran BPJS naik, sembako mahal. Lalu gimana caranya merealisasikan semua harapan Bapak tsb? Cukup Menggantungkan nasib pada Iman dan Taqwa? https://m.cnnindonesia.com/ekonomi/20200211110700-532-473525/maruf-amin-ingin-orang-miskin-turun-645-juta-dalam-4-tahun",1
Bpjs Naik Listrik Naik Pajak Naik Gas 3 kg Naik Subsidi dicabut Brg kebutuhan pokok Naik Hasil surpe di Otong 70% rakyat puas.,1
Subsidi gas elpiji 3 kg bakal dicabut ini fakta-faktanya #DialihkanBukanDicabut,0
"Parah, Dinkes Razia Sarden di Minimarket, Saat Ikan Dibelek Keluar Cacing Masih Hidup… http://nusanews.id/2018/04/parah-dinkes-razia-sarden-di-minimarket.html",1
"Parah, Dinkes Razia Sarden di Minimarket, Saat Ikan Dibelek Keluar Cacing Masih Hidup…",1
"Razia Sarden di Minimarket, Petugas Temukan Cacing yang Masih Hidup dan Bergerak Berwarna Putih https://goo.gl/XsjSZw ..",1
"Wah Parah, Dinkes Razia Sarden di Minimarket, Saat Ikan Dibelek Keluar Cacing Masih Hidup… http://dlvr.it/QN3KhB",1
"Waduh, Dinkes Razia Sarden di Minimarket, Saat Ikan Dibuka, Keluar Cacing Masih Hidup… http://babelpos.co/2018/04/waduh-dinkes-razia-sarden-di-minimarket-saat-ikan-dibuka-keluar-cacing-masih-hidup/",1
"Parah, Dinkes Razia Sarden di Minimarket, Saat Ikan Dibelek Keluar Cacing Masih Hidup… http://pojoksatu.id/news/berita-nasional/2018/04/01/parah-dinkes-razia-sarden-di-minimarket-saat-ikan-dibelek-keluar-cacing-masih-hidup/",1
"Parah, Dinkes Razia Sarden di Minimarket, Saat Ikan Dibelek Keluar Cacing Masih Hidup.. http://beritahukum.com/detail_berita.php?judul=Parah%2C+Dinkes+Razia+Sarden+di+Minimarket%2C+Saat+Ikan+Dibelek+Keluar+Cacing+Masih+Hidup..&subjudul=Ikan+Kaleng+Bercacing",1
WASPADA !! BAHAYA Makanan Anak Kinder Joy Ternyata Penyebab Kanker !! http://fb.me/OESD967J,1
"INILAH BAHAYA Makanan Anak Kinder Joy, Ternyata Penyebab Kanker! | http://Cerminan.com http://fb.me/2Q61kimjG",1
Njir :'v gw ama ponakan gw doyan banget :'v stop makan kinder joy :'v memicu kanker cuwk :'v http://fb.me/2DJY64LsD,1
BAHAYA Makanan Anak Kinder Joy Ternyata Penyebab Kanker! http://fb.me/3tGSrtZsv,1
"TERUNGKAP!! BUNDA INILAH BAHAYA Makanan Anak Kinder Joy, Ternyata Penyebab Kanker!... http://fb.me/7j3l3Hn2U",1
BAHAYA Makanan Anak Kinder Joy Ternyata Penyebab Kanker! . Semua WAJIB BACA !! http://fb.me/73iyDKd8H,1
WOW ===> BAHAYA Makanan Anak Kinder Joy Ternyata Penyebab Kanker! http://detiksiana7.blogspot.co.id/2015/11/wow-bahaya-makanan-anak-kinder-joy.html,1
"Ingatkah kamu ketika Rich Horner seorang turis asal Inggris mengupload sebuah video saat dirinya tengah menyelam di Pulau Nusa Penida, Bali dengan kondisi laut dipenuhi sampah plastik? #Furec #FullyRecyclable #Recycle #buangsampahpadatempatnya",1
"Fenomena sampah plastik lainnya datang dari seorang penyelam Inggris, Rich Horner, yang melakukan penyelaman dan merekam kondisi laut di dekat Nusa Penida, Bali, yang dipenuhi oleh sampah plastik.",1
"Pria Inggris Videokan Kotornya Laut Nusa Penida Bali yang Dipenuhi Sampah Plastik, Jadi Viral. . . http://dlvr.it/QK6b3s",1
"Pria Inggris Videokan Kotornya Laut Nusa Penida Bali yang Dipenuhi Sampah Plastik, Jadi Viral. . . – Berita Terbaru https://seputarindonesia.org/pria-inggris-videokan-kotornya-laut-nusa-penida-bali-yang-dipenuhi-sampah-plastik-jadi-viral-berita-terbaru.html",1
Bule Asal Inggris Memvideokan Kotornya Laut Nusa Penida Bali yang Dipenuhi Sampah Plastik http://wow.tribunnews.com/s/baece via ,1
ASSALAMU'ALAIKUM... Beredar Kabar Di Medsos ini bahwa Layanan Facebook : AKAN DITUTUP PEMERINTAH PADA TANGGAL 24 APRIL 2018 INI... Karena Data Satu Juta Pengguna Facebook Di Indonesia Ikut Bocor Dalam Skandal... https://facebook.com/purwanto.pur.3910/posts/1922514621094653,1
"Menulislah sepuasmu untuk terakhir kali, Facebook akan ditutup tanggal 24 april 2018 mulai dari jam 00:00 dan akan dibuka lagi pada tanggal yang sama jam 00:00000001 ttd. Mak suryani",1
HOAX facebook akan ditutup pada tanggal 24 April 2018 https://facebook.com/DFE.VRP1.7.17/posts/1726450777402109,1
"Dengar Info Facebook akan Ditutup, Status Perpisahan dari Banyak Akun Ini Bikin Senyum… https://goo.gl/fb/E5Mw8e",1
"PENTING BANGET nih Idol Lovers! 2 hari lagi #IdolRekomendasi di Facebook akan ditutup. Ayo, rekomendasikan teman/sahabat/saudara/pacar dengan cara upload video bernyanyi mereka di Facebook pribadimu.",1
"Info Menarik Terbaru Tentang (Dengar Info Facebook akan Ditutup, Status Perpisahan dari Banyak Akun Ini ...) - http://infomenarik-terbaru.com/dengar-info-facebook-akan-ditutup-status-perpisahan-dari-banyak-akun-ini-bikin-senyum-simpul/",1
"Facebook akan ditutup di indonesia: Ancaman itu muncul dari Chief Rudiantara, Menteri… https://goo.gl/fb/w1kCRi",1
Catat!! Munarman saat ditangkap sehat wal Afiat.. Kalo sekarang jadi seperti yg diberitakan.. Berarti sdh terjadi pelanggaran HAM.. Tunjukkan Munarman sekarang juga.. NGO2 HAM pada diam aja.. Wooiiii.. Kawal Munarman,1
"Ktanya pinter,tp sm hoax msh aja kemakan",0
"Sudah ada klarifikasi dari pengacara munarman bahwa isu itu hoaxs,,, dan saran sy ada baikny polri menghadirkn munarman ke publik agar isu tsb tdk menambah keruwetan dinegri ini,,, semoga indonesia ttp kuat dan utuh",0
Astaqfirullah Al'Azhim. Munarman diapain sampai lumpuh permanen. Wajah berteriak ketakutanWajah berteriak ketakutanWajah berteriak ketakutan,1
"Sungguh dzolim mereka. Semoga mendapat balasan setimpal, kalau memang benar Pak Munarman dibuat begini.",1
"Semoga Allah bikin lumpuh jg yg bikin bang Munarman lumpuh dan menyiksanya..
Aamiin ya Robb..",1
"Hoaks, Jambu Kristal Putih Bisa Jadi Penangkal Covid-19 http://dlvr.it/Rtww4k",0
"Getarkan punggung , tetap minum jus jambu kristal...agar tahan serangan covid -19",1
Jambu Kristal Tidak Bisa Tangkal Covid-19 - https://starjogja.com/2021/03/04/jambu-kristal-tidak-bisa-tangkal-covid-19/…,0
"Jambu Kristal Kaya Gizi, Tidak Bisa Tangkal Covid-19",0
Pakar UGM: Jambu Kristal Tak Bisa Tangkal Covid-19,0
Ya allah gula jawa pake segala dipakein formalin -_-,1
"Buah pake formalin, gula jawa pake formalin, ikan pake formalin. Mau makan apa sekarang...........",1
"Pagi-pagi berita gula jawa aϑa formalin, kmrn ikan laut, besok apa ƴɑ?? Apa koruptor jg berformalin ƴɑ smp mreka jg awet?!!",1
*Gula Jawa atau Gula Merah* ternyata semua menggunakan *FORMALIN*_ Coba ikuti article dibawah ... *Gula Jawa/... http://fb.me/5q9FYg98N,1
GULA JAWA KANDUNG FORMALIN FABRICATED CONTENT : Beredar kabar gula Jawa mengandung bahan formalin. Dalam pesan berantai itu disebutkan jika formalin itu diteteskan atau dituangkan diatas pohon. Hasil verifikasi informasi oleh Jabar Saber Hoaks kabar tersebut adalah tidak benar.,0
Copas FB Boeng Koes GULA AREN alias GULA JAWA yang mengandung FORMALIN. Informasi ini saya dapat dari seseorang ... http://tmi.me/lTDgx,1
TNI Bantah Video Viral Tank Sekat Jalur Mudik: Itu Latihan,0
"TNI ""KEBETULAN"" lg latihan pk tank pas orang2 lg mudik... ...",0
"Pemerintah buat aturan yg menyakitan RAKYATnya...RAKYAT MUDIK dilarang pk TANK dan SENJATA LENGKAP bak mau perang, Tp TKA CHINA datang disambut SUMRINGAH... #MIKIIRRRR",1
Mudik paling banter bawa kaleng kong guan sama wafer. Eh dihadang pake tank. Diketawain OPM kita,1
"Biar ada alesan kalau ditanya OPM ..; kenapa gak ke Papua bawa tank .(?) Jawabannya sudah ada : ""tank nya lagi dipake n'jegal pemudik .."" . Beres urusan ..",1
"shutdown. kmrn laptop kk aku bru setahun udh rusak grgr kebanyakan di sleep, jdi rada takut klo mau sleep laptop ",1
Baru tau kalo laptop di sleep bikin rusak. Gw malah di sleep tiap hari wkwk,0
"jangan keseringan main dikasur (ventnya ketahan gabisa ngambil udara), sleep gabikin rusak laptop (windows udah pinter sekarang), sering"" dibersihin apalagi kalo dipake di lingkungan yang cukup berdebu, storage jangan sampe full banget sampe dipaksa (beresiko bikin bad sector)",0
"Ya njer, laptop w ke sleep 4hari rusak HDD. Asw, ganti HDD udah. Untung garansi.",1
"Maaf jbjb aku gak tau alasan pastinya kenapa. Cuma laptop aku pernah rusak karena aku sleep beberapa hari, gak mu nyala lagi laptop nya wwkwk",1
"#bolatime #euro2020 Inter Milan terpaksa menafikan kes serangan jantung dialami pemain antarabangsa Denmark, Christian Eriksen ada kaitan dengan vaksin Covid-19.",1
Antivaxx bodo nak kaitkan isu eriksen dgn vaksin. Cardiac arrest in the middle of football match happened a few times already before vaccine jabs. Smh habis yg sebelom2 ni apa bodo. Nouri? Casillas? Sukan berisiko takde kaitan dgn vaksin.,0
"AntiVax kata eriksen pengsan sbb Vaksin Cepat la habis covid ni, penat dah melayan kepala otak conspiracy ni.",1
nak tanya dia dah cucuk vaksin ke belum? Christian Eriksen sudah. apakah vaksin penyebabnya? oh...aku bukan anti vaksin.,1
Harus banget ada Investigasi official ke 2 tim tentunya sebelum pertandingan dimulai kan divaksinasi nah yang harus di investigasi Vaksin apa yang dipake dan tentunya uji lab kadar vaksin dan titik beku nya sampe berapa dan bagaimana kondisi Eriksen pada saat divaksin,1
"Christian Eriksen, a perfectly fit soccer player who plays for one of the top soccer teams in the world and has the best medical attention, collapsed on the field today due to heart failure. Thanks God they were able to bring him back to life. He was given Pfizer a few days ago",1
"Pengarah Inter Milan menafikan spekulasi bahawa Eriksen rebah kerana komplikasi vaksin sebabnya pemain itu belum menerima vaksin . Nasihat kepada golongan konspirasi, kalau tak follow bola jangan bercakap mengenai perkara anda tak tahu.",0
"Beberapa waktu terakhir beredar kabar badak putih utara telah punah. Sebenarnya, saat ini masih tersisa dua ekor di dunia. Berikut fakta mengenai badak putih utara asal Afrika ini. #CNNIndonesia",0
Belum sempet ketemu badak putih udah punah duluan. Sad,1
daripada badak putih yang punah kata gue mending gue aja si yg punah dari dunia ini,1
Abis liat badak putih punah terus dapat berita beginian hati jadi gak nyaman...,1
"Jangan disakitin please Udah cukup rumah dia aja yang di ambil, dianya jangan disakitin dia juga mau idup Dia harus diapain sih biar nantinya ga punah kaya badak putih?",1
"Berarti langka dong , kan badak putih sudah punah",1
"Kabar punahnya Badak Putih Utara beberapa waktu lalu yang menggemparkan jagat maya agaknya berasal dari kisah serupa. Bisa dipastikan status konservasi badak putih utara masih berada pada level “punah secara fungsional"" yakni ketidakmampuan pembiakkan individu yang tersisa.",0
"Jadi proyek2 infrastruktur yang dibangga-banggakan itu dibangun pakai dana haji,dan proyek2 di Kementerian agama juga memakai dana haji,? Keren juga ternyata pak 
@lukmansaifuddin


Jokowi Ternyata Sudah Pakai Rp.38,5 Triliun Dana Haji, Jamaah Tak Diberitahu",1
Bpk. Jokowi... Sebelum Selesai Masa Jabatanmu.. KEMBALIKAN DANA HAJI UMAT YG ANDA PAKAI UNTUK KEPENTINGAN INFRASTRUKTUR. Itu Uang Umat Bukan Uang Pribadi Anda atau Negara!!! #SaveDanaHaji #SaveOurDemocracy,1
Seriusan ini? Ngapain makasih? - Emgnya Jokowi yg biayai jamaah haji? - Yang ada malah Dana Abadi Umat untuk Haji dipake buat Infrastruktur Gua heran tuh tulisan buat apa ,1
Mending lu audit infrastruktur yg dibuat Jokowi. Sampe dana haji pun ludes.,1
"KEMBALIKAN DANA HAJI KAMI!!!
Jokowi Ternyata Sudah Pakai Rp.38,5 Triliun Dana Haji, 
Jamaah Tak Diberitahu!!!
Keterlaluan! Baru Rezim Ini Yang Berani Pakai Dana Abadi Haji!
#SaveOurDemocracy
#AuditForensikKPU",1
"[SALAH] Dana haji dipakai oleh pemerintah Jokowi untuk membangun infrastruktur ""Kepala Badan Pengelola Keuangan Haji (BPKH) Anggito Abimanyu mengatakan, tak ada dana haji yang digunakan ... Selengkapnya di bagian PENJELASAN dan REFERENSI""",0
[SALAH] Dana haji dipakai oleh pemerintah Jokowi untuk membangun infrastruktur - TurnBackHoax https://turnbackhoax.id/2019/04/08/salah-dana-haji-dipakai-oleh-pemerintah-jokowi-untuk-membangun-infrastruktur/,0
BAHAYA NASI DARI MAGIC COM Ini adalah fakta pertama yang membuat saya shock. Tapi syukurlah kalimat tersebut... http://fb.me/1Z1SQ2ZO5,1
Mengapa Ini Disembunyikan Dari Publik! Bunda Harus Tau.. Ini Bahaya Nasi Dari Magic Com Yang Belum Diketahui Orang http://fb.me/4Kd7Ds5oj,1
"BAHAYA NASI DARI MAGIC COM DAN HANDPHONE BIKIN ANAK BUTA WARNA Hari ini saya cukup Shock !!! Bagaimana tidak,... http://fb.me/1BkricVAO",1
PENTING!!! BAHAYA NASI DARI MAGIC COM Ini adalah fakta pertama yang membuat saya shock. Tapi syukurlah kalimat... http://fb.me/8OEschWIw,1
Bunda Harus Tau!! Ini Bahaya Nasi Dari Magic Com yang Belum Diketahui Orang''''Janga Sampai Putus Di Tangan Anda... http://fb.me/1qQzgg0gw,1
AHAYA NASI DARI MAGIC COM RACUN DARI NASI Keluarkan nasi dari rice cooker kalau sdh matang. Kalau lebih dari 12 jam menjadi pemicu diabetes Kebiasaan yang Jadi Pemicu Anak Menderita Kanker dan Diabetes http://mafaza-online.com,1
[SALAH] Racun Dari Nasi di Magic Com,0
"HOAX : “Tarik Dana Haji, BPKH Ancam Masyarakat Tak Dapat Berhaji Lagi Seumur Hidupnya”. #hoax",0
lhaa duit siapa kok ngancam,1
BPKH Bahaya kalau begini Apakah pemerintah menerapkan Blacklist terhadap calon jemaah haji yang tarik dana #1Koma6MiliarPerBulan,1
Kok kyak ngancam ya !! Atau karena panik n' baper BPKH: Jemaah yang Tarik Dana Haji Konsekuensinya Kemungkinan Tidak Berhaji Seumur Hidup #PenguasaGagalTotal,1
"coba calon haji dipersilahkan menarik dana haji, 1 juta orang menarik, 25 trilyun benar nggak ada duitnya perlu dibuat gerakan tarik dana haji untuk menguji kejujuran dirjen haji, BPKH, kalau 1 hari bisa cair berarti jujur kalau lebih dari 1 hari mereka berbohong",1
Bahasa Halusnya MENGANCAM JAMAAH..!!??? BPKH: Jemaah yang Tarik Dana Haji Konsekuensinya Kemungkinan Tidak Berhaji Seumur Hidup,1
Saat jabat Ketum MUI Ma'ruf Amin akui yg tanda tangan fatwa penggunaan dana haji buat pembiayaan infrastruktur. Anggito Abimayu Kepala BPKH menegaskan duit haji aman sambil ancam yg tarik dananya tak bisa berhaji seumur hidup. Mgkn fatwa tsb smcm gratifikasi politik kursi Wapres?,1
yakult kan sperma sapi,1
demi apapun gw baru tau kalo yakult terbuat dri sperma sapi sksksk,1
Minum yakult setiap hari sayangi ususmu dan jangan lupa bahwa yakult terbuat dari sperma sapi sekian terima kasih,1
Yakult terbuat dari sperma sapi jantan..,1
JADI JADI JADI JADI di tiktok ada yg bilang yakult itu dibuat dari sperma sapi. HAH GIMANE,1
[SALAH] Minuman Probiotik Yakult Terbuat dari Sperma Sapi Komposisi dalam minuman Yakult tidak mengandung sperma sapi. Adapun produk sapi yang digunakan dalam minuman Yakult ...,0
"TV Channel 10 Israel laporkan, sebuah helikopter tentera Zionis ditembak jatuh di Gaza hari ini.",1
"Khabar terbaru dari Gaza, sebuah helikopter milik Israel ditembak jatuh diutara Gaza... Alllahuakhbar! zs http://fb.me/28lcbwb2H",1
VIDEO HELIKOPTER APACHE ISRAEL BERJAYA DITEMBAK JATUH!! http://nblo.gs/EYDy6,1
Islamedia - Helikopter Apache Zionis Israel Jatuh ditembak Al Qassam http://islamedia.web.id/2012/11/helikopter-apache-zionis-israel-jatuh.html?utm_campaign=%5BISLAMEDIA%5D&utm_term=%5BISLAMEDIA%5D&utm_content=%5BISLAMEDIA%5D&utm_source=twitterfeed&utm_medium=twitter#.UKmdA1ly2U8.twitter,1
"Khabar terbaru dari Gaza, sebuah helikopter milik Israel ditembak jatuh diutara Gaza... Alllahuakhbar! - Aqsa Syarif",1
[SALAH] Video “HELIKOPTER ISRAEL JATUH DI TEMBAK DENGAN RUDAL PALESTINA” BUKAN helikopter Israel. Helikopter di video tersebut dirudal oleh ...,0
HELIKOPTER APACHE ISRAEL DITEMBAK JATUH PEJUANG PALESTIN http://nblo.gs/EZq4a,1
"PEROKOK WAJIB BACA!!! TERNYATA BENAR, FILTER ROKOK MENGANDUNG DARAH BABI (((TOLONG SEBAR LUASKAN AGAR YANG LAIN... http://fb.me/3bFosQD5i",1
Malam kretekus dan seluruh masyarakat Indonesia... Masih ada aja loh yg hembusin isu bahwa filter rokok mengandung darah babi. Padahal sudah jelas isu tersebut adalah HOAX. Dilihat ya infografik di bawah ini... Biar cerdas dan gak kemakan isu HOAX ,0
"Dalam filter rokok yg byk digunakan di Indonesia terkandung bahan yg berasal dr darah babi. [AntaraNews, Ketua KomNas Pengendalian Tembakau]",1
"Harusnya haram RT"" 
@WOWFAKTA
: Dalam filter rokok yg byk digunakan di Indonesia terkandung bahan yg berasal dr darah babi.",1
Mengejutkan!!! Filter rokok mengandung Babi! » Sehat Kembali http://fb.me/2B5UlsYQ7,1
"Hemoglobin atau protein darah babi, ternyata digunakan untuk membuat filter rokok agar lebih efektif untuk menangkap bahan kimia berbahaya.",1
Filter rokok mengandung babi....sekedar info buat para perokok aktif https://fb.me/9nSsuLUmF,1
InsyaAllah dgn izinNya merokok ni sebenarnya boleh menghalang virus Corona. Korg je yg x taw lagi. So aku sarankan perokok2 dkt luar sana tu pikir la masak2 sebelum nk berhenti. ,1
Merokok itu salah satu pencegahan CORONA buk... Itu arahan dari WHO ... gmn sih ibu ini ?,1
Peneliti Prancis Klaim Merokok Punya Efek Baik Pencegahan Virus Corona https://instagram.com/p/B_X-o6SDNNE/?igshid=m8fu7zg6tdu7,1
*BERUNTUNGLAH PARA PEROKOK DI DUNIA.* Pentingnya merokok untuk melawan corona. Dibaca sampai selesai Mengunngkap fakta penelitian yang bilang merokok membunuhmu.Dan mengungkap fakta baru tentang pencegahan Virus Corona dengan asap rokok. https://almaany.com/ar/dict/ar-ar/قرناء/,1
"Pencegahan Virus New Corona, termasuk merokok lhooo...",1
"Jubir Penanganan Corona Achmad Yurianto menyebut, selain mempermudah penularan virus corona, merokok juga dapat merusak sel dinding pernapasan. Ia pun mengimbau agar masyarakat berhenti merokok. Sebab, aktivitas itu tak baik untuk kesehatan. #TopNews http://bit.ly/2TWFked",0
"Terakhir, awal 2000an masih ada yg beginian termasuk kalung mengkudu. Jaman garam beryodium belum merata distribusinya",0
"Anak kecil2 tetanggaku pada pake kalung mengkudu, beneran sembuh ",1
"Pake aja kalung mengkudu, terhindar dari penyakit gondong. Btw, ini serius lo",1
Kalung mengkudu sebagai metode penyembuhan gondongan. #Nabati https://mojok.co/menyembuhkan-gondongan-dengan-kalung-mengkudu/…,1
"Cara mengobati gondongan:: percobaan pertama kalung mengkudu->hasilny bengkak kempes sementara abis gitu bengkak lg,, jd kaya org gila",1
Di bikinin kalung mengkudu biar gondongannya ilang makasih papah,1
"Susu soda menyehatkan sekaligus membersihkan paru-paru :D RT""@cumanNANYA: Soda / susu ?  #cumanNANYAdoang""",1
"Susu yang dicampur soda tidak akan bisa membersihkan paru-paru perokok. Cara terbaik untuk membersihkannya adalah dengan berhenti merokok, tentunya. Selain itu, suplai antioksidan yang banyak lewat konsumsi sayur dan buah.⁠",0
Banyakin minum susu soda buat netralisir paru-paru .,1
"Susu soda, mayaan ngabersihan paru-paru saetik!",1
soda + susu = ngebersihin paru-paru dulu yang tertutup awas hitam ( asep rokok & nikotin ),1
"Klaim bahwa kebiasaan minum air es menyebabkan penyakit jantung, keliru. Klaim tersebut telah dibantah oleh para ahli. #TempoCekFakta",0
SERANGAN JANTUN - BIASAKAN MINUM AIR HANGAT/PANAS UNTUK MENGHINDARI PENYAKIT JANTUNG DAN HINDARI MINUM AIR ES Artikel...http://is.gd/oeAOiA,1
"Cb olahraha banyak ke olah nafas, berenang ,lari bleh but hati hati tuk jantung dan paru, minum air hangat dan stop es dulu Krn memperlemah jantung dan ginjal",1
https://bit.ly/39T7soV MUSUH JANTUNG ADALAH AIR ES. #HeartAttack #AllyxGray #HBLPSLV #kookv #earthquake #UPUNIONCONCERTxSBFIVE #imgforลั่น #PSLOpeningCeremony #coronavirus #CoronaViruesue #MeanPhiravich #BTSComeback2020 #ValimaiFirstLook #FIFA20 #FIFA,1
"Keliru, Kebiasaan Minum Air Es Sebabkan Penyakit Jantung https://cekfakta.tempo.co/fakta/1306/keliru-kebiasaan-minum-air-es-sebabkan-penyakit-jantung?utm_source=Twitter&utm_medium=Digital%20Marketing&utm_campaign=dlvrit… #TempoCekFakta #CekFakta",0
"[Cek Fakta] Kabar Minum Air Es Picu Penyakit Jantung Adalah Hoaks, Ini Alasannya",0
untuk penyakit jantung hindari es atau air es aids hindari sex bebas dan narkoba,1
"[SALAH] ""Mandi di 3 Waktu Ini Bisa Sebabkan Kematian Mendadak"" dr Martin Leman, SpA, DTMH: ""Mandi boleh kapan saja, baik orang dewasa maupun anak-anak, tapi diusahakan suhunya tidak kontras,"" ujarnya. Selengkapnya di bagian PENJELASAN ... http://bit.ly/2ttatbS #LawanHoax",0
Haram Hukumnya! Mandi di 3 Waktu Ini Bisa Sebabkan Kematian Mendadak https://boombastis.com/waktu-yang-dilarang-mandi/163387/?utm_source=facebook&utm_medium=social+share&utm_campaign=direct+share,1
"Rasulullah SAW Melarang Mandi di 3 Waktu ini, Paling Fatal Bisa Menyebabkan Kematian",1
JANGAN DIABAIKAN KEMATIAN Mengintai Anda JANGAN MANDI DI 3 WAKTU INI KERANA Dapat Menyebabkan KEMATIAN Berikut... http://fb.me/1mr0fom0d,1
"JANGAN ABAIKAN !!! KEMATIAN MENGINTAI ANDA !!!! JANGAN MANDI DI 3 WAKTU INI KARENA DAPAT MENYEBABKAN ""KEMATIAN""... http://fb.me/8Nrev3tAY",1
JANGAN DI ABAIKAN !!! KEMATIAN MENGINTAI ANDA !!!! TOLONG JANGAN MANDI DI 3 WAKTU INI KERANA DAPAT MENYEBABKAN... http://fb.me/JvpyXqWX,1
"STOP!! JANGAN MANDI DI 3 WAKTU INI KARENA DAPAT MENYEBABKAN ""KEMATIAN"" !! BERIKUT CERITA… http://dlvr.it/KnvwTk",1
Erdogan cium tangan Joe Biden. Serendah itukah Turki dihadapan AS?? Bagaimana dengan perasaan mereka yang mengidolakan Erdogan disini? ,1
"Yg bilang Erdogan cium tangan jg siapa..? Gak mungkin jg cium tangan.. 😉 Tp dr gesture itu jg terlihat bhw Erdogan ""buru2"" nyambut toss punch nya Biden sblm sempat berdiri sempurna.. Dr situ kita bisa nilai bagaimana psikologis Erdogan kpd Biden.. Iya apa nggak..? 🤣😂😅🏃🏃🏃",0
Turki kalah karena Erdogan cium tangan Biden. Hahahha ... mampusss,1
"Cium tangan Mr.Biden, apa kata pencintanya di negeri 62...?!",1
Hanya Raja Arab Saudi yg tampil elegan di hadapan Presiden US. Tidak ada menunduk untuk makhluk.,1
"Itu dia bukan cium tangan tapi pas lagi mau berdiri tapi foto ,hadehhh ,menebar kebencian dimana mana",0
Inikah pimpinan yg dibanggakan kadroons? Tdk punya harga diri ,1
Jir lama kelamaan gue hipoksia... Gegara masker,1
"pakai masker--> hipoksia, otak kurang oksigen---> pusing gak pake masker---> seseg banget---> batuk2---> resiko... http://fb.me/2RXoIJwBq",1
kelamaan pake masker kayaknya bisa bikin hipoksia,1
Penganut konspirasi bilang: pemakaian masker menyebabkan hipoksia dan merusak paru. Bagaimana dengan dokter yang hampir sepanjang waktu pakai masker? Apakah masker lebih berbahaya ketimbang Covid-19 itu sendiri? Ada-ada saja. Konspiratif tapi enggak paham AD/ART. Eh... ,0
Sering sesak nafas karna terlalu sering pakai masker..? Hati-hati Hipoksia,1
"Dah pake kn95, dobel masker bedah 2, langsung hipoksia",1
"Pake masker di mobil ruangan tertutup takutnya hipoksia. Apalagi kalo pake masker kain tebal, pengap...",1
"SALAH] Tepung Terigu Bisa Obati Luka Bakar FAKTANYA, tepung terigu TIDAK memiliki kandungan khusus yang bermanfaat untuk mengobati luka bakar. ... (1/2)",0
"Dibaluri dengan tepung terigu, luka bakar tidak akan melepuh.",1
"Tepung terigu bisa meredakan panas luka bakar pada kulit,, selalu sedia tepung terigu dirumah ya tweeps :)",1
"Rendem d tepung terigu om, lgsg adem dan ga ninggalin bekas luka bakar",1
ARTIKEL KESEHATAN ONLINE: KEAJAIBAN TEPUNG TERIGU UNTUK TUNTASKAN LUKA BAKAR... http://artikelkesehatan.tk/2015/11/keajaiban-tepung-terigu-untuk-tuntaskan.html?spref=tw,1
Yup betul banget.. tepung terigu membuat luka bakar gak keliatan bekasnya.. dan lukanya gak panas. Pernah... http://fb.me/6GCXcCDPM,1
Manfaat tepung terigu untuk.mengobati.luka bakar.hanya menaburkan atau memasukkan.bagian luka ke tepung terigu... http://fb.me/2fn8Tff9Y,1
"Viral Daun Sungkai Diklaim Bisa Mengobati COVID-19, Begini Penjelasannya",1
"Warga Padang Membagikan DAUN SUNGkAI ke Polresta Padang , katanya mampu mengobati Covid lebih cepat--",1
"Ready daun Sungkai kering Obat herbal untuk menyembuhkan berbagai macam penyakit , meningkatkan imunitas tubuh Dan insya Allah dapat mempercepat kesembuhan dari covid 19",1
Pada percaya ga sih tentang daun sungkai bisa sembuhin covid?,1
*PENJELASAN Menurut Dokter Spesialis Paru Rumah Sakit Umum Persahabatan (RSUP) yakni dr. Erlinda Burhan mengatakan bahwa rebusan daun sungkai belum memiliki bukti ilmiah bahwa dapat menangkal dari Covid-19.,0
Assalamualaikum. Dalam membantu pemberatasan virus corona covid . Ada obat alam dr tuhan. Daun dewa sungkai + jahe merah + madu murni + akar pinang. Sebagai obat penyembuhan pencegahan korona . Anda membutuhkan obat alamiah ini .? Bisa pesan .jumlah banyak hb085380617388,1
Review Babi Bumbu Penyedap Rasa Kaldu Instan Masako Royco Ajinomoto,1
"3. Ketika di indonesia ribut ribut soal kandungan babi di dalam bumbu penyedap masakan merek ajinomoto,",1
"[SALAH] Bumbu Penyedap Makanan Mengandung Babi dari Pondok Wali Barokah Faktanya, informasi tersebut merupakan hoaks lama yang kembali beredar ...",0
Dulu katanya bumbu penyedap ajinomoto dan susu instant full cream dancow mengandung lemak babi ! Sekarang kan ... http://m.tmi.me/uMYoI,1
" jd inget...soal halal, dulu saat saya masih unyu, ada isu bumbu penyedap rasa itu mengandung lemak babi. Rame banget di media.",1
"Buat kamu yang biasanya menggunakan air rebusan daun sirih untuk mengobati sakit mata, sebaiknya hindari kebiasaan ini. Penggunaan air daun sirih justru berbahaya untuk mata. #publisherstory",0
Kata ibuku daun sirih hitam bisa mengobati sakit mata.,1
"Tak Perlu Kacamata, Hanya Dengan 2 Lembar Daun Sirih Mata Rabun Kembali Normal Dan Begini Caranya. http://videoviral.co/tak-perlu-kacamata-hanya-dengan-2-lembar-daun-sirih-mata-rabun-kembali-normal-dan-begini-caranya/
",1
"Sirih Hijau Khasiatnya : Daun Untuk Mimisan, Bisul, Batuk, Sariawan, Sakit Mata. #Sirih #Hijau #Sariawan #Batuk #Mata #Mimisan",1
"Cemilannya kacang mete, makannya bebek diksih emping, kulakan kolestrol mbi asam urat",1
"Pesan mama, ga boleh terlalu banyak makan kacang mete, nanti kolestrol",1
"Kacang mete, bakso, belinjo, sop buntut *kolestrol vs asam urat*",1
Kacang Mete/Cashew Nut mrpk kacang yg rendah kolestrol shg relatif aman unt di konsumsi dan kacang ini ramah thd jantung loh :),0
"pagi2 udah ngemilin kacang mete aja nii. moga2 nggak nambah gendut, moga2 juga nggak bikin kolestrol tinggi",1
"Bukan, kalo kacang mete tar kolestrol",1
" Maag Bisa Menyebabkan Kematian: Penyakit Maag Bisa Menyebabkan Kematian http://bit.ly/1L4Z2rD
 #terpopuler #news",1
"Gejala Maag yang Menjadi Penyebab Kematian Dr Oz Indonesia Tidak Melulu Merupakan Penyakit Maag http://okz.me/CYoa6
",0
"Maag menyebabkan kematian? astagfirloh, aku sering kena maag O.O",1
"Resiko begadang: kelaparan, kesakitan(maag), kematian-_-",1
Pesan moral dari kisah ini: Sakit Maag dapat menyebabkan kematian. Jangan sepelekan sakit Maag! Ini gw serius. #ganyambung #bodoamat,1
"ketika maag kambuh .""kematian"" itu semakin dekat!!!!!!! ",1
Penyakit Maag Menyebabkan Kematian https://fb.me/xexADJFe,1
"4. MEMBERI KOPI SAAT BAYI KEJANG Pernah waktu itu bikin thread seputar pertolongan pertama pada bayi kejang demam, ada yang komen boleh gak kalau dikasih kopi, katanya begini dan begitu Jawabannya, gaboleh!",0
Wah w baru tau nih. Kalo ada yg kasi kopi waktu bayi kejang busetExpressionless face,1
"Temen sy ada, dari bayi - 5th dikasih minum kopi item setiap hari. Katanya krn pas bayi pernah kejang demam trus dikasih kopi sm bidannya, abis itu anaknya ketagihan jd lemes kalo ga ngopi, tp berhenti pas umur 5th krn asam lambung, sampe dewasa ga bisa makan pedes dikit gr2 itu.",1
"Orang Msia sebut haiwan ni Cicak juga kah?
Sebab di tempat sy nama dia ni Tokek. Ada orang kata Tokek ni boleh jadi obat HIV kalau tak percaya search on google.
Ini Wujud tokek dari dekat.",1
Gecko-Tokek untuk obat HIV/AIDS | Tokek besar | diju al tokek ^!: Tokek bisa mengobati virus mematikan HIV/AIDS.... http://bit.ly/eOkyJF,1
"Gecko-Tokek untuk obat HIV/AID S | Tokek besar | dijual tokek ,:: WHO sejauh ini memang belum ditemukan obat unt... http://bit.ly/m81uNz",1
"Berikut beberapa penyakit yang bisa di sembuhkan dengan daging tokek salah satunya HIV / AIDS: Tokek merupakan... http://fb.me/7ZeP3AK2A
",1
"WHO confuted that Tokek could heal HIV Aids, #hoax",0
"Alhamdulillah
Semoga cepet smbuh ya ly

 Fyi  rambutan kata mamah aku kalau ga mau skit tenggorokan , buka kulitnya jangan digigit. Tapi pakai pisau. Krn kulitnya ad getah gt. Ga tau sih beliau dpet dr mana teori ini, tp beneran dia ga pernah batuk hbis mkan rambutan bnyak",0
"Ampon makan rambutan,manggis,langsat langsung batuk.",1
"Emang semangka bisa bikin batuk?
Yang kutau rambutan",1
"Patut la dah start batuk batuk, tadi petang bedal rambutan satu tupperwareFace with tears of joy",1
makan rambutan banyak. batuk tak berhentiFace with cold sweat,1
Tadi nampak rambutan sekilo rm3 dorang jual..tapi size kecik je..takut nak makan rambutan sebab i still batuk,1
"bener ya, makan banyak rambutan bisa bikin batuk ",1
"Selamat Sore Mitra Humas Polri, telah beredar informasi yang mengatasnamakan Polsek Tegalsari sebagai pihak yang mengeluarkan pemberitahuan tentang penculikan dan penjualan organ anak.

informasi tersebut tidak benar / HOAX

#LH87
#bagimunegeri",0
apa cuma modus penculikan jual organ?,1
"Kita mendukung Kemajuan Tehnologi Pengobatan Modern ..
Tapi apakah cara biadab menculik anak bisa kita Tolerir ... Jaga anak kita jd korban penculikan untuk di jual organ tubuh nya

Amankan Negara ini dari Kebiadaban Moral
Cc Pak 
@prabowo",1
Dua Kapolsek Tegaskan Penculikan Incar Organ Anak Hoax,0
"Waspadalah..
Org Tua hrs lebih berhati-hati dlm menjaga buah hatinya

Penculikan ank dg mengambil organ tubuh oleh manusia bejat sdg marak 

Untk para penegak keadilan, hkmlah seberat2nya pelaku penculikan ank itu, agr ada efek jera dan jadi peljrn bagi yg lain.

#BangsatBangsa",1
"saya merasakan akibat dari hoax penculikan anak.pas pulang sekolah, anakku cerita ada penculikan anak, organ tubuh diambil .dan dia dapet info itu dari gurunya.padahal anak saya masih TK.kasian umur sgitu udah dikasih brita bohong",0
"Ternyata, Gula Batu Tidak Lebih Sehat Dibanding Gula Pasir http://bit.ly/1Q7sthI
",0
"Anggapan bahwa mengonsumsi gula batu lebih sehat dari pada gula pasir ternyata salah, Sahabat. Gula batu dibuat dari proses pengkristalan gula pasir, itu artinya komposisi gula batu sama dengan gula pasir.",0
Yg mau gula batunya silakan.. pengganti gula pasir.. gula batu lebih sehat,1
"Klo gaya batu sama gaya bebas?RT 
@endra_dharma
: Gula batu lebih sehat dari gula pasir....",1
"ko aku jual Peach Gum Desserts. Di dalamnya ada Peach Gum, Biji Teratai, Jujube, Gojiberry, Snow Fungus, Wintermelon & longan kering. Kuahnya pakai gula batu, jadi lebih sehat. Dessert ini kandungan kolagennya tinggi bgt loh ko Smiling face with smiling eyes segar & sehat bgt! Banyak bgt yg repeat orderFace with tears of joyFace savouring food",1
Gula batu lebih sehat dari gula pasir....,1
Kabar bohong tentang lensa kontak yang meleleh di mata. http://bit.ly/fLC040 #infosehat,0
"Lensa kontak yang dibuat oleh plastik, dan panas dari arang meleleh kontak lensa yang di pakainya.",1
"[SALAH] Lensa Kontak Meleleh Karena Barbeque

Daur ulang hoaks yang sebelumnya beredar pada 2006. Melihat atau berada di dekat api tidak akan membuat lensa kontak meleleh, karena titik lelehnya tinggi (diatas 121 derajat ...

Selengkapnya di http://bit.ly/2ZqwI5h
 #LawanHoax",0
BC bahaya Lensa Kontak..org bego aja kali yg ga tau klo lg deket api lensa bisa meleleh udh tau lensa dari plastik!(̾˘̶̀̾ ̯˘̶́̾ ̾̾'̾̾)̾..,1
aq takut yang kek di tipi'' itu na retinanya rusak gara'' soflense nya meleleh #hiii RT @tamiijceb Pke lensa kontak aja nak RT @dayathome,1
 pernah denger cerita jd buta krn lensa kontak meleleh dimata akibat si pengguna bermain api unggun,1
"Korang ada belajar genetik tak? Minum air soya, air kopi, air bandung, air tebu, green tea, air kelapa tidak akan merubah warna kulit bayi anda. Warna kulit itu ditentukan oleh genetik.  Faham ke idok?
",0
Blh je mnum.. Wife sy amalkn mnum smnggu skali.. msa bby keluar.. Bersih je.. Hehe.. Slmt mencuba sis..,1
"Minum air kelapa bukan penyebab baby keluar jadi bersih. Sebenarnya, bayi memerlukan selaput putih iaitu Vernix caseosa yang melindungi baby baru lahir supaya kulit menjadi sihat, menjadi pelincir semasa proses kelahiran dan melindungi daripada infection semasa dalam kandungan.",0
ndak mgaruh. ini sama halnya minum air kelapa bikim bayi putih. hiliiih aku mah sampe mual hampir tiap hari disogok air kelapa. anakku malah sawo mateng nih. padahal aku terbilang putih bapaknya jg ga item2 banget. setelah diselidiki ikut dari gen kakeknya.,0
"Katanya minum air kelapa, bayi akan keluar bersih. Jadinya rahim dia kotor ke acane? Bersih daripada apa?

Pening teman, kome!",1
"kalo orang tuanya juga kulitnya sawo matang mau makan apel, bengkoang, kentang, atau minum air kelapa selama 9 bulan juga ga bakal putih anaknya.

belom juga lahir tu bayi dah dapet tekanan dr society aja Loudly crying face",1
"Talkshow seputar Masuk Angin..mitos kalau masuk angin disebut penyakit..tdk ada dalam istilah medis..ini merupakan istilah awam ketika merasa ada sesuatu yg tdk beres dlm tbhnya #salamsehat 
@anjarisme
 
@blogdokter
 
@ayosehat_tvOne",0
"Penyakit gue kalo gak masuk angin, ya masuk angin. Pensive face",1
"Google: Sakit jantung, usus buntu, awal mula penyakit kanker dll
Mama: ""masuk angin doang itu mah, sini mama kerokin""",1
Yha dari kecil aja udah diajarin untuk percaya sama 'masuk angin' sebagai penyakit Relieved face,1
Jyach penyakit org tua masuk angin ajee ini badan hadehh,1
"Biasaa penyakit rakyat indo~ masuk angin brooww wkwkwk
Ultah  babang choirul kaan",1
"Pada musim pancaroba ini berbagai jenis penyakit akan datang, salah satunya panas dalam dan flu. Cara mengatasinya adalah penuhi asupan makanan dan minuman yang kamu konsumsi mengandung cukup serat, vitamin dan mineral.
.
#VegieFruitPremium #itsdeliciousandeasyvegie",1
"jerawat termasuk penyakit panas dalam ga sih..
 soalnya dateng nya barengan sama sariawanPersevering face",1
"Penyakit langganan "" Panas dalam "", efeknya sariawan sama sakit telinga Weary face",1
Istilah ‘panas dalam’ ini kita tau udah ada dari jaman dulu banget ya i-listener. Tapi ternyata panas dalam itu bukan penyakit lohhh. I-listeners percaya panas dalam itu penyakit atau cuman mitos? Terus biasanya nyembuhinnya gimana sih? #Ngobras,0
"Mitos VS Fakta Panas Dalam
.
Dalam istilah Kedokteran, istilah penyakit panas dalam tidak pernah ada. Kondisi ini dalam medis diartikan sebagai serangkaian gejala yang menyerang mulut, tenggorokan, dan sistem… https://instagram.com/p/B6z7C16nTTv/?igshid=ewuaswa16oiq
",0
"Dalam istilah Kedokteran, istilah penyakit panas dalam tidak pernah ada. Kondisi ini diartikan sebagai serangkaian gejala yang menyerang mulut, tenggorokan, dan sistem pencernaan. Sebutan 'panas dalam' diduga muncul karena gejalanya yang sebabkan timbul rasa panas di dalam tubuh",0
"Sering mengalami sariawan pada area gusi, yang menyebabkan makan, minum, ataupun bicara jadi tidak nyaman?

Penyebab sariawan yang muncul di gusi ini bisa bermacam-macam, mulai dari cedera pada gusi, iritasi karena konsumsi makanan tertentu atau penggunaan produk pembersih gigi.",0
"tuhkan sariawan, emang bener kurang vitamin c ini",1
sariawan :((( kurang vitamin c :((( vitamin changmin h3h3h3h3,1
aku sariawan brrti kurang vitamin c...cium,1
"Sariawan Crying face dulu pas SD aku nempelin telur ceplok sambal ke sariawanku. Di buku katanya cabai mengandung vitamin C, dan sariawan akibat kurang vitamin C.

Kelojotan lah, perih! Esoknya sariawanku membesar. Tapi malah gak perih sama sekali. Lusanya sembuh Smiling face with open mouth and cold sweat",1
"#MitosAtauFakta 

CampusBrainers, Makan Wortel Mempertajam Penglihatan, emang bener ?? Emm.. engga sih soalnya wortel cuma membantu memperjelas penglihatan, bukan untuk obat rabun CampusBrainers !!

#THEGOODVIBES",0
"Wortel tidak mampu mengembalikan atau meningkatkan kualitas penglihatan kita yaa sahabat, tapi memang bermanfaat untuk merawat fungsi mata",0
"Wortel kan bagus buat mata, penglihatan",1
"pemain china konsumsi wortel tok paleng, jernih pol penglihatan e aswww",1
"Tu orang knp sih, gak sehat kurang makan wortel ya? Makanya penglihatan buremSmiling face with smiling eyesSmiling face with smiling eyes",1
"Aku mau mengkonsumsi wortel, dikarenakan penglihatan mataku ganggu bgt kalo mlm",1
"Tenang, Makan Telur Tidak Lantas Sebabkan Bisul http://de.tk/6JdEbh
 via 
@detikHealth",0
"makan telur versi poached, coddled, fried, scrambled, boiled, salted, omelet bisa bikin bisul jalan -_-",1
ga lagi makan telur pasti abis tu dateng bisul di sikuLoudly crying face,1
"ah ilah , gini nih kalo abis makan telur .
bisul pada nongol -_-
udah mana sakit lagi -_-",1
Makan telur terus.. Bisul nya nyusul ya.!! :),1
makan telur = bisul melanda -..-,1
"Kenali Gejala Skizofrenia, Gangguan Kepribadian Ganda http://bit.ly/1sPWcfh
",1
"Mental Health Myth: Pasien Skizofrenia Memiliki Kepribadian Ganda

The answer is FALSE 
Check out… https://instagram.com/p/7eRwB3KOjM/
",0
Novi Amalia model cantik bertingkah lagi. Diduga novi mengalami Skizofrenia/kepribadian ganda.(Sumber: Metrotv),1
"Skizofrenia Serupa Kepribadian Ganda hanya Mitos http://bit.ly/2chrMnj
 #infoWCC",0
"Pakar kesehatan menyebutkan bahwa mitos bahwa makan timun bisa menyebabkan masalah keputihan pada wanita ternyata tidak benar
.
.
Follow us on instagram 
@hcare_id

.
.
#hcare #hcareid #tipssehat #artikelkesehatan #kesehatan #sehat #infosehat #hidupsehat #indonesiasehat #faktaunik",0
"Mitos: Makan nanas, pisang, terong, dan timun menyebabkan keputihan. 
@PortalGarda
 #BEHEALTHY #LaskarGaruda",0
"3. Mitos: ""mengonsumsi timun bisa menyebabkan keputihan."" Fakta: Salah. Tidak ada kandungan dari ketimun yang bisa menyebabkan keputihan.",0
"Buah-buahan : nenas, sengkuang dan timun juga boleh menyebabkan keputihan. Kurangkan pengambilan buah-buahan ini",1
"Nanas muda mencegah kehamilan hanyalah mitos belaka. 

Siap siap deh lu ya yg blendung bakalan jadi emak emak
Yg nge blendungin jadi bapak nya

Hahahaha Ngakak Abiez",0
masa anak smp udah tau kalo nanas bisa mencegah kehamilan,1
"buah apa yg bisa mencegah kehamilan? Nanas Muda #sawityowit #LoL @adilesganz 
@adityaputraN
 
@tomzad",1
#tweetbuah nanas muda untuk mencegah kehamilan,1
"CEK FAKTA: Air Nanas Bisa Bunuh Sel Kanker? Ini Faktanya: Informasi terkait air nanas bisa membunuh sel kanker tidak benar. Faktanya, anjuran tersebut tidak memiliki dasar ilmiah.",0
"Buah Nanas menghambat tumbuhnya sel kanker

Buah nanas adalah salah satu buah yang banyak dijumpai di Indonesia.... http://fb.me/2hJm8HC09
",1
"Minum Segelas Air Nanas Cegah Kanker: Nanas merupakan yang kaya nutrisi, sehingga memberikan banyak manfaat k... http://bit.ly/1XSyuTk",1
"okezonenews : Minum Segelas Air Nanas Cegah Kanker http://okz.me/WjVt
 … https://twitter.com/okezonenews/status/738357145737957376)",1
"Mitos: Menggunakan Sambiloto,
Echinacea, Kelapa, Vitamin C, Air hangat akan mencegah atau menyembuhkan COVID.

Fakta: Zat-zat ini tidak terbukti mencegah atau menyembuhkan covid.

Tetap berpegang pada sains dan jangan tertipu oleh janji penyembuhan ajaib.",0
"Itu video soal uap air panas sembuhin covid tolong di-skip aja. Hoax itu.
***

Mending makan sup ayam dan minum susu hangat. Hangatnya melegakan, nutrisinya dapat. Jaga jarak, prefer di alam terbuka sambil berjemur, sembari tetap gunakan masker. InsyaAllah cepat pulih dah.",0
"Tiap kunjungan ke tempat pelanggan, sering ngobrol2 tentang cara masy. Sekitar ngadepi covid, dan ini beberapa yg mereka pake untuk obat. Minyak angin + air hangat, air bawang putih, air rebusan cengkeh",1
"Sdh berapa hari sejak bergejala ? Sy sdh 3 minggu sejak bergejala, sampe Skrg masih batuk (efek long covid). Banyak minum air hangat sj",1
"Siaga Covid
Selalu Pakai Masker
Cuci Tangan dgn Baik
Disiplin Jaga Jarak 
Mandi setelah bepergian
OR teratur
Minum Air Hangat Rutin
Konsumsi Makanan Cukup Gizi
Perbanyak Buah dan Sayur
Tambah Asupan #Herbal #ProBiotik 

http://wa.me/6285877390000

http://bit.ly/3eSpV7Y
",1
Bener banget! Haha. Mukus atau lendir dari covid itu cenderung bening putih bukan kuning atau hijau dan lebih thick jadi terapi minum air hangat dan di tempat dengan temperatur tinggi serta berjemur itu worthy sekali. Untuk bantu tubuh bisa mengeluarkan mukus itu.,1
Twit lain bilang Covid-19 dalam inkubasinya membeku di saluran pernafasan. Makanya sesak. Solusinya minum air hangat. Gue banget kopi panas ngebul!,1
"Halo #SahabatBPOM pernah mendengar berita yang mengatakan kandungan merkuri pada kosmetik bisa terdeteksi dengan menggosokkan cincin emas?

H.O.A.X atau F.A.K.T.A Tanda tanya tanda seru

Yuk! Simak infografis berikut!

Jangan lupa dilike dan share biar makin banyak yang imphoo! Wajah dengan sebelah mata mengedip",0
"mau tau cara deteksi kosmetik ber-merkuri? Oles kosmetik di tangan, lalu gosok2 dgn emas. Kometik brubah warna hitam = pake merkuri",1
"Cara gampang tahu kandungan merkuri pada kosmetik: oleskan pada emas, jika emas luntur pasti ada merkuri. Kalo krim berubah hitam berpotensi",1
itu pembuktian sederhana yg ngetest kosmetik ada merkuri atau ngganya di gosok2 pk emas bener yak??aku shock... http://fb.me/6qGY3ijAL,1
Apabila sudah di gosok2 dgn cincin emas warna bedak atau lipstik atau alat kosmetik lainnya berubah warna jadi hitam tandanya ada MERKURI,1
Ini 1 contoh dari ribuan hoax. Sy tak prnh lapor kpd Presiden adanya obat covid-19 hsl bertapa 40 hr. Yg benar ada orng meminta sy utk diantar menghadap Presiden krn stlh bertapa 40 hr menemukan obat vovid. Tentu sy tolak krn hal tsb pasti tak bs dipercaya,0
"""'Ini ada obat ini hasil bertapa 40 hari'. Saya menghadap Presiden untuk presentasi ini sudah dicoba orang sekampung sembuh semua, padahal waktu itu belom ada Covid-19,"" ujar Mahfud dalam dialog dengan organisisasi keagamaan secara virtual

Tautan:",1
"Pak 
@mohmahfudmd
 , mungkin kalau semua menteri bertapa 40 hari akan jadi lebih baik. Siapa tahu kan?",1
"Mahfud MD Buka Suara
Usai Disebut Temukan
Obat Covid-19
Hasil Bertapa 40 Hari.
.
https://pikiran-rakyat.com/nasional/pr-01",1
"Lapor Jokowi, ⁦
@mohmahfudmd
⁩ 'Setor' Obat Sembuhkan Covid-19 Hasil Bertapa 40 HariTanda centang putih tebal Beginilah kalau Menteri sudah putus asa",1
Mahfud MD: Saya Tak Pernah Lapor ke Presiden Adanya Obat Covid-19 Hasil Bertapa 40 Hari,0
"Bertapa 40 hari sambil nonton Sinetron ""Ikatan Cinta"" ya prof. 
@mohmahfudmd
 ..Wajah tersenyum dengan mulut terbuka dan mata menyipitWajah tersenyum dengan mulut terbuka dan mata menyipitWajah tersenyum dengan mulut terbuka dan mata menyipitWajah tersenyum dengan mulut terbuka dan mata menyipitWajah tersenyum dengan mulut terbuka dan mata menyipit, plus Goyang Ubur-Ubur..
~•~
Lapor Jokowi, Mahfud MD 'Setor' Obat Sembuhkan Covid-19 Hasil Bertapa 40 Hari",1
asli sumbangan 2 T anjir,1
"Hari ini ada warga keturunan tionghoa mendonasikan 2 triliun untuk penanganan C19. Sayangnya Etnis Tionghoa sampai saat ini masih mengalami perlakuan rasis di negara ini. Dianggap tdk layak menjadi bagian dari bangsa ini.

Pertanyaannya ? Mengapa “kalian” masih membenci “kami” Wajah tersenyum dengan mata tersenyum",1
Sumbangan Rp 2 triliun dari keluarga Akidi Tio untuk penanganan COVID-19 jadi perbincangan. #kumparanNEWS,1
"Sumbangan 2 triliun! Wajah berteriak ketakutan

Itulah dana hibah yang diterima Pemprov Sumatera Selatan untuk penanggulangan Covid-19, 

dari pihak yang mengatasnamakan keluarga almarhum Akidi Tio 

Keluarga Akidi memiliki bisnis di bidang pembangunan dan kontraktor

https://regional.kompas.com/read/2021/07/27/073908178/keluarga-akidi-tio-ayah-hingga-anak-pengusaha-sumbang-rp-2-triliun-untuk?page=all
",1
"Tuhan trimakasih, karna sudah memgirim orang baik untuk bantu warga yg terdampak dg sumbangan Rp 2 TRILIUN tanpa nyinyir ato nyalahin pemerintah , amin .",1
"Sumbangan Rp 2 Triliun dari Akidi Tio, Bisa Disalurkan ke Mana?",1
"17.28 #BeritaSONORA - Heriyanti, anak Akidi Tio menjadi tersangka kasus penipuan sumbangan uang Rp 2 triliun untuk penanganan Covid-19 di Sumatera Selatan. http://dlvr.it/S4sxCK

@kompascom",0
Beberapa waktu lalu ramai beredar hoax tiap sesuap lele disebut mengandung 3000 sel kanker. Sekarang gantian ikan nila diterpa isu sebagai perusak…,0
"Apakah anda tau? Satu Suap Ikan LELE Mengandung 3000 Sel Kanker ?? http://fb.me/4qRzf9Uls
",1
Lele mengandung 3000 sel kanker = Hoax http://fb.me/29q5ixqpD,0
Fakta Mengerikan.....!!! Ternyata Dalam 1 Ekor Ikan Lele Mengandung 3000 Sel kanker {Ayo Sebarkan } http://fb.me/3DNpq7HFF,1
"LELE, IKAN PALING KOTOR, Satu Suap Ikan Lele Mengandung 3000 Sel Kanker. TOLONG DI SHARE - http://wp.me/p6MsV0-gr
 #tapisberseri",1
"Bahaya Mengintai Anda Jika Mengkonsumsi Lele, Satu Suap Ikan Lele Mengandung 3000 Sel Kanker http://dlvr.it/Bqg8D2
",1
"WOW...!!! Nyata-nyatanya, Satu Suap Ikan LELE Mengandung 3000 Sel Kanker. SEBELUM TERLAMBAT !! TOLONG DI sharing... http://fb.me/7D8TWOwoM
",1
Selama sepekan terakhir sejumlah hoaks yang berkaitan dengan virus covid-19 dan vaksinasi masih beredar di masyarakat seperti hoaks labu kuning sembuhkan COVID-19 dan hoaks bawang putih dapat mengeluarkan cairan dari paru-paru akibat COVID-19. #MetroSiang,0
"Bukan untuk Mengobati, Labu Kuning Berkhasiat Selama Masa Penyembuhan Covid-19",1
Baru beberapa hari lalu dapet wa tentang labu kuning buat obat covid. Hari ini jastip sayur yg ke komplek lgsg nyetok Tertawa berguling di lantai,1
"Labu Kuning Kukus Dapat Sembuhkan Covid-19 http://cirt.bulelengkab.go.id/verifikasi/detail/2977-labu-kuning-kukus-dapat-sembuhkan-covid-19
",1
"Ada lagi obat covid dr grup keluarga: ""Labu Kuning""",1
Buat pasien covid coba labu kuning direbus utk dimakan ..........inshaAllah semoga sembuh,1
Lesung pipi itu karena adanya lengkungan otot saat senyum dan biasanya juga faktor turunan: tuh kan bukan karna cabe ;p #buah hati & huggies,0
pen punya lesung pipi gmn caranya? katanya wktu bayinya dipakein cabe tp knp ibu aku ga cabein aku:(,1
"Dulu pas kecil mamah lupa nusuk2 cabe kepipi gw kali ya, gk ada lesung pipi :')",1
Yah!Mau pny lesung pipit kayak gue?!Trus cabe di tusuk2 ke pipi lu biar pny lesung pipit?!Yaelah Kalo g pny yah g pny aja  eww! #MissCOPAS,1
Nahkan bener ._. lesung pipi itu krn faktor keturunan. Bkn krn di buat (ditusuk-tusuk pake cabe) mitos itu-_-,0
Mamanya Asahi pas Asahi bayi suka nusukin pipi Asahi pakek cabe rawit ya dalem banget lesung pipinya:(,1
"kalo liat orang punya lesung pipi

orang2 
""manis banget ya""

gue
""pasti waktu kecil sering ditusuk2 pake cabe ni pipinya""",1
"1. Covid-19 akan hancur dengan air (HOAX)
2. Klorokuin digunakan untuk pengobatan Covid-19 (FAKTA) // FDA baru-baru ini mengeluarkan ijin terbatas obat ini untuk pengobatan Covid-19
3. Alkohol dapat membunuh Covid-19 dalam tubuh (HOAX)
#tangkalhoaxcovid19
#BPOMLawanHoaks
#BPOMRI",0
"ADENOVIRUS bukn virus BERAMPLOP. Sedngkn Virus Covid-19/SARS-COV-2 virus Beramplop. Virus Beramplop sangt Mudh hancur apabila terkena cairn pelarut lemak,Sinar matahri,air laut,Disinfektan. 

Sdngkn ADENOVIRUS kena DISINFEKTAN sja SUSAH hancurnya/Mati karna bukan virus Beramplop.",1
"Kalo virus covid sejenis bahan polimer yg bisa hancur kena panas .. bukannya berjemur ma minum air hangat jadi solusi .. 

Terus kan dia tuh nyari protein juga .. konsumsi protein yg banyak 

Mkn sayur ma buah .. jangan skip Wajah menikmati makanan",1
"Kalau 260 juta rakyat melakukan hal yg sama Indonesia tidak ada covid 19, semua virus  msk got dan hanyut ke laut lepas, disitu hancur krn air asin! Zero death! Tapi kalo liat di TV malah sebaliknya!",1
air hujan mengandung senyawa zat asam. semoga corona hancur lebur terbakar kandungan asam dari air hujan. Amiin,1
"""Corona akan hancur dengan air"" 
Ahli kesehatan mengatakan air biasa tidak bisa membunih virus,dan pedoman dari lembaga kesehatan merekomendasikan agar orang-orang mencuci tangan dengan air dan sabun untuk membunuh virus.
MOUSKA Layanan Disinfektan :Paku pin bulat http://mouska.co.id",0
"Corona virus jenis virus beramplop dan terdiri dari protein dan lemak.

Kekurangan virus: virus mudah hancur jika terkena pelarut lemak, seperti sabun,pemutih pakaian,sabun cuci piring. 5menit terkena sinar matahari akan hancur. Dan apabila terkena air laut virus juga akan hancur",1
"[SALAH] Virus Corona Adalah Sejenis “Jamur Atau Mould”

Penyebab wabah COVID-19 adalah SARS-Cov-2 yang menurut WHO adalah masuk keluarga virus, BUKAN jamur.

Selengkapnya di https://bit.ly/2wnTX2H
 #CoronavirusFacts",0
Corona virus sejenis jamur?. Dari sini sy pastikan tulisan anda tidak kredible ....,1
"Ada orang bikin utas terus dia bilang virus corona itu sejenis jamur. 

Ini ya kayak ngomong klo rendang itu sejenis cendol. Beda jauh, sejauh hatimu dan gebetanmu yg ditikung orang, kelues... Wajah tersenyum dengan mulut terbuka dan keringat dingin

Tp untung netijen yg ngebalesin pinter2. Minimal gak lupa pelajaran biologi dasar.",1
Virus Corona sejenis jamur... njir mau maraaah.,1
apasih virus corona itu? Virus corona tidak lain dan tidak bukan adalah sejenis jamur wkwkwkwkwk. Virus ambek jamur ae wes bedo keluargaaaa Wajah menangis kencangWajah menangis kencangWajah menangis kencang.,1
"Intinya dia bilang kalau corona itu sejenis jamur, bisa berkembang biak pakai media agar-agar and other dumbass statements gitu.",1
"""saya sebagai scientist yg berkecimpung dalam hal ( biochemistry & biotechnology) paham betul apa itu yg disebut virus.""

""Corona Virus tidak lain dan tidak bukan adalah sejenis JAMUR/MOULD""",1
"Ada 'Hoax Whiskey Halal', Mari Kenali Logo Halal dari Berbagai Negara http://detik.id/6AUbDz
",0
"Beredar Gambar Whiskey Halal, MUI: Itu Hoax dan Fitnah Pada Kemenag http://detik.id/6ZJVV6
",0
"Aneh bin ajaib..
Whiskey halal versi bar saudi
* Yang nama alcohol haram ya ttp haram sekalipun g 100%.",1
hee?? ada whiskey halal..,1
Whiskey halal? Ape ke bangang,1
Ade plakk whiskey halal!! Aduyai ape nak jd??,1
ini gimana??? oy gimana???? lama jack daniels ga pake alkohol... whiskey halal...... Wajah dengan air mata bahagiaWajah dengan air mata bahagia,1
"Abu Janda Koma, Cek Faktanya http://dlvr.it/RkTQZN
 #cekfakta",1
(3) “Berita Abu Janda Hari Ini Keadaan Koma”,1
"ASTAGFIRULLAH, Abu Janda Koma, Cek Faktanya

Jauhi berita HOAX seperti nasihat dari Nabi Muhammad SAW",0
"Disinformasi
Berita Abu Janda Hari ini dalam Keadaan Koma

https://facebook.com/satgascirt.bulelengkab.5/posts/395645808292365
 

Link Counter:
https://turnbackhoax.id/2020/10/28/salah-berita-abu-janda-hari-ini-keadaan-koma/
 https://kitabisa.com/campaign/urgentbantudista",1
"Mohon doanya kawan-kawan

Abu janda koma, cek faktanya
https://viva.co.id/amp/ragam/cek-fakta/1316703-abu-janda-koma-cek-faktanya?__twitter_impression=true


#PemudaBangkitLawanRezim 
#PemudaBangkitLawanRezim",1
"Abu Janda Koma di Rumah Sakit Diduga Kena Adzab http://share.babe.news/s/QccNpwpQvR
 

Bagi pecinta abu janda Wajah dengan air mata bahagiaWajah dengan air mata bahagia",1
Wah! Harga Vaksin Covid-19 di Indonesia 7 Kali Lebih Mahal dari Brasil,1
"[Cek Fakta] Benarkah Harga Vaksin Sinovac di Indonesia 1000% Lebih Mahal Daripada Brazil? Ini Faktanya https://bit.ly/3nVawbT
 #CekDuluMedcom #CaraBaruMenikmatiMedcom",1
Direktur Utama Bio Farma Honesti Basyir membantah harga vaksin Sinovac yang dijual ke Indonesia lebih mahal daripada yang dipasarkan ke Brasil. #TempoBisnis,0
"Bos Bio Farma Bantah Cina Jual Vaksin Lebih Mahal ke Indonesia Ketimbang Brasil
",0
Harga Beli Vaksin Indonesia 1000 Persen Lebih Mahal!,1
Bio Farma meluruskan isu soal harga vaksin Covid-19 yang dijual Sinovac China ke Indonesia lebih mahal dibandingkan ke negara lain seperti Brasil.,1
"PP Muhammadiyah Bantah Keluarkan 'Fatwa Haram' Memilih PSI
 http://tribunnews.com/nasional/2018/03/26/pp-muhammadiyah-bantah-keluarkan-fatwa-haram-memilih-psi


| Ada media abal2 penyebar fitnah yg mencatut Muhammadiyah",0
"PP Muhammadiyah tak Keluarkan Fatwa Haram Pilih PSI #FatwaHaramPilihPSI http://jpnn.com/news/pp-muhammadiyah-tak-keluarkan-fatwa-haram-pilih-psi
",0
"Simpatisan Amien rais haram memilih PSI, ingat, ini cuma simpatisan AR aja, bkn sikap resmi dari Muhammadiyah 
@psi_id
 

PP Muhammadiyah tak Keluarkan Fatwa Haram Pilih PSI #FatwaHaramPilihPSI http://jpnn.com/news/pp-muhammadiyah-tak-keluarkan-fatwa-haram-pilih-psi
",1
"Untuk saudara2ku Muhammadiyah, mari kita haramkan partai 
@psi_id
 .
Ingat 
@AntoniRaja
 , kamu itu pernah dibesarkan oleh Muhammadiyah, jangan jadi malinkundang yang tak tahu diuntung...

Cc 
@muhammadiyah


“Fatwa Haram” Memilih PSI http://sangpencerah.id/2018/03/fatwa-haram-memilih-psi/
 lewat @@sangpencerahweb",1
Sy dengar sdh ada FATWA dr Muhammadiyah tentang haram nya umat islam memilih PSI..???? Smoga benar apa adanya.,1
"Muak Dengan Ulah PSI, Laman FB warga Muhammadiyah Rilis Fatwa Haram Pilih PSI http://sholihah.net/2018/03/23/muak-dengan-ulah-psi-laman-fb-warga-muhammadiyah-rilis-fatwa-haram-pilih-psi/
",1
"Silahkan bermanuver mencari dukungan tokoh-tokoh.

 Yang jelas Mayoritas Netizen Muhammadiyah Dukung Fatwa Haram Pilih PSITengkorak",1
"Lucu! Hoax Kontroler PS dari Hidung Anjing http://detik.id/VEXFnH
 via 
@detikinet",0
kiranya selama ni kita dok gesek hidung anjing la bila main ps?,1
Wow ternyata tombol PS terbuat dari hidung anjing? #Sebarkan https://twitter.com/UnusuaIlmages/status/912443708645298177,1
Aku dengar analog joystick untuk PS dibuat guna kulit hidung anjing. Hemm make sense AnjingPudel,1
"Pernah lama gak main ps gara2 ada rumor stick ps haram analog nya terbuat dari hidung anjing. BLOKK Wajah dengan air mata bahagia
Kutip Tweet
",1
ASTAGHFIRULLAH TERNYATA ANALOG STICK PS TERBUAT DARI KULIT HIDUNG ANJING! PENYESATAN AKHLAK! https://twitter.com/UnusuaIlmages/status/912443708645298177,1
"Pangeran Bunuh Diri hingga Bangun Gereja, Hoax yang Menimpa Arab Saudi http://moslemtoday.com/pangeran-bunuh-diri-hingga-bangun-gereja-hoax-yang-menimpa-arab-saudi/
 via 
@moslemtodaycom",0
"Pangeran Bunuh Diri hingga Bangun Gereja, Hoax yang Menimpa Arab Saudi http://dlvr.it/QS0RSK",0
"Detik-Detik Pangeran Arab Saudi Bunuh Diri di Bandara London
https://youtu.be/jiGjkeXdFJs
",1
"Seperti kabar yang beredar, pangeran Arab Saudi Bandar bin Khalid bin Abdulaziz Al Saud dikabarkan bunuh diri di... https://fb.me/3IuA2PdBc",1
"Pangeran dan Putri Arab Saudi yang Mengalami Hal Tragis, Ada yang Tewas Bunuh Diri http://tz.ucweb.com/10_3KccJ
",1
"Pangeran Arab Saudi Bunuh Diri Menolak Diusir dari Inggris? via 
@tempodunia
  https://dunia.tempo.co/read/1069867/p",1
"Dikabarkan Google Meninggal, Henry Cavill padahal masih segar bugar nih kawula muda!

Aktor Inggris berusia 35 tahun ini baru saja mengetahui bahwa google menuliskan kematiannya pada 3 Maret lalu, WADAAAW

 Btw, lo pernah di gosipin yang nggak nggak gak? apa tuh #DGITM",0
Henry Cavill Pemeran Superman Meninggal? Ternyata Cuma Hoax https://goo.gl/fb/k4tVxr,0
AKTOR Laga Henry Cavill dikabarkan meninggal dunia https://fb.me/LX8fpOrI,1
"Dikabarkan telah meninggal, seperti ini ekspresi kaget Henry Cavill ‘Superman’, Ada-ada saja! https://horassumutnews.com/2018/03/06/dikabarkan-telah-meninggal-seperti-ini-ekspresi-kaget-henry-cavill-superman-ada-ada-saja/",1
"Info Menarik Terbaru Tentang (Pemeran Superman, Henry Cavill Dikabarkan Meninggal, Dia Beri Klarifikasi Kocak Ini) - http://infomenarik-terbaru.com/pemeran-superm",1
"Dikabarkan Google Meninggal, Henry Cavill Unggah Foto Ini https://goo.gl/fb/f45hBs
 #kplg #hollywood",1
"Digosipkan Meninggal, Henry Cavill Malah Asyik Latihan Jiu-jitsu https://goo.gl/fb/h9gsSV",1
"Isu 'Starbucks haram' sengaja diulang di media sosial

Jabatan Kemajuan Islam Malaysia (Jakim) mengesahkan kenyataan tular tokoh agama, Dr Zahazan Mohammad yang…",0
Ternyata isu haram starbucks udah ada dari tahun 2004 ya di Malaysia.. ckck persaingan bisnis ya Min..,0
"Saya juga bingung kenapa pula minum Starbuck haram karena LGBT terus masuk neraka. Terus di Mecca,Madina,Saudi Arabia,UAE,& Malaysia rileks je rakyat mereka yang Muslim makan kue & minum kopi di 
@Starbucks
 
@StarbucksMY
 .

Yang di Indonesia tak perlu nak ikut Iran atau Pakistan.",1
Starbucks haram di Malaysia ?,1
"Aku masih tertanya,kenapa kalau arak tu haram, kenapa di jual ni negara Malaysia? Kalau starbucks haram, kena dibina di Malaysia? Kenapa?",1
dan secara tiba tiba Starbucks telah disahkan HARAM oleh Jakim selepas lebih 100 buah cawangan di Malaysia ditubuhkan.,1
"Kalau Starbucks Coffee itu HARAM, kenapa cawangan dia masih dibuka di Malaysia ? Kebulur lah aku nak minum Starbucks lepas ni. Hmm",1
"Badan POM: Permen Jari Negatif Narkoba. Info lengkap klik -> http://bit.ly/2elYOT9
",0
Badan POM soal Hasil Uji Lab Permen Jari: Negatif Narkoba http://detik.id/VUvHRF,0
"Dugaan Permen Jari Narkoba, Ini Penjelasan Importir http://dlvr.it/MT21tC",1
"HAK JAWAB: Distributor Bantah Permen Jari Mengandung Narkoba: Permen Jari sudah terdaftar di BPOM da... http://bit.ly/2ekyx7P
 #okezone",1
HAK JAWAB: Distributor Bantah Permen Jari Mengandung Narkoba: Permen Jari sudah terdaftar di BPOM dan telah d... http://bit.ly/2ekyx7P,1
"waspada permen jari narkoba ini semakin beredar luas di Indonesia.  http://optidaily.com/entertainment/2016/3222/foto-gambar-permen-jari-narkoba-hari-ini-disita-bnn
 via 
@optidaily",1
"Permen Jari Dikabarkan Mengandung Narkoba, Ini Tindakan BNN: Kabar permen jari yang mengandung narkoba sehing... http://bit.ly/2dPlSg",1
Hoax Sari Roti Berganti Nama Menjadi Garmelia - Anti Berita Hoax http://antiberitahoax.id/2017/01/hoax-sari-roti-berganti-nama-menjadi.html,0
"[HOAX] Garmelia Bukan Sari Roti
https://m.facebook.com/story.php?story_fbid=1093055077463326&id=855770091191827",1
Benar gak sih dong SARI ROTI ganti nama jd GARMELIA..?,1
"""Sari roti"" berubah nama jadi ""Garmelia"" Wajah dengan air mata bahagia",1
"#TURNBACKHOAX :  Viral Boikot Sari Roti Yang Ganti Nama Jadi Garmelia https://goo.gl/fb/kXNfbh
 #beritabokis",1
Branding dan produk roti Garmelia kok makin mirip Sari Roti ya. Mengekorkah?,1
"[HOAX] Sari Roti Nyamar, Episode 2

Beredar Rumor tentang Sari Roti yang disamakan Dengan Roti Garmelia,dengan... http://fb.me/3dh05AUbU",1
"[SALAH] Foto “Kim Jong-un Meninggal Dunia Jadi Trending Twitter”

Foto suntingan, aslinya: foto jenazah Kim Jong Il, ayah Kim Jong Un yang diletakkan di peti kaca.

Selengkapnya di https://bit.ly/3aMRNYp
 #LawanHoax",0
"Jika Kim Jong Un Benar Meninggal, Kondisi Korea Utara Bakal Gawat http://dlvr.it/RVWw8P
",1
"Diisukan Meninggal, Kereta Kim Jong Un Terlihat di Foto Satelit http://dlvr.it/RVW8D5
",1
"Dirumorkan Meninggal, Pejabat Korsel Sebut Kim Jong Un Masih Hidup dan Sehat   https://ift.tt/3bIulgj
Dirumorkan Meninggal, Pejabat Korsel Sebut Kim Jong Un Masih Hidup dan Sehat   https://ift.tt/3bIulgj
",1
"Jika Kim Jong Un Meninggal, Korut Bakal Dipimpin Diktator Perempuan",1
"Kim Jong Un ilang, pada ribut berspekulasi... Ada yang nyariin, ada yang bilang udah meninggal, ada yang bilang masih hidup, ada yang bilang sembunyi takut corona... 
Ternyata, dia masih hidup khan...
Giliran Alloh ilang dari hati lo, lo santai santai aja brooh...?

#kimjongun",1
"Kalo Kim Jong Un beneran meninggal, terus diganti sama adik perempuannya, Kim Yo Jong, sebagai supreme leader, damn diktator perempuan pertama di dunia",1
"Anies Baswedan dinobatkan menjadi gubernur terbaik dunia?

Ini adalah foto Gubernur Jakarta Anies dan peserta forum walikota dunia #WCSMF lainnya di tahun 2019. Forum itu tidak menganugerahkan gelar ""gubernur terbaik dunia"".

http://u.afp.com/GubernurAnies
",1
"Jagad Facebook pernah dihebohkan dgn auto like dari Fanpage gabener 
@aniesbaswedan
 

Semburan dusta mulai disebar oleh bigot-bigotnya.

Strategi [FoF] GAGAL TOTALWajah menyeringaiPengeras suara publik

[Cek Fakta] Anies Dinobatkan Jadi Gubernur Terbaik Dunia? Ini Faktanya https://liputan6.com/cek-fakta/read/4162403/cek-fakta-anies-dinobatkan-jadi-gubernur-terbaik-dunia-ini-faktanya
",1
"[Cek Fakta] Anies Baswedan Dinobatkan jadi Gubernur Terbaik Dunia? Ini Faktanya https://bit.ly/3cqFmUq
 #CekDuluMedcom #CaraBaruMenikmatiMedcom",1
"[Cek Fakta] Anies Dinobatkan Jadi Gubernur Terbaik Dunia? Ini Faktanya

Setelah ditelusuri, kabar tentang Anies Baswedan yang dinobatkan sebagai gubernur terbaik di dunia ternyata tidak benar. 
@My_LoveNebe
 
@b4yuw
 
@AlvinoLulu
 
@NannyAlexendry
 
@cintada17",0
"°
°

Diunggah sendiri, diramein sendiri, dijelek²in sendiri, abis itu puas sendiri, gila sendiri Wajah tersenyum dengan mulut terbuka dan keringat dinginWajah dengan air mata bahagia

Cek Fakta : 
Beredar Foto Yg Perlihatkan Anies Baswedan Dinobatkan sebagai Gubernur Terbaik di Dunia

https://martirnews.com/2020/10/cek-fakta-beredar-foto-yang-perlihatkan.html?m=1


Tangan menulis Ediez Eidelweiss 
https://m.facebook.com/story.php?story_fbid=223941569065243&id=100043482041850
",1
"Setelah ditelusuri, kabar tentang Anies Baswedan yang dinobatkan sebagai gubernur terbaik di dunia ternyata tidak benar. Gambar yang disebarkan oleh akun facebook Moeh Fadhil Sembiring ternyata bukan penobatan gubernur terbaik di dunia.
",0
"Abu Janda Demo 
@aniesbaswedan
 itu bukan karena banjir tapi karena iri sama ini,  
@aniesbaswedan
 dinobatkan sebagai  Gubernur terbaik didunia 
Ya Maklum aja deh",1
Mungkin mereka pake dalil tinta cumi adl darah jd cumi haram,1
"1. Cumi hewan laut. Dan hukum asal hewan laut itu HALAL. Baik hidup atau mati (bangkai), baik kulit, daging, ataupun darahnya

Jadi apa yg terkandung dlm hewan laut, semuanya HALAL. Termasuk tinta cumi.Kilauan cahaya",0
"1. CAIRAN HITAM CUMI-CUMI
Katanya, tinta hitam cumi-cumi itu haram dimakan?
#fikih",1
"Demi apapun, katanya tinta cumi haram ya? I cinta mati ama cumi tinta itammmmWajah menangis kencangWajah menangis kencang",1
"Smpet baca soal tinta cumi haram 
Pantas saja nikmatttttt",1
"Biskuit Mudah Terbakar, Nissin Bantah Produknya Mengandung Lilin http://okz.me/VgAK
",1
"Klarifikasi BPOM tentang biskuit yg mudah terbakar ini:... http://fb.me/WDycJI9O
",1
"Sekalian aja tak jelasin pake bhsa yg bikin dia pusing ""kemungkinan bahan bikin biskuitnya mudah terbakar. Biasanya biskuit pake shortening"" 

Mana ngerti ya Ibu2 sama shortening. Taunya ""lenga"", with an a (dibaca a), logat banyumas",1
"HOAX: Biskuit Mudah Terbakar Karena Mengandung Lilin

https://turnbackhoax.id/2017/01/26/hoax-biskuit-mudah-terbakar-karena-mengandung-lilin/
",1
"Itu namanya pembodohan, bukan bahannya lilin, semua biskuit yg kadar airnya rendah akan mudah terbakar, di tambah serat serat biskuitnya yg dapat menjalarkan api dengan cepat. Bukan ada lilinnya. Coba aja merk lain selain itu yg biskuit kering, roti bagelen coba bakar.",0
"Gawat!! Biskuit Crispy Crackers Nissin Kok Mudah Terbakar, Jangan Jangan Mengandung.... |... http://fb.me/2cXOfs1iA
",1
"Biskuit Mudah Terbakar, Nissin Bantah Produknya Mengandung Lilin http://dlvr.it/KjTMJm
",1
Penjelasan Badan POM RI terkait Luwak White Koffie yang dicurigai mengandung DNA Babi.,0
"Luwak White Koffie Diduga Mengandung Babi, Ini Penjelasan dari LPPOM MUI http://de.tk/lOndh
",1
"Benarkah L*wak White Koffie Mengandung Babi? Inilah KEBENARANNYA http://dlvr.it/MH5plk
",1
"horor juga, buka kemasan keluar babi hohoRT @byunobel #INFO Luwak White Koffie Diduga Mengandung Babi.",1
"kurang ajar trnyata kopi luak white koffie mengandung babi,,:p :p",1
"Beredar BBM Luwak White Koffie mengandung babi: Warga Jakarta kembali dikejutkan dengan pesan berantai BlackBe... http://bit.ly/13kSsvZ
",1
"LUWAK WHITE KOFFIE MENGANDUNG UNSUR BABI..???

Beredar info permasalahan product Luwak White Koffie yang diduga... http://fb.me/85EQ0XLvP
",1
"[Cek Fakta] Hoaks Es Krim Magnum Mengandung Lemak Babi
",0
Ternyata es krim magnum mengandung babi lihat cuplikan berikut,1
"Es Krim Magnum Mengandung Babi Hebohkan Netizen http://fb.me/7J7rbOo63
",1
"Malem ini terakhir makan es cream magnum .. 
Es cream magnum mengandung minyak babi",1
iyah semacam lah :) RT @FakhriMaulud_17 Bukan babi tapi minyak babi rid. RT @Farid_Nurdin07: es krim magnum mengandung babi #kaskus,1
es krim magnum mengandung lemak babi ? :O oh noooooo,1
"Sama kayak papaku nder. Dulu jaman rumor es krim magnum pake gelatin babi papaku percaya, tapi papaku tetep beli. Katanya ""yang haram-haram tuh sebenernya enak"" Wajah menangis kencangWajah menangis kencangWajah menangis kencang",1
"[SALAH] Azan Dapat Melemahkan Virus Corona

Grafik suara tidak muncul karena tipe suara mono, BUKAN efek dari azan.

Selengkapnya di https://bit.ly/3arHHvU
 #CoronavirusFacts",0
"Misinformasi Suara Azan Dapat Melemahkan Virus Corona - http://Tirto.ID
 https://tirto.id/eNsG?utm_source=Twitter&utm_medium=Share
",1
"#FactCheck : Video Ini Bukan Bukti Suara Azan Lemahkan Virus Corona COVID19 

Klaim suara azan dapat melemahkan #COVID19 tidak benar, video sebenarnya mengklaim efek tubuh saat mendengarkan azan. Video tersebut beredar sebelum COVID19 mulai mewabah.
 https://liputan6.com/cek-fakta/read/4225690/cek-fakta-video-ini-bukan-bukti-suara-azan-lemahkan-virus-corona-covid-19
",1
yang harus diperiksa adalah orang yg percaya suara azan bisa melemahkan virus covid-19.,1
"Benarkah Suara Azan Dapat Melemahkan Virus Covid? https://kaskus.co.id/thread/60efe5d42fbe133152043ca1/benarkah-suara-azan-dapat-melemahkan-virus-covid/?utm_source=twitter&utm_medium=social&utm_content=&utm_campaign=organic-share
 #ForumKaskus",1
"Ini mirip kayak di India, kalo gak salah suara bising (hasil dari dibenturkan 2 besi/pipa besi) bisa melemahkan/menghilangkan covid. Bedanya ini pakai suara azan",1
"[SALAH] Nasi Padang Menjadi Sumber Penularan Covid-19

Klaim SALAH dan MENYESATKAN, pelaku penyebar kabar hoaks tersebut sudah ditangkap dan meminta maaf.

Selengkapnya di https://bit.ly/32cQbqf
 #LawanHoax",0
"Kicau Jelata 

Kicau : kata si Lim Kei Jong alias Herman HATI2 MAKAN NASI PADANG. Nasi padang sumber penularan virus covid-19“

Jelata : Dari zaman moyang, keluarga gua dah makan nasi Padang. Ngak ada yg kena covig-19.
Ngak cukup hanya materai Rp.6.000 saja.harus di proses hukum.",1
"HOAKS
Nasi Padang Sumber Penularan Covid-19

https://facebook.com/satgascirt.bulelengkab.5/posts/310136976843249
  

Link Counter:
https://food.detik.com/info-kuliner/d-4952542/sebut-nasi-padang-penyebab-virus-corona-pria-ini-minta-maaf

https://minews.id/viral/viral-kakek-ini-sebut-nasi-padang-sumber-penularan-covid-19-cuma-hoaks-dan-minta-maaf
",1
"http://nglegok.com/index.php/Cek
 Fakta: Viral Pesan WhatsApp Sebut Nasi Padang Jadi Sumber Penularan Covid-19",1
"Polisi jangan ikut DOGOL!!! Harusnya TERIMA KASIH diINGATKAN!!! Apa2 yg LKJ katakan 100% BENAR!!
Lim Khei Jong Bikin Heboh! Sebut Warung Nasi Padang Sumber Penyebaran COVID-19, Begini Nasibnya…",1
"Wow mau penggiringan opini sumber covid dari nasi padang?? 

Ah bangsat cuman minta maaf doang urusan selesai!",1
"Cek Fakta: Viral Pesan WhatsApp Sebut Nasi Padang Jadi Sumber Penularan Covid-19 https://cariviral.com/cek-fakta-viral-pesan-whatsapp-sebut-nasi-padang-jadi-sumber-penularan-covid-19/
",1
"Lingkar bumi yang diukur masa Abbasiyah hasilnya 41, 248 km. Hari ini menurut satelit lingkar bumi adalah 40, 070 km. Akurasi sekitar 3% meski dengan teknologi berbeda.
Absen Sampeyan posisinya dimana? Wajah tersenyum
#semangatpagi
",0
Bumi datar,1
tapi katanya bumi itu datar ca…,1
Konspirasi bumi datar,1
"Hoax! Karena bumi itu datar!
Ya kan bro 
@conan_idn
 ..
:)~",1
Kalau bumi datar hasil ukurnya berapa ya?,1
"Ini #hoaks yang nebeng tenar kasus #difteri 

Faktanya, #Difteri disebabkan oleh bakteri corynebacterium diphtheriae, bukan disebabkan oleh kencing tikus atau cabe bubuk/tabur.

#antihoakskesehatan #ahoaks
",0
Lg wabah difteri dr kencing tikus.. Waspadalah..,1
"Awas, ada hoax soal cabai dan tikus yang dikaitkan dengan difteri http://dlvr.it/Q7MqVM
",1
Para pemakan hoax lebih percaya kalau cabe kering yang tercemar kencing tikus yang menyebabkan wabah difteri daripada absennya imunisasi pada banyak anak yang orang-tuanya enggan dan menolak vaksinasi #ImunisasiCegahDifteri,1
"New post (Sempat Beredar Video Cabai Kering Dipenuhi Tikus Penyebab Difteri, Ternyata ...) has been published on  - http://terbaru.biz/sempat-beredar-video-cabai-kering-dipenuhi-tikus-penyebab-difteri-ternyata-begini-faktanya/
",1
"Viral! Video Cabai Kering Dipenuhi Tikus dan Dianggap Penyebab Difteri, Ternyata Begini Faktanya – Berita Terbaru https://seputarindonesia.org/viral-video-cabai-kering-dipenuhi-tikus-dan-dianggap-penyebab-difteri-ternyata-begini-faktanya-berita-terbaru.html
",1
"Video cabai kering yang dipenuhi tikus jadi viral di media sosial. Katanya, itu adalah penyebab banyaknya orang meninggal karena difteri. Apa benar?
",1
"Mata Jenazah Pasien COVID-19 Diambil Diam-diam, Cek Faktanya http://dlvr.it/S4TWKy
 #cekfakta",1
"Jenazah covid mata diambil, Besok besok ganti boneka mayatnya, soalnya udah habis terjual #pemerintahtolol #terawan #Jokowi",1
"ORGAN MATA JENAZAH COVID-19 DI JEMBER DIAMBIL HINGGA BERLUMURAN DARAH
Beredar rumor jenazah pasien Covid-19 di Jember diambil organ matanya hingga berlumuran darah. Info tsb tidak benar, lengkapnya: https://bit.ly/37emYN5

#organmata #jenazahcovid19 #belumurandarah",0
"Non covid dimasukan covid 
Biadab rumah sakit indonesia dg kondisi bola mata jenazah diambil pihak RS 
@susipudjiastuti
  
@AgusYudhoyono
  
@mohmahfudmd
  
@NajwaShihab
  
@fahiraidris
  
@riekediahp
  
@ridwankamil
",1
Ini yg dimaksud sender jenazah jantungnya sama mata ilang (dijual/diambil) atau karna kampungnya bodoamat sama covid?,1
"CEK FAKTA: Hoaks, Video Sebut Bola Mata Jenazah Covid-19 Diambil: Informasi bola mata jenazah Covid-19 diambil tanpa sepengetahuan keluarga adalah hoaks. Jenazah masih dalam keadaan utuh meski terjadi pendarahan",0
"Beredar narasi yang menyebutkan mata jenazah pasien Covid-19 diambil tanpa sepengetahuan keluarga. Benarkah?
",1
"[SALAH] Air Rebusan Bawang Putih Dapat Menyembuhkan Covid 

Kementerian Kesehatan Republik Indonesia melalui Sekretaris Direktorat Jenderal Pencegahan dan Pengendalian Penyakit Achmad Yurianto menyatakan bahwa …",0
"Air Rebusan Bawang Putih Bisa Menyembuhkan dari COVID-19, Cek Faktanya http://dlvr.it/S3RPJd
 #cekfakta",1
"Petua : minum air rebusan bawang putih boleh mengubati virus Covid-19

Wanita menepuk jidat",1
"Ada yang pernah denger gak sih kalau rebusan bawang putih efektif untuk menangkal Covid-19?
Bener atau engga sih?

Cari tahu disini yuk!
http://bit.ly/rebusangarlicRSLJD


@inova_medika


#StaySafe #dirumahaja #JagaJarak  #Jatimbebascovid #StayAtHome #COVID19  #Jatim #madiun",1
Minum air rebusan bawang puteh bleh sembuh covid pala buto apa ada jgak friends aku bangang pi share kat fb.....,1
"Mitos atau fakta nih kalau air rebusan bawang putih bisa menyembuhkan Covid-19?

Langsung cek di link punya mimin yuk!
http://bit.ly/rebusanbawangputih


@inova_medika


#StaySafe #dirumahaja #JagaJarak  #Jatimbebascovid #RSLapanganIjenBoulevardMlg  #StayAtHome  #COVID19 #mitos #fakta",1
"GOOD NEWS 

virus wuhan's corona covid-19 boleh diubati dengan meminum air rebusan bawang putih, amalan ni dikongsi oleh pegawai perubatan cina dan telah disahkan berkesan sebagai pencegah dari dijangkiti dan mengubati pesakit yang telah dijangkiti covid-19.",1
"[SALAH] Campuran Air Panas dan Lemon, Rahasia Vietnam Tak Alami Kasus Kematian Akibat Covid-19 

Faktanya sampai hari ini dilaporkan terdapat 84 kasus kematian akibat Covid-19 di Vietnam. Campuran air panas dan lemon juga ...
",1
"Cek Fakta: Vietnam Tak Ada Kematian COVID-19 karena Air Panas & Lemon http://dlvr.it/S3R7kk
 #cekfakta",1
"Sapa la mula sebar mesej Whatsapp kata di Vietnam COVID19 boleh dicegah dengan minum air teh hijau panas campur lemon? pundek, orang tua kat kampung dah percaya.",1
itulah sebabnya orang Vietnam santai saja dengan menyebarnya virus covid 19... Di Vietnam rata2 semua orang minum segelas air panas dengan sedikit lemon di malam hari... Karena telah terbukti membunuh virus covid 19 secara total... Bagikan resep sakti,1
"Kahak tu jadi ada macam2 virus. 
So ada ikhtiar tanpa vaksin.
Amal petua ni!!
- air madu suam/panas sederhana + lemon potong brapa slice/perah .Punggung tangan dengan jari telunjuk mengarah ke kiriPunggung tangan dengan jari telunjuk mengarah ke kiri 
Ni petua orang vietnam. Vietnam sana kurang gejala covid19. Inshallah ada ikhtiar. 
Amalan penting :
Mask
Jarak sosial
Itu saja.",1
Benarkah di Vietnam tdk ada angka kematian C19 dengan cuma minum air panas + perasan jeruk lemon dan teh celup? Diminum saat mau tdr. Kenapa kita jadi sibuk enggak karuan dan repot2 bikin vaksin + mau beli lagi dari arab. Imbau saja masyarakat untuk melakukan obat yg simple itu.,1
kemampuan detensif juga akan berkurang.. itulah sebabnya orang Vietnam santai saja dengan menyebarnya virus covid 19... Di Vietnam rata2 semua orang minum segelas air panas dengan sedikit lemon di malam hari... Karena telah terbukti membunuh virus covid 19 secara total..,1
"[SALAH] Vaksin Covid-19 Merusak Sel Otak dan Sel Darah 

Associate Professor dan Peneliti Kimia Farmasi Universiti Putra Malaysia mengatakan bahwa virus yang menyerang otak …",0
"VAKSIN ITU SENJATA BIOLOGI
... Merusak Gen
... Pengentalan Darah
... Melumpuhkan Sel Otak
... Jangka 2hari. 2bulan. 2tahun akan membunuh

ALHAMDULILLAH. Skrg ada penangkal/ menetralisir daya rusak vaksin itu
Ahli Biologi-Biokimia anak bangsa",1
"timerosal yg terkandung dalam vaksin sedikit demi sedikit akan merusak sel-sel otak pada anak, yg mengakibatkan sel otak anak tdk berfungsi",1
Cek Fakta: Tidak Benar Vaksin Bisa Merusak Sel Darah dan Sel Otak,1
"Kedunguan yg menjalar menjadi wabah akut yg merusak sel otak, mengakibatkan kedunguan yg kompleks. Obatnya cuma satu instal otak dengan program akal sehat....
Besok kita adakan vaksin akal sehat untuk manusia yg sudah terjangkit kedunguan",1
Benarkah vaksin Covid-19 bisa merusak sel otak dan sel darah karena ada kandungan aluminium? Simak penjelasannya berikut!,1
"VAKSIN ITU SENJATA BIOLOGI
... Merusak Gen
... Pengentalan Darah
... Melumpuhkan Sel Otak
... Jangka 2hari. 2bulan. 2tahun akan membunuh

SubhanAllah Begitu Dahsyat nya Efek Dari VAKSIN C19 .
#RezimPenjahatHAM
#RezimPenjahatHAM",1
"Kita ambil hikmah di balik ganasnya pandemi #Covid_19 Dunia. Ada data sementara, lapisan OZON yg dulu menipis dan robek sekarang mulai menebal lagi. Allah selalu membuat sebuah cerita dengan teliti dan terencana. Karena Allah SWT Sutradara terbaik.",1
"Momok Covid-19, dari Pulihkan Lapisan Ozon Sampai Peran Aktif Tagana",1
"Jika Covid kita jadikan hal yg positif, bisa jadi kita semua ini virusnya & covid ini vaksinya. Setelah diberlakukan lockdown/psbb kita bisa merasakan udara sejuk di kota metropolitan, lapisan ozon kembali tertutup, pegunungan kembali hijau, dll. Don't be serious, just opinion",1
"Hikmah Covid-19 corona virus. Lapisan ozon mulai menutup, Industri-industri raksasa di seluruh dunia menghentikan mesinnya (Kecuali di Indonesia). Alam sedang memulihkan Ekosistemnya. Bumi meneruskan hidupnya yang indah dan menempatkan manusia di kandang...",1
Bumi sedang memperbaiki dirinya dengan cara mendatangkan Covid-19 dalam dirinya yang membuat lapisan ozon di bumi semakin baik,1
"Ada hikmah di sebalik wabak COVID-19. Lapisan ozon pun semakin pulih, bumi dapat berehat daripada pencemaran. Moga ini dapat menjadikan bumi cepat pulih",1
Cek Fakta: Foto Ini Bukan Bukti Lapisan Ozon Membaik Akibat Wabah COVID-19,0
"Wuakakakakakakakaka RT @feli96xd: Gajah berkaki lima RT ""@KurangAsem : #BeritaAsem Ditemukan ... di Luar Galaksi Kita.""",1
"Gajah berkaki lima, sebarkan. Jangan berhenti di kamu",1
Gajah itu hewan berkaki lima,1
Menarik! Gajah berkaki Lima!,1
"fadli zon : kalau habibi rizieq dipenjara, saya mundur dari DPR saja",1
Ayo dorong Fadlizon sesuai ucapannya untuk mundur dari DPR.,1
"Pak 
@fadlizon
, jadi mundur kah ?",1
"gemar menelan biji jambu dan cabai, akan terkena usus buntu karena biji-biji tersebut tidak dapat dicerna dengan baik oleh tubuh. Sehngga, dikhawatirkan masuk ke usus buntu alias sekum yang mengakibatkan peradangan.",1
Biji nya jangan d telen ntar usus buntu bep,1
"@kopijalang
kangmasdabrosis,pagi tdi aku sadar kalo dilambung ada kebuntuan,apa bnar kebanyakan ngopi bikin usus buntu?@biji_kopi_",1
"[BENAR] Usus Buntu Bukan Disebabkan Oleh Menelan Biji Jambu

Dokter Sehat: ""Pakar kesehatan dan gizi bernama Inge Permadhi menyebutkan bahwa tanpa sengaja menelan biji jambu atau biji ..."", selengkapnya di bagian PENJELASAN dan REFERENSI.

http://bit.ly/2BuYUs7 #LawanHoax",0
Yg kek gini baru bisa bikin usus buntu. Biji cabenya bisa nyelip.,1
"""Seperti kebanyakan virus lain, virus ini tidak boleh hidup dalam persekitaran yang kering seperti tablet paracetamol""",1
"Peringatan Urgent! Hati-hati untuk tidak menggunakan parasetamol yang datang ditulis P/500 ini adalah parasetamol baru, sangat putih dan mengkilap, mengandung ""machupo"" virus, dianggap salah satu virus yang paling berbahaya di dunia. . .",1
Kenyataan Akhbar KPK 8 Februari 2017 – Isu Tablet Paracetamol Mengandungi Virus “Machupo”… http://kpkesihatan.com/2017/02/08/kenyataan-akhbar-kpk-8-februari-2017-isu-tablet-paracetamol-mengandungi-virus-machupo-yang-tersebar-luas-di-laman-media-sosial,0
"2.Hingga kini 
@BPOM_RI
 tdk pernah menerima laporan kredibel yg mendukung klaim bahwa virus Machupo ditemukan dlm obat Parasetamol",0
"jadi syarat administrasi ,fotokopi bukti vaksin dan ktp",1
Setelah masa-masa kaya gini pasti semua administrasi kependudukan bakal mewajibkan surat/kartu bukti vaksin.,1
" Ketika vaksin covid msh diberikan gratis,

PushpinMANFAATKAN KESEMPATAN TSB

Ketika Anda diundang, trus ga dateng, ga masalah juga sih!

Tapi, ketika nanti smua persyaratan administrasi mewajibkan anda menunjukkan bukti sdh di vaksin

Pushpin MOHON MAAF KESEMPATAN ITU SUDAH LEWAT.",1
"nolak vaksin bangga? awamu gurung ngrasakne ae ribet e administrasi negoromu. saiki gurung kroso, ga menutup kemungkinan nek nang ngarepe sembarang syarat e kudu nyertakan bukti telah di vaksin. Rolling on the floor laughing",1
"Habis vaksinasi ini pasti bakal ada persyaratan administrasi dan persyaratan perjalanan yang harus pakai bukti bahwa telah di vaksin. 

Bobroknya Negeriku.",1
"NAH ekwkwkw
tp kayaknya nanti ada aja beberapa administrasi yg harus ada bukti udah vaksin Face with hand over mouth kalau ga mau vaksin wajib PCR

heran kmren dibandung bejibun antri vaksin, tadi cek jadwan disindang banyak kosong",1
yuhu indonesia sekarang termasuk kategori extremely high risk virus covid loh guysSmiling face with tear,1
"Indonesia masuk dalam kategori Extremely High-risk Covid-19 :"")

Astaga sedih + ngeri banget dengernya Loudly crying faceBroken heart",1
"Indonesia masuk kategori A1 High Risk Covid. artinya negara manapun berhak melarang Indonesia masuk ke negaranya. TAPIII, pertanyaan w, knp WNA masih tetap masuk ke Indonesia?Upside-down face",1
"Masih ingat pernyataan LBP diawal pandemi Covid-19? TKA China pun banjiri Indonesia.

Saat ini, WHO pun menetapkan Indonesia masuk negara A1 High Risk, artinya: Negara lain berhak menolak warga Indonesia masuk ke negaranya.

Ayo, bangkit dan bergeraklah selamatkan Indonesia. Raised fist",1
indonesia sekarang termasuk kategori extremely high risk virus covid loh guysExploding head,1
"Juru Bicara Vaksinasi Covid-19 Kemenkes, dr Siti Nadia Tarmizi menjelaskan bahwa WHO tak pernah membuat klasifikasi untuk suatu negara terkait pandemi Covid-19. Hal ini menanggapi beredarnya informasi hoax Indonesia masuk sbg negara A1 High Risk Covid-19.",0
"Belum lagi hilang dari ingatan, kalau ada seorang janda hamil tampa suami di cianjur, 
Dan sekarang muncul lagi berita seorang wanita yang dihamili ikan, 
Kutukan apa yang menimpa kedua wanita semacam ini,",1
Wanita ini ngaku dihamili oleh ikan,1
"Wanita Ini Mengaku Dihamili oleh Ikan, Berikut Gambar Janinnya. > https://bit.ly/2RvDDV6",1
Percaya Takhayul Wanita Ini Ngaku Dihamili Ikan - ZoyaQQ Lounge http://zoyaqqlounge.com/masih-percaya-takhayul-wanita-ini-mengaku-dihamili-ikan/,1
"Wanita ini ngaku dihamili oleh ikan
Wanita ini ngaku dihamili 
Wanita ini
Wanita
Selalu buat sakit",1
"Sementara itu...

Wanita Ini Ngaku Dihamili oleh Ikan https://law-justice.co/artikel/77390/wanita-ini-ngaku-dihamili-oleh-ikan/",1
"Wanita ini Mengaku Dihamili Ikan, Pas Diperiksa Dokter Spesialis Trnyata Kista http://dlvr.it/RMVZwY",0
Masker merusak imun tubuh penggunaan dlm jangka panjang dpt mematikan hormon & sel pada tubuh anda,1
"Pengunaan Masker dalam jangka Panjang dapat Merusak imun tubuh Mematikan Hormon dan Sel

(Komjen PolDrs DharmaPongrekun M.M)",1
Karena Masker Merusak Imun Tubuh Makhluk Hidup ....,1
Masker merusak imun tubuh ..,1
thumbnile: Masker Merusak imun tubuh penggunaan dalam jangka panjang mematikan hormon dan sel,1
Cek Fakta: Tidak Benar Masker Bisa Merusak Imun Tubuh dan Tidak Aman Bagi Pencegahan Covid-19,0
"Gaiss… Tau nggak Zat BPA yang terkandung di Galon Isi Ulang, ternyata berbahaya bagi Bayi, Balita & Ibu Hamil! Sedihnya lagi, kita di Nina Bobokan selama ini dengan dalih bahwa galon Polikarbonat itu aman dan turut menjaga lingkungan.",1
"Contohnya : ""Peringatan konsumen, Bahan Kemasan Plastik Galon Isi Ulang air minum ini, mengandung zat BPA yang Berbahaya Bagi Kesehatan Bayi, Balita & Ibu Hamil. Dapat Mempengaruhi Berat Badan Lahir, Perkembangan Harmonal & Perilaki, Hingga Resiko Kanker Dikemudian Hari"".",1
"Btw ka 
@raisa6690
 mengetahui ngga ya? ada bahaya zat BPA yang terkandung di galon isi ulang? semua negara maju eropa dan negara bagian Amerika sudah melarang penggunaan BPA loh ka,",1
"Bagi konsumen terutama ibu-ibu yang masih mengonsumsi air minum kemasan yang mengandung BPA, baiknya ditelusuri dulu bahaya kandungan BPA terutama pada bayi balita & ibu hamil untuk alasan kesehatan & pertumbuhan yang lebih baik ya moms.. ",1
"[SALAH] “Zat BPA yang terkandung di Galon Isi Ulang, Ternyata Berbahaya bagi Bayi, Balita & Ibu Hamil!” 

FAKTANYA, kandungan BPA dalam galon isi ulang TIDAK berbahaya sejauh memenuhi syarat ambang batas aman. Selain itu, …",0
"Tangsel Zona merah
Tangerang Zona hitam
Relieved face
Inhale....
Exhale....
Fiuuuh Wind blowing faceWind blowing faceWind blowing faceUpside-down face",1
"Haduh mam.. ada yg mnggal karna cvd19 di rumah sakit tempat ayah ku dirawat :"" 

Stay safe semuanya :""
Di Tangerang udah zona hitam",1
"Kemaren jkt zona hitam, hari ini tangerang juga zona hitam HAHAHA Thumbs upFace with tears of joy yuk cuti",1
mari pindah ke bekasi depok tangerang dimana zona hitam tak ada halangan untuk aktivitasmu dengan tetap mengingat pesan ibuSparkles,1
"Beredar pesan di aplikasi WhatsApp bahwa daerah Larangan Utara, Kota Tangerang, berstatus zona hitam. Info itu dipastikan hoax.",0
Mabes Polri memastikan bahwa informasi persyaratan membuat SIM dan SKCK per 1 Juli 2021 harus memiliki surat keterangan sudah divaksinasi adalah hoax. Pihak kepolisian sangat menyayangkan beredarnya informasi hoax tersebut,0
"Katanya vaksin tidak menjamin kekebalan atas virus corona, tapi kok sekarang apa apa kudu harus pake sertifikat vaksin?

Ini sama saktinya sama skck ya?",1
"Pertama, karna sekarang udh ada peraturan mau ngurus berkas administrasi macem sim, skck, ktp dll harus ada sertifikat vaksin, minimal surat dosis pertama, mau tes pns jg nih, dari pada ribet nanti kalo udh deket hari mending sekarang",1
"Permisi, numpang tanya.
Apa bener sekarang kalo mau ngurus keperluan di instansi harus ada bukti sertifikat vaksin ?
Misal mau buat skck, harus nunjukin sertifikat vaksin ?
Terima kasih buat yang baca dan yang ngerespon
[TF]",1
"vaksin kan tida wajib, ngurus skck wajib ada sertifikat vaksin",1
"Selamat pagi min.
Saya mau mengklarifikasi perihal informasi ini.
Kalau ingin mengurus SIM dan SKCK harus memiliki surat keterangan vaksin itu HOAX. Lantas kenapa di Polres Mamasa, Sulawesi Barat, memberlakukan hal demikian. Maksudnya mewajibkan sertifikat vaksin.?",1
kalau tak silap lecturer saya ada bgtau. ada certain vaccine sebenarnya mmg ada logam tu. utk stabilize structure dia. tapi kuantiti dia sgt la sikit n tak bahaya utk badan kita,1
Hmmm dalam vaksin ada dna babi monyet nanah logam hmmm #murung,1
"Tolong bantu dikasih tahu ke saudara² kita yg kena covid 19..
Ini obat pemberian dari TUHAN yg mudah didapat yg sangat manjur.. 

🥥 1 buah air kelapa     muda 
🍈 1 buah jeruk nipis diperas
🥄1/2 sendok teh garam
🥃 2 sendok madu
Semuanya diaduk dan diminum airnya",1
"Air kelapa muda kasih
Jeruk nipis
Madu asli
Garam dapur
Dan di minum...

Anti covid alami..
Insyaallah..",1
"Mencegah Covid-19
Bahan2nya Sbb :

🥥 Air KELAPA MUDA (1 buah) 

🍈 Air JERUK NIPIS (1 buah) 

 🥄 GARAM 1/2
Sendok Teh

🥃 MADU 2 Sendok

Semuanya diaduk dan Minum Airnya.
mudahah-mudahan Semuanya dalam Keadaan Sehat Walafiat.",1
"Air kelapa muda 1buah, tambah perasan jeruk nipis 1 buah, tambah garam 1/2 sendoh teh, di aduk rata lalu diminum
Insya Allah covid hilang",1
"Tolong bantu dikasih tahu ke saudara² kita yg kena covid ini obat pemberian YANG MAHA KUASA yg sangat manjur, air kelapa muda 1 biji, peras 1 biji jeruk nipis tambah 1 sendok garam makan, diaduk dan diminum airnya, dijamin 1 jam kemudian virusnya insyaa Alloh akan  hilang",1
"Info hari ini: mulai besok jam 05.27 kita akan mengalami fenomena Aphelion dimana letak bumi akan sangat jauh dari matahari. kita tidak bisa melihat fenomena tsb, tapi kita bisa merasakan dampaknya, ini akan berlangsung sampai bulan agustus. kita akan mengalami cuaca dingin melebihi cuaca dingin sebelumnya, yang akan berdampak meriang flu,batuk sesak nafas dll. pantes sj aku sakit",1
"Apakah akhir-akhir ini udara terasa dingin? Jika iya, apakah pengaruh dari Fenomena Aphelion? Fenomena Aphelion adalah fenomena alam ketika posisi bumi berada di titik terjauh dari matahari. Fenomena ini terjadi di bulan Juli - Agustus. Jangan lupa share, like dan comment",0
"Mulai hari ini terjadi ""FENOMENA APHELION""

menjauhnya matahari dari permukaan dari 90.000.000km mnjadi 152.000.000km

Akan terjadi pe bln Agustus di mungkinkan hawa dingin❄Leaf fluttering in wind akan menyelimuti nya... 

Bersiap-siap Kridong wan-kawanSmiling face with open mouth and smiling eyesFolded hands",1
"Jarak bumi ke matahari perjlnan 5 mnt cahaya atau 90.000.000 km. Fenomena aphelion menjadi 152.000.000 km . 66 % lbh jauh. Jadi hawa lbh dingin, dampaknya ke badan kurang enak karna ga terbiasa dgn suhu ini.
Semoga kita tetap dalam lindungan-Nya amiin. 
",1
"Mulai hari ini jam 05.27 kita akan mengalami *FENOMENA APHELION*, dimana letak bumi akan sangat jauh dr matahari. Kita tdk bs melihat fenomena tsb, tp kita bs merasakan dampaknya.Ini akan berlangsung sampai bulan Agustus.Kita akan mengalami cuaca yg lebih dingin dari biasanya yang akan berdampak meriang,flu,batuk sesak nafas dll. Oleh Krn itu mari kita semua tingkatkan imun dgn byk2 minum vitamin atau suplemen seperti madu murni agar imun kita kuat dan badan terasa hangat. Smg kita semua selalu ada dlm lindunganNYA. Aamiin. Biasanya Jarak bumi ke matahari perjalanan 5 mnt cahaya atau 90.000.000 km. Saat Fenomena Aphelion menjadi 152.000.000 km . 66% lbh jauh.akibatnya udara akan jauh lebih dingin dari biasanya.
~~Butuh kehangatan lebih dari biasanya nih,~~
YUK PELUKAN BARENG2 BIAR LBH HANGAT😘😉",1
"Gimana nih? Nemu yg beginian di wag

Swab Uji Tes Antigen Dengan Tetes Air Keran. Dan Apa Yang Terjadi

Air Keran Positif COVID 19... Bagikan Video Ini Sehingga Seluruh Dunia Akhirnya Menyadari Bahwa Tes Ini Benar-Benar Penipuan......",1
"Swab Uji Tes Antigen Dengan Tetes Air Keran. Dan Apa Yang Terjadi

Air Keran Positif COVID 19... 😱😱😱",1
Swab Uji Tes Antigen Dengan Tetes Air Keran. Dan Apa Yang Terjadi Air Keran Positif COVID 19... Bagikan Video Ini Sehingga Seluruh Dunia Akhirnya Menyadari Bahwa Tes Ini Benar-Benar Penipuan......,1
"Swab Uji Tes Antigen Dengan Tetes Air Keran. Dan Apa Yang Terjadi

Air Keran Positif COVID 19... Bagikan Video Ini Sehingga Seluruh Dunia Akhirnya Menyadari Bahwa Tes Ini Benar-Benar Penipuan...... https://twitter.com/RdAinul/status/1383361818286981122/video/1",1
"Ternyata AIR KERAN bisa positif COVID 19...
😎😎😎👏👏👏",1
"Air keran dites positif Covid-19? ❌

Alat tes Covid-19 tidak diperuntukkan untuk penggunaan dengan air dan cairan lainnya, kata perusahaan pembuatnya.",0
"Yg buka potensi bahaya sampingan dari vaksin Covid19 sudah disampaikan oleh tim ahli peneliti spti di video tsb,,
Sementara yg masih denial seolah vaksinasi (yg ada saat ini) sbg satu²nya cara yg mujarab memutus mata rantai Covid19, masih berkeluyuran di medsos maupun real life,,",1
"Hidup steril WAG, baru tau ada video cnn Potensi Bahaya Virus yang beredar terus di WAG. 🤬Thanks to you, orang-orang di sekeliling pada ga mau vaksin karena liat videonya. Is it worth the money?",1
Tanda kekuasaan yang sebentar lagi akan jatuh. Sebelum pulau Kalimantan dijadikan jaminan hutang RI ke Cina. Untuk itulah si pinokio dipelihara dua periode.,1
"Katanya cina meminta Pulau Kalimantan sebagai jaminan hutang Negara. 
Secara tidak langsung Negeri ini akan di jajah secara perlahan :')
#IndonesiaKolaps",1
Beredar kabar ia letakkan jabatan presiden setelah berhasil jadikan pulau Kalimantan sbg jaminan hutang ke cina. Hal yang biasa dikerjakan seorang kamerad PKI.,1
"Pemimpin China mau ke Indonesia, minta Pulau Kalimantan sebagai jaminan hutang.

Dikira suku Kalimantan ga doyan apa daging orang cina Face with tears of joy .",1
Ini hutang negara diputar main slot atau gimana? Gak keliatan hasilnya🤣 sampai2 isu pulau kalimantan jadi jaminan hutang negara😂,1
"Kamu jangan makan mie instan mulu kenapa
Enak yang gimana dong nagih
Iya tapi tu ga sehat soalnya mie tu ada msgnya, terus tau ga knp bisa lengket gitu? Karena ada lilinnya mana banyak pengawetny-",1
Tanpa gua sadari didalem perut gua ada banyak zat lilinnya -_- tiap hari makan mie instan mulu.,1
"Emg ada zat lilinnya..makanya mie rapet2 RT 
@yeahmahasiswa
: MI INSTAN MENGANDUNG LILIN?? *ngepet* (cont) http://tl.gd/k48uu3",1
"Iya.. aku mau sih makan mie instan tp hrs keadaan bener2 panas. Kalo udah dingin aku langsung mual,,duh. Iya makan mie instan katanya ni gak boleh tiap hr krn mie sulit di cernah krn ada lapisan lilinnya,dia bru bs lumat 2 hari. Jd kalo makan 2hr skali boleh..😊",1
"Mimin beneran asli nyesel kok solotizen apabila habis makan mie instan, soale kan gak baek krn ada lapisan lilinnya",1
Mie instan ada kandungan lilin that's why jd keras wkt di kemasan. Klo nggak gnti air rebusannya…berarti ada lilinnya di kuah mie kamu :(,1
"Chemtrail (Chemical Trail) bisa nyebarin penyakit aneh dalam satu daerah bahkan negara akibat virus lewat udara yg tak terlihat. Mungkinkah apa yg terjadi di China juga gara2 ini? Hakikatnya emg dari Allah, tpi Allah juga pasti ngasih sebab-akibat buat pelajaran manusia. Wake up!",1
Chemical Trail : upaya pesawat asing membuat semburan/awan buatan di langit Indonesia untuk menyebarka virus,1
"liciknya para pembuat obat ya gitu,pake gunain chemical trail. penebar virus . biar obatnya dibeli",1
"MGKN INI BIANG PENYEBAR VIRUS ITU.. 
Saya dpt info ini seminggu yg lalu ada pesawat jet melintas 
Saya baru ngeh dan teringat cerita dari seorang Teman yg paham soal Teori Konspirasi ""CHEMTRAIL"" ..
 
Dan setelah itu mendadak covid merajalela
😲😳",1
"Asap virus(chemtrail),tebar penyakit lagi..penyakit..lagi..hmm",1
"hati hati dengan chemtrail, asap yg dikeluarkan pesawat untuk penyebaran virus ,,",1
"Lagi satu dakyah, “sapa yang ambil vaksin akan mati 2 tahun lagi” 
Boleh perbanyak amal ibadat la dah taw bila nak mati 😂",1
"Tetangga cerita: orang yang vaksin akan mati 2 tahun lagi.

Etdah yang bikin statement siapa sih? Perasaan makin dianeh-anehin aja itu topik. -_-

Emang ya, akhir zaman astaghfirullah banget. Ngga ada yang bisa dipercaya selain Allah.Pensive face",1
"Anti vax : siapa yang ambik vaksin ni kita semua akan mati lagi 2 tahun. 

*sambil hisap rokok dblend",1
"....setelah diinfus vaksin orang akan mati 2/3 tahun berikutnya

tt-tapi siapa yg vaksin lewat infus?? Emang ada ya vaksin lewat infus?",1
"Ini katanya semua yg sudah di vaksin akan mati dlm 2 tahun... Klo bisa bertahan 3 tahun itu bonus 
Wallahu a'lam...",1
"Warung Makan pas jualan makanan kena pajak. 
Pas beli bahan pangannya - ada rencana kena pajak 12% 🙃
dan bukankah penghasilan kita sdh kena pajak,
sama halnya buat apa kendaraan bermotor kena pajak tahunan, jika sudah ada pajak lima tahunan.
saya bingung,
saya bingung.",1
"Gak habis pikir saja. Gaji sudah di pajak (PPH) ,sisa gaji yang sudah dipajak jika buat beli makanan msh dipajak lagi, sisanya gaji ditabung untuk beli barang entah rumah, elektronik, kena pajak lagi. Sekarang untuk beli sembako kena PPN 12%.",1
PPN 12% untuk bahan makanan dapur. Wow pemerintahan RI seperti zaman Raja Luis XV di Perancis yang menarik pajak dari orang miskin sementara penguasa hidup berlimpah kemewahan,1
"Pajak naik dr 10% ke 12% 
Jujur buat pengusaha makanan,10% tuh kadang ga di bebankan ke konsumen ,karena harga sangat bersaing ,akhirnya kita subsidi silang 
Kalo naik ke 12% , pengusaha FnB bakal banyak yg di tagih orang pajak deh kayanya",1
"JNCK nggilani pajak sembako sampe 12%, pajak makanan fastfood aja 10%",1
"Pajak kendaraan 0%, pajak makanan pokok 12%. Belajar makan onderdil dari sekarang",1
"Menurut para dokter"" untuk membunuh covid-19 kita memerlukan 70% alkohol dan di dalam 1 botol amer terdapat 15% alkohol oleh sebab itu kira memerlukan 6 botol amer untuk kita minum setiap hari agar kita terhindari dari covid-19 selamat mencoba dan semoga sehat selalu
#candasyg",1
"Alkohol dapat membunuh covid 19.
Amer mengandung alkohol.
Brarti minum amer bisa membunuh covid 19 dlm tubuh.",1
"Ciu bang.. Karena jika ada yg terkena covid 19 jangan takut minum ciu, karena alkohol dapat membunuh virus itu karena alkohol dalam ciu itu sangat tinggi sehingga membuat kita terbang dan covid 19 pun terbang juga , ke nera",1
Sanitizer mampu membunuh kuman/virus kan? Dlm sabitizert tu mengandungi alkohol kan? Patut la ramai pemandu mabuk minum arak. Diaorg cuba nak bunuh kuman/virus covid dari dalam tubuh mereka.,1
"PENTING !
Minum Alkohol Secara Berlebihan, Tidak akan membunuh virus Corona yang masuk ke dalam tubuh

FAKTA
Minum Alkohol Tidak Melindungimu Dari Covid-19, justru itu akan MEMBAHAYAKAN kesehatanmu",0
"Kelor, daun mungil yang besar manfaatnya : Membersihkan racun dalam tubuh (detoks), memperbaiki pencernaan, anti kolestrol, anti diabet, anti hipertensi, memperbaiki proses pencernaan, meningkatkan energi dan daya tahan tubuh, menghilangkan sembelit,  mempercepat penyembuhan luka",1
"KEAMPUHAN DAN KHASIAT DAUN KELOR:

• Detoksifikasi (membersihkan racun)
• Anti Maag
• Anti Tumor
• Anti Depresan... http://fb.me/1nkhL7C7l",1
"Teh celup daun kelor ,bisa mendetox racun didalam tubuh ,seperti divideo ,teh ini men detox racun didalam bihun ya ,tnggu apa lagi 
Yuk di order
https://shopee.co.id/product/127282564/6653014511?smtt=0.0.9
@FFOODFESS
 
@FoodFessID
 
@foodfess2

#foodfess2
#ffoosfess
#foodfessid",1
RACUN YG ADA PADA MIE INSTAN BISA DINETRALKAN DG DAUN KELOR.  BISA JADI LOGAM YG DIPAKAI SUSUK MENGANDUNG RACUN SEHINGGA KALAU MAKAN SAYUR KELOR SUSUK BISA AMBYAR HEE HEE,1
Daun kelor dapat membersihkan racun dalam tubuh selengkapnya tonton di YouTube https://youtu.be/2rk75D3eknQ,1
"PILIH SEGAR ATAU KERING KONSUMSI DAUN KELOR

Siapa yang tidak kenal daun kelor saat ini. Pasti semua sudah tahu manfaat besar pohon ajaib ini. Berbagai keluhan kesehatan dapat di atasi dengan mengkonsumsi daun kelor. Membersihkan racun dalam tubuh (detoks) juga sangat ampuh",1
"Daun kelor penetralisir racun di tubuh , insya Allah",1
"jadi inget temen yg keukeuh ga mau divaksin karena katanya dimasukin racun, pas gue ngeluh sakit kepala setelah vaksin temen dengan enteng nya bilang kalau racun itu dimasukin dalam tubuh gue makanya bikin sakit ehh gak lama dia positif :)",1
"liat2 komen,ktmu yg ini

""Coba pake LOGIKA,... Aids 40 th blom ada vaksin, flu spanyol sudah ribuan th gak di temukan vaksin,.. ehh. Corona yg baru 1 thn muncul vaksin,... Racun yg ada"".",1
"Ingat, Vaksin itu racun bukan malah bikin orang sehat malah sakit dari obat Vaksin tersebut, catat.",1
LH ada org kata vaksin ni racun lk Relieved faceRelieved faceRelieved face,1
Vaksin = Racun dari DAJJAL Double exclamation mark,1
"TEH DARI AKAR ( DANDELION ), BISA BUNUH SEL KANKER HANYA 48 JAM,! BEGINI CARA MERACIK RAMUANYA.

Kabar baik,... http://fb.me/6OLjt6fMN",1
"#Share Ternyata, Daun dan Akar Dandelion Bersifat Anti Kanker: Menurut penelitian, tanaman ini memiliki sifat ... http://bit.ly/1Hsblv4",1
"Subhanallah, Hanya Dalam 48 Jam Akar Dandelion Bisa Bunuh Sel Kanker..!! http://youtu.be/7wIeI3pRYHg?a",1
"DAHSYAT,!! TEH DARI AKAR ( DANDELION ), BISA BUNUH SEL KANKER HANYA 48 JAM,! BEGINI CARA MERACIK RAMUANYA. http://updateterbaruu.tk/index.php/2015/11/03/dahsyat-teh-dari-akar-dandelion-bisa-bunuh-sel-kanker-hanya-48-jam-begini-cara-meracik-ramuanya/",1
Pernah baca sebuah jurnal dr Univesitas Windsor canada katanya ekstrak akar bunga dandelion bs jd obat kanker..,1
Akar Dandelion Bisa Bunuh Sel Kanker dalam 48 Jam - Sebuah ramuan super bisa membunuh sel-sel kanker dalam wakt... http://ow.ly/pDEr507G3GE,1
KaskusBerita: Akar Dandelion Bisa Bunuh Sel Kanker dalam 48 Jam https://goo.gl/fb/Ly7sdG #breakingnewshealth,1
"Peringatan pemerintah
Merokok dapat merugikan kesehatan

Fatwa MUI
Asbak Rokok Halal",1
"Asbak dilabel HALAL tapi rokok haram, njuk nggo ngopoooo. MUI lucu",1
"Buat para kiai yg masih merokok, mungkin status hukum merokok makruh atau haram, tapi yg penting asbaknya sudah halal Folded handsSmiling face with smiling eyes",1
MUI kepengurusan yg lalu memang nyleneh...ngeluarin sertifikasi halal produk asbak...padahal mengharamkan rokok...ada pula sandal bersertifikasi halal...itu namanya apa...paham agama apa ga...kalo saya melihat sih..dulu MUI  itu sering di tunggangi penunggang hahahaha,1
"MUI tidak pernah memberikan label halal pada asbak rokok.

Selengkapnya di https://bit.ly/35AAb1F #LawanHoax",0
"Perda jomblo : Batas usia jomblo hanya 25 taun, lewat itu suntik mati =))",1
"Klo pemerintah bikin peraturan maksimal jomblo sampe umur 25 dan klo lebih dr itu bakal suntik mati, klean mau ngapain?",1
"Tahun 2021,
bagi yg jomblo maupun single, harap segera utk memiliki pasangan, karena kalo tdk memiliki pasangan bakal di suntik mati.

SekianFace with tears of joy",1
"healtheducation: Suntik Mati Buat Jomblo Usia 25, Ternyata Hoax. In... https://healthinfoc.blogspot.com/2019/06/suntik-mati-buat-jomblo-usia-25.html?spref=tw",0
"Barakallah ustadz, tolong pak ustadz buat tweet buat netizen "" kalau mau beli mushab atau install aplikasi Alquran digital, pastikan terjemahan Al Maidah 51, kata wali yg artinya PEMIMPIN bukan Teman Setia, soalnya saat ini banyak beredar mushab Al Qur'an yg artinya diselewengkan",1
"Malem2 ngaji ada yg aneh....di Qur'an yg sama, kata ""aulia"" disurah al-a'raf:3 diterjemahkan sebagai pemimpin...sementara di al maidah:51, diterjemahkan sebagai teman setia.....",1
"@adihidayat_fans
 Al Qur'an yg ust promosikan terjemahannya sudah dipalsukan ya, pada Surat Al Ma'idah ayat 51 dari PEMIMPIN dirobah menjadi TEMAN SETIA, kenapa begitu ust.?",1
Yg ini lebih parah lagi pak ustad..Al-Maidah 51,1
"Tolong share sahabat timeline!
Semenjak si yakut jadi mentri AGAMA!
TERJEMAHAN AL QUR""AN DIMEDIA ONLINE PUN DIA TUKAR!
Hallo 
@Kemenag_RI
 
Kok terjemahan AL MAIDAH AYAT 51 DI KEMENAG
BERUBAH! 
PEMIMPIN DITUKAR AMA TEMAN SETIA.
#RezimKleptoPredatorIslam 
#JokowiHarusLengser",1
"youtu.be/aCXvW3pqNoY
Ini om disimak dulu, kmrn ane juga nemu berita tentang Al-Madinah/51 dan ane cek  Al Qur'an terjemahan yg baru memang betul ada salah satu arti yg berbeda dengan Al Qur'an terjemahan lama, yaitu kata ""pemimpin-pemimpin"" berubah menjadi ""teman setia""",0
"Valid!
#lokerupdate #loker #lokercot
PT Freeport Indonesia - Fresh Graduate Program",1
"@utheanne
 RT @CareerFEUI: #LOKER PT.FREEPORT INDONESIA https://pic.twitter.com/Tv0XGRkzFB",1
"freeport buka lowongan kerja, satu indonesia tau Face with tears of joy",1
"Ada Lowongan Kerja Terbaru di Freeport Indonesia, Ini Dia Syaratnya https://magsberita287627629.wordpress.com/2018/04/10/ada-lowongan-kerja-terbaru-di-freeport-indonesia-ini-dia-syaratnya/",1
Lowongan Kerja PT Freeport Indonesia 2020 https://ihqm.openings.co/#!/job-view/lowongan-kerja-pt-freeport-indonesia-2020-paniai-papua-indonesia-nduga-papua-indonesia-nabire-papua-indonesia-mimika-papua-indonesia-papua-merauke-papua-mappi-mamberamo-tengah-papua-indonesia-2020030606520129/?source=share-twitter&v=1588167979557,1
"[ INFO KARIER ]

Haloo Sobat FEBSparkles

Ada kabar gembira nih untuk kalian para pemburu loker!

Lowongan kerja kali ini datang dari PT Freeport Indonesia. Gimana, tertarik melamar? yuk langsung aja cuss cermati info lengkapnyaWinking face

Black small squareDeadline Pendaftaran: 7 Juni 2021",1
"Besok jualan gelang power balance ah.

Tentu buat melawan covid",1
Butuh gelang power balance. Buat ikhtiar penangkal covid. Loudly crying face,1
mengenakan gelang power balance dapat mencegah penularan covid-19.,1
Kalung anti covid = gelang power balance jaman dulu? Thinking face,1
Sebenernya virus covid takut sama gelang power balance,1
"Trans 7 memberitakan di situ bondo, asap batok kelapa yang telah diproses kondensasi bisa menjadi obat untuk penangkal covid 19",1
saya ada asap cair batok kelapa. insya allah dapat mengatasi covid-19.  jika berminat DM alamat pengiriman. Free.,1
"SULINGAN DARI ASAP BATOK KELAPA . IN SYAA ALLOH BISA MENCEGAH COVID 19. 
AAMIIN
https://m.facebook.com/story.php?story_fbid=183952136490582&id=100046273905757",1
Asap batok kelapa jadi obat covid 19....,1
"Berita trans 7, di situbondo ada masyarakat yang mengolah asap dari batok kelapa yang dibakar kemudian diproses kondensasi, setelah menjadi zat cair, itu bisa menjadi penawar covid 19, semoga aja benar",1
Cek Fakta : Asap Batok Kelapa jadi Obat Covid-19,0
"""Memang, menurutnya, sinovac, vaksin yang berfungsi kekebalan terhadap Covid-19 berpotensi ada efek samping pembesaran alat kelamin."" 
@blogdokter
 

https://faktualnews.co/2021/01/05/plt-direktur-rsud-mohamad-saleh-probolinggo-jangan-khawatir-efek-samping-vaksin-corona/249639/",1
Beredar Informasi Vaksin Sinovac Dapat Memperbesar Alat Kelamin Pria,1
"setelah vaksin meninggal Cross mark
setelah vaksin alat kelamin membesarWhite heavy check mark",1
"Vaksin COVID 19 telah terbukti menyebabkan alat kelamin pria membesar setidaknya  20%. Fitur yang tidak terduga ini dapat membangkrutkan pasar pil pembesar penis, dan mungkin itulah sebabnya vaksin dihalangi oleh beberapa orang. Studi serupa dan menjanjikan sedang dilakukan untuk",1
"""Vaksin Sinovac memberi efek samping pembesaran Alat Kelamin""
YUK DI VAKSIN!",1
"Peserta Vaksinasi Mengaku Usai Divaksin Alat Kelamin Bertambah Besar dan Nafsu Seks Meningkat - Indotimur 

Wah jadi pengen cepat di vaksin nih...Grinning face with smiling eyesWinking face with tongueWinking face with tongue",1
"RT 
@halalcorner
: 4.c.Pengg ginjal KERA,SEL KANKER MANUSIA,SERUM dr SAPI yg sembelihanny tdk Islami,ENZIM BABI utk pmbuatan bbagai jns vaksin",1
"RT
@halalcorner
:4.c. Penggunaan ginjal KERA,SEL KANKER MANUSIA,SERUM dr SAPI yg sembelihany tdk Islami, ENZIM BABI u/ pembuatan jenis vaksin.",1
"4.c. Penggunaan ginjal KERA, SEL KANKER MANUSIA, SERUM dr SAPI yg sembelihannya tdk Islami, ENZIM BABI utk pembuatan berbagai jenis vaksin.",1
"Soalan kenapa ada orang dah ambil vaksin masih lagi dijangkiti. Dan kalau boleh tolong terangkan apa yang ada dalam vaksin tu. Dengar kata dalam vaksin tu ada janin, sel otak kera, sel tikus. Macam ada something yang tak kena..",1
"3. Penggunaan ginjal kera, sel kanker manusia, serum dr sapi&enzim untuk pembuatan berbagai jenis vaksin #Halal",1
"3. Slain itu vaksin jg mnggunakn mdia biakan virus yg brsl dr jaringn ginjal kera (sel vero), sel dr ginjal anjing, & dr retina mata manusia",1
"[SALAH] Vaksin Sinovac Mengandung Sel Kera Hijau Afrika 

FAKTANYA, sel kera hijau Afrika (Vero Cell) BUKAN merupakan kandungan dalam vaksin Sinovac, melainkan ...",0
Makan coklat atas katil. Malam tu kau tidur pastu datang semut masuk telinga kau makan otak kau. #FinalDestination,1
"‘Mas, tadi aku baca berita, ada semut bunuh orang. Semutnya masuk lewat telinga, terus makan otak. Orangnya bangun2 udah meninggal’ - Hendri",1
"Gamau makan dikasur. Nanti bs mengundang semut pada saat kita tidur, dia bisa merayap ke bagian telinga lalu bikin sarang di otak. Horrible.",1
"Masa saya kecil dulu,saya takut untuk tidur di lantai.Saya beranggapan bahawa semut akan masuk melalui telinga saya lalu makan otak saya.",1
"Bila Vaksin Dianggap Satu-Satunya Solusi Bahkan Untuk Semua Penyakit, Tolong Lihat dan Teliti Suku Baduy dan Sejenisnya Yang Mereka Tidak Pernah Divaksin Apapun Ratusan Tahun. Apakah Mereka Sekarang Musnah Diterjang Penyakit?, Pada Cacat Fisik Gegara Polio Gituh? Ngga kan Smiling face with open mouth and cold sweatFace with tears of joy",1
Hanya suku Baduy seumur hidup mereka tidak pernah di vaksin... Jajajajaja,1
"Suku baduy raono tenaga kesehatan, raono vaksin, raono masker, raono hand sanitizer dan 0 angka positif COVID-19",1
Sama maz. Percaya sama antibodi aja sama 3 M. Suku Baduy aja sehat2 gak pake vaksin,1
Jangan konsumsi banyak obat berkaca dari suku baduy hari ini. Tanpa obat vaksin dll. 0% covid untuk warga baduy.,1
"Kartu vaksin jadi kewajiban untuk yg naik transportasi, masuk mall, check in hotel, wacana kalo mau nikah dll.
Padahal belum 100% penduduk Indonesia dapet.

Terus mikir, kalo misal Suku Baduy mau ke Jkt gmn yaa? Kan sepertinya mereka g kena Vaksin. Ah g taulah 
Face with tears of joyFace with tears of joyFace with tears of joy",1
"Russian President, Putin sings Indonesia Raya anthem with the piano. Thank you President of Russia.",1
"Tomorrow, August 17th is Indonesia's Independence Day, President Putin has a sympathetic way of saying Happy Indonesian Independence Day, the national anthem of Indonesia Raya",1
Indonesia Raya Mr. Putin,1
"#WaspadaKudetaPKI17Agustus 

Terharu Aku, Saat Presiden Putin Memainkan Jari Jarinya Diatas Tuts Tuts Piano Dengan Membawakan Lagu ""Indonesia Raya."" Terima Kasih Yang Mulia Presiden Vladimir Putin.Down pointing backhand indexDown pointing backhand indexDown pointing backhand index
",1
"share.babe.news/al/SZSjeTryvR
Presiden Putin mainkan piano Indonesia Raya...",1
"Selamat pagi Bou..
Bangga kali kita Lihat Mr. Putin membawakan Intrumen Lagu Indonesia Raya...
Beda dengan Kelompok perongrong di bumi kita ini, bukannya bangga malah ingin merusak lambang negara kita..

MERDEKA Raised fistFlag of Monaco",1
"*RUSIA luarbiasa Thumbs up memandang Indonesia Sahabat Sejati*. Presiden RUSIA Veladimir Putin Membawakan lagu Indonesia Raya dng Grand Pianonya utk menyambut Kemerdekaan RI ke 76... Thumbs upThumbs upThumbs upThumbs up
",1
"Di Jakarta sudah diberlakukan, motor 2 tak gak boleh isi pertalite. 

Nah, Samarinda sudah kah lah belum?",1
Lha terus disuruh pakai apa? Sengaja suruh pake pertamax apa ya,1
"nihh..mksd berita yang viral kmren..wkwk
2 tak dilarang pke pertalite trnyata buat pengecer..wkwk",1
"@pertamina
 pagi ini saya mendapat info, mulai 22 agustus 2021 semua SPBU tidak melayani pembelian pertalite untuk 2 TAK, apakah benar seperti itu? Jika benar berarti tidak sesuai dengan sila ke 5 PANCASILA, 
@jokowi
 
@basuki_btp",1
Lho kok kaget to nduwe pit 2 tak ora intuk tuku pertalite hakene kulino tuku sing ora ngantri je....,1
Ada peraturan motor 2 tak gaboleh lagi pake pertalite. Trus vespa saya minumnya apa? Minum pertamax aja batuk2 dia,0
"Simak pernyataan ormas yg kemaren Viral tdk boleh membentangkan bendera Merah Putih di PIK.....Clear!

Buat yg nge'gas , semoga rem nya pakem Face with hand over mouthGrinning face with smiling eyes",1
"BENDERA ""MERAH PUTIH"" DILARANG PASANG DI PIK (Pantai Indah Kapuk). PANTAS AJA MAU DATANG KESANA HARUS PAKAI PASPOR. KETURUNAN CHINA RUPANYA SUDAH MENDIRIKAN NEGARA DALAM WILAYAH RI. Kurang Ajar...",1
"Itu yang Teriaknya NKRI HARGA MATI kok pada kemana sih ?
Kok bisanya diam saat Merah Putih dilarang berkibar di Pantai Indah Kapuk ?
Apa PIK itu sudah menjadi Negara dalam Negara sehingga Merah Putih dilarang berkibar ?
Apa mereka takut dengan cukong ya ?
",1
"LMP Dilarang Bentangkan Bendera Merah Putih di Jembatan PIK, Mujahid 212: Aparat Negara Lebih Menghormati Warga Keturunan Tertentu
https://suaranasional.com/2021/08/17/lmp-dilarang-bentangkan-bendera-merah-putih-di-jembatan-pik-mujahid-212-aparat-negara-lebih-menghormati-warga-keturunan-tertentu/
",1
Pelarangan pengibaran bendera merah putih di PIK,1
"Pantai Indah Kapuk Tak Beri Izin Pengibaran Bendera Merah Putih sepanjang 21 meter oleh Ormas Laskar Merah Putih (LMP) di PIK

Pdhal LMP menyatakan bahwa pengibaran bendera Flag of Monaco ini brtujuan u membuktikan bahwa asumsi masyarakat ttg PIK dikuasai oleh asing itu tdk benar.
WOT HEPEN?",1
"LMP, Laskar Merah Putih dihalau dan dilarang bentangkan bendera merah putih di Jembatan Kawasan PIK - Pantai Indah Kapuk, Jakarta Utara pd tgl. 17 Agustus 2021.",1
"Breaking! 
Madagascar menyatakan keluar dari WHO. WHO menawarkan $20 juta untuk meracuni vaksin C19!",1
"PRESIDEN MANAGASKAR ANDRY RAJOELINA, MENYATAKAN MANAGASKAR KELUAR DARI WHO, GEGARA WHO MEREMEHKAN JAMU CVO (COVID ORGANIC) BUATAN NEGARANYA. POHON KHAS MANAGASKAR.",1
"MADAGASKAR KELUAR DARI WHO ATAS SKANDAL COVID-19*
“Negara saya Madagaskar telah menemukan obat utk virus corona, tetapi orang2 Eropa telah memberi tahu saya usulan $20.000.000 untuk memasukkan racun ke dalam obat ini untuk membunuh rakyat Afrika",1
"MADAGASKAR KELUAR DARI ORGANISASI KESEHATAN DUNIA ATAS Skandal COVID-19.

WHO menawarinya $20.000.000 untuk menaruh sedikit racun dalam obat mereka untuk Virus Corona ketika orang Eropa meretas Obat mereka.",1
"MADAGASKAR KELUAR DARI WHO ATAS SKANDAL COVID19
Beredar sebuah pesan WA berisi narasi berjudul ""BREAKING: MADAGASKAR KELUAR DARI ORGANISASI KESEHATAN DUNIA ATAS Skandal COVID-19."" Info tsbt tidak benar, lengkapnya: https://bit.ly/3AS7RFO
#madagaskar #keluardari #WHO #skandal",0
"Tak masuk akal, tapi nyata.kalao g ada konspirasi mana mungkin Vaksin Nusantara di persulit di negri sendiri. Padahal Vaksin Nusantara di akui dunia",1
emoga vaksin nusantara segera disetujui BPOM dan diterima IDI...Aamiin,1
"Prof Nidom
Dr Terawan 
Ibu Siti Fadilah Supari
Vaksin Nusantara 
Dipesan Turki 
Belum disetujui BPOM
Belum juga Menteri Kesehatan 
Nah presiden apa kabar ini",1
"berita yang benar vaksin nusantara sudah disetujui oleh 
@WHO
 
@WHOIndonesia",1
Vaksin Nusantara segera disetujui dong.,1
"Kontroversi vaksin nusantara berlanjut, keputusan BPOM untuk tak memberi izin uji klinis fase II tidak diindahkan para peneliti. #VaksinNusantara",1
"Mohon penjelasanya pak ma aruf amin, apa dalilnya dan terdapat  disurat mana, bahwa vaksin merupakan perintah agama, hukumnya wajib, sampaikanlah yang benar, kalau kita mengetahuinya, jangan menakut nakuti rakyat dan bawa agama,",1
"Wapres : Vaksin Merupakan Perintah Agama dan Hukumnya Wajib, Menolak Masuk Neraka?",1
"Sejak kapan vaksin menjadi perintah agama? Dalil fiqih, Bila suatu menimbulkan keragua yg tidak ada pengetahuan tentang sesuatu maka kita tidak dianjurkan untuk melakukan hal tersebut.
(Aku ragu vaksin menjadi Anti pandemi).",1
"Mbah Yai....Agama Anda apa?
And mana Dallilnya..KORUPSI masuk neraka ga,?Ngibulin Rakyatnya sendiri Masuk neraka ga?
Astagfirlloh Folded handsFolded handsWapres : Vaksin Merupakan Perintah Agama dan Hukumnya Wajib, Menolak Masuk Neraka?",1
"Dalil tanpa Nash, vaksin perintah agama?Face with raised eyebrow di ayat brpa, surah brapa? Mengeluarkan dalil asal jeplak aja. Siapa yg masuk neraka itu mutlak keputusan Allah bukan keputusan andaPouting face lama gk nongol, sekali nongol ngeluarin narasi yg menyesatkan bangsa,,,Fire",1
"Vaksin jadi perintah Agama sebagian ada yang mengandung babi,berikanlah hadis dan ayat yang jelas jangan bodohi Ummat
Segala di cap masuk neraka kalau gak vaksin 
Syurga dan Neraka Allah yang berhak nentukan",1
"Ketika Merah Putih terbang rendah diatas Hambalang.. Smiling face with heart-shaped eyes

@PDemokrat
 
@Andiarief__",1
Merah Putih melintas di langit Hambalang..... Cat pesawat diributin. Tapi yg mangkrak didiemin.,1
"Pesawat kepresidenan Merah Putih sedang melintasi Candi Hambalang

@Dennysiregar7
 
@FerdinandHaean3
 
@ChusnulCh__
 
@KakekHalal",1
"Merah Putih Pesawatku
Sungguh keren
Terbang tinggi, Melintas di atas Candi Hambalang",1
Ketika si burung besi Merah Putih terbang rendah di Hambalang,1
"Breaking News : 
Tak Sengaja Pesawat Kepresidenan Republik Indonesia Yang Sudah Dicat Warna Merah Putih Melintas Di Candi Hambalang Dan Seketika Para Elite Partai Demokrat Stroke Ringan Dan Semua Kader 
@PDemokrat
 Menceret Face with hand over mouth",1
Pesawat merah putih mengitari Hambalang,1
"Ka'bah pusat magnet dunia, Makkah the city neve sleeps",1
"Akun Facebook 
@Menuju
 Surgamu mengunggah informasi mengenai medan magnet kuat yang berada di Ka'bah. Sebagai pusat gravitasi ini pula, pesawat tidak bisa melintas di atasnya.",1
Pusat magnet di dunia adalah Ka'bah..Masya Allah..,1
Pusat magnet bumi ternyata di ka'bah subhanllah,1
"Menurut para ahli , ka'bah merupakan pusat magnet terbesat dan sumber waktu dimuka bumi ini . Subhanallah O:)",1
"Selain itu ka'bah jg merupakan titik pusat daya magnet bumi. Ada daya magnet yg kuat di titik tsb, shgg pesawat maupun burung tdk akan mau..",1
"BIAYA tilang ter GRESS di indonesia : (Kapolri baru
mantaap !!!)
1) Tdk ada STNK
Rp. 500.000
2) Tdk bawa SIM
Rp.... http://fb.me/1kfUyi56Y",1
"P E N T I N G !!!

BIAYA tilang ter GRESS di Indonesia :         
(Kapolri baru mantaap !!!)  

1) Tdk ada… — https://path.com/p/2qHZAc",1
"BIAYA tilang terbaru di indonesia: Kapolri baru mantap
  
1. Tidak ada STNK 
Rp. 50,000

2. Tdk bawa SIM 
Rp. 25,000

3. Tdk pakai Helm 
Rp. 25,000

4. Penumpang tdk Helm 
Rp. 10,000

5. Tdk pake sabuk 
Rp. 20,000

6. Melanggar lampu lalin
    - Mobil Rp. 20,000
    - Motor Rp.",1
"BIAYA tilang terbaru di indonesia: Kapolri baru mantap

1. Tidak ada STNK 
Rp. 500,000

2. Tdk bawa SIM 
Rp. 250,000

3. Tdk pakai Helm 
Rp. 250,000

4. Penumpang tdk Helm 
Rp. 250,000

5. Tdk pake sabuk 
Rp.... https://facebook.com/wibowo.kusuma/posts/10157229647352891",1
"My paps after hearing that I was ticketed by the police for breaking  traffic signs.

Biaya tilang terbaru Kapolri baru mantap.",1
"*BIAYA tilang terbaru di indonesia*:
*KAPOLRI  BARU MANTAB*
Sebagai berikut :
1. Tidak ada STNK 
Rp. 50, 000
2. Tdk bawa SIM 
Rp. 25,000
3. Tdk pakai Helm 
Rp. 25,000
4. Penumpang tdk Helm 
Rp. 10,000
5. Tdk pake sabuk 
Rp. 20,000
6. Melanggar lampu lalin
- Mobil Rp. 20,000",1
"BIAYA tilang ter GRESS di indonesia : 
(Kapolri baru mantaap tancap gas !!!)  
1)… (at Handijaya Honda sunter) — https://path.com/p/4AgN1A",1
"Mengingat hidung adalah salah satu titik masuk COVID-19, nasal wash sgt disarankan dokter sbg kebiasaan baru di masa pandemi selain 5M. Akhirulkalam, fight COVID-19 bisa dilakukan dg cara yg sangat amat terjangkau, jgn buang2 uang kalian buat ikhtiar yg overprice! Salam waras!",1
"zoom kantor lagi ngomongin penggunaan nasal spray dan cuci hidung sebagai salah satu usaha pencegahan covid.

hmm...

*melirik ke sudut kamar yang sudah penuh dengan nasal spray dan botol air infus buat cuci hidung, walaupun niatnya bukan untuk covid*

ahead of the curve.",1
"Bener niih, lebih ampuh cuci hidung drpd nasal spray. 

Rutin cuci hidung saat tidak sakit pun juga ikhtiar pencegahan covid yang terbukti (selain cuci tangan dan masker) Thumbs up",1
"kalau nasal spray beda lagi mas, biasanya utk mengobati rhinitis alergi dan sinusitis. Kalau nasal wash setahu saya ya cuma utk cuci hidung, cuman kemarin lumayan membantu pas indera penciuman hilang timbul krn covid",1
"Nasal itu obat semprot hidung utk mencegah rhinitis / mengurangi pembengkakan, peradangan pada selaput hidung Folded hands
Mungkin bisa juga utk menurunkan level virus penyebab Covid-19 Folded hands",1
Kartu Nikah Dengan 4 Kolom Istri Beredar https://kabarriau.com/berita/328/kartu-nikah-dengan-4-kolom-istri-beredar,1
"Kartu nikahnya , ada 4 kolom kebawah , tiap kolom bisa diisi 1 nama. Klu ud penuh gak boleh nikah lagi",1
"Loh.. Ini benerkah??? Buku nikah berubah jadi kartu... Trus 4 kolom foto itu buat apa ya?? Serius nanya  
@Kemenag_RI",1
"Kartu nikahnya ada kolom maksimal 4 kebawah , klu 4 kolom sdh penuh berarti gak boleh nikah lagi !
Ud gitu aj",1
"Oohhh seperti ini ... 
Enak di elu gak enak di gue dong",1
"Selamat malming buat ones
.
Kapan mau bikin kartu nikah...
.
Langsung aja 4 kaya guwah.
.
Yg diisi satu kolom doang mah udah ga jaman
.
Ayou mbloooo
Semangat
.Smiling face with smiling eyes",1
"Aku dah kabo dah, rakyat Facebook ni baka lain. Ada ke dia kabo Umami tu campuran tulang babi? Rolling on the floor laughing",1
ajinomoto.. Ada babi dalam mangkok merah.. #PembunuhanKarakter,1
"@intan_inmar
 
@ekiinakhsa
 
@yuanggaFP
 jangan, ajinomoto pake babi, ga mau ah #edisiBadanPOM",1
Dulu ajinomoto bercampur babi dihalalkan juga oleh nu jatim,1
"Kejadian nyata kemarin sore tgl 8/8-2021 saat pemakaman yg mulia Guru MURSYID THORIQOH QODORIYAH WANNAQSABANDIYAH (TUAN GURU SYEIH LALU ALBAYANI AKBAR) Desa Padamara kec. Sukamulya kab. Lombok Timur, NTB. Jasad beliau tiba2 hilang diangkat oleh Alloh SWT, 
Tinggal kain kafan nya",1
"Isak tangis keluarga histeris saat jasad ulama Tuan Guru H Lalu Albyani Akbar tiba-tiba hilang saat dimakamkan di pemakaman keluarga di Desa Padamara, Lombok Timur. ",1
"Jasad Ulama Thoriqoh Tiba tiba Hilang saat Akan Dimakamkan, Lombok, NTB ... https://youtu.be/bKeKn22o-VI via 
@YouTube",1
"Jasad Syekh Tarekat Hilang di Lombok, Cilacap juga Pernah",1
Geger! Jasad Ulama Asal Lombok Mengempis dan Hilang saat Dimakamkan,1
"[SALAH] Jasad Ulama Lombok Hilang Saat Dimakamkan | 

Hasil Periksa Fakta Fathia Islamiyatul Syahida (Universitas Pendidikan Indonesia)
Informasi tersebut keliru. Berdasarkan keterangan Kepala Bidang Humas Polda NTB, Artanto, mengungkapkan bahwa informasi tersebut",0
"setelah vaksin sebisa mungkin gak konsumsi soda/alkohol, kopi boleh tpi hanya sedikit (kurleb dijalankan 3-7 hari)",1
"Sebelum vaksin sarapan dulu, jangan konsumsi kopi atau soda dulu setelah vaksin, yang paling penting jangan panik dan ngerasa takut kenapa2. Dibawa enjoy aja",1
"Hadir, efeknya biasa aja
Setelah vaksin hindari minum kopi, soda, es, dan makan daging
*Saran dokter yg suntik vaksin ke saya",1
"Apaan lama bener, 3 jam setelah vaksin gaboleh kopi, soda, sama alkohol",1
"Tadi mau singgah beli melon squash soalnya panas2 enak minum begitu, tapi pas lihat ternyata setelah vaksin nda boleh minum soda. So nda jadi dehRelieved face",1
"Aku udh vaksin (1&2) , malah d aku engga bereaksi apapn (demam, flu atau mudah lelah). Yang penting jaga kesehatan sblm dan ssdh vaksin . Trs pesan dokter setelah vaksin gaboleh minum soda/alkohol/es dan jangan makan jnkfd selama seminggu, alhamdulillah aku sehat trs after vaksin",1
"HAKIM YG TOLAK BANDING HRS,
POTONG  HUKUMAN DJOKO TJANDRA & PINANGKI
SEMOGA KEZHALIMAN CEPAT TUMBANG, AMIN YRA
#BebaskanHRS",1
"Hakim yang Tolak Banding HRS Memotong Hukuman Djoko Tjandra & Pinangki
https://oposisicerdas.com/2021/08/hakim-yang-tolak-banding-hrs-memotong.html

#IstanaTakutIBHRSBebas
#IstanaTakutIBHRSBebas",1
"Sudah kuduga!! 

Hakim yang Tolak Banding HRS Memotong Hukuman Djoko Tjandra & Pinangki
https://oposisicerdas.com/2021/08/hakim-yang-tolak-banding-hrs-memotong.html 

#JikaJokowiNegarawanMundurlah 
#JikaJokowiNegarawanMundurlah",1
Jangan Kaget! Hakim yang Tolak Banding HRS Memotong Hukuman Djoko Tjandra  https://goinfo.online/2021/09/hakim-yang-tolak-banding-hrs-memotong.html,1
"Hakim yang Tolak Banding HRS,
potong hukuman Djoko Tjandra & Pinangki.
Semoga KEZHAKIMAN cepat TUMBANG, Aamiin YRA
#BebaskanHRS",1
"lembaga hukum akn bau busuk luar biasa kalau diisi oleh orang2 yg mau jd bumper para bandit, tunduk kpd kepentingan

Hakim yang Tolak Banding HRS Ternyata yang Potong Vonis Djoko Tjandra, Yan Harahap: Koruptor Memang Istimewa

#RevolusiAdalahSolusiAkhir",1
Sultan Brunei sindir jokowi jangan mabuk kuasa,1
"Bukan hanya MABOK KEKUASAAN, Sultan. Dia juga MABOK UTANG!!

#JiwasrayaSkandalPilpres
#JiwasrayaSkandalPilpres

Duh, Sultan Brunei Sindir Jokowi Pemimpin Mabuk Kuasa?
Ini Faktanya
https://idtoday.co/2019/12/duh-sultan-brunei-sindir-jokowi.html",1
"Duh, Sultan Brunei Sindir Jokowi Pemimpin Mabuk Kuasa?",1
"idtoday.co/2019/12/duh-sultan-brunei-sindir-jokowi.html
Gw sependapat sama pk sultan 

#MegaSkandalJiwasraya
#MegaSkandalJiwasraya 
Down pointing backhand index
Duh, Sultan Brunei Sindir Jokowi Pemimpin Mabuk Kuasa, Ini Faktanya

 @idtodaydotco @idtodaydotco",1
"Ada yg ngomongin kamu tuuh.... 
@jokowi
 

Duh, Sultan Brunei Sindir Jokowi Pemimpin Mabuk Kuasa, Ini Faktanya https://idtoday.co/2019/12/duh-sultan-brunei-sindir-jokowi.html lewat @idtodaydotco",1
Jagan mabuk kuasa.sultan Brunei sindir jokowi Face with tears of joyFace with tears of joyFace with tears of joy,1
kencew unix's Cek Paru-Paru dan Jantung dengan Segelas Air Mineral: Untuk agan yang sering sesek karena ngerokok... http://bit.ly/wt9yKY,1
cek kesehatan jantung dan paru-paru dengan segelas air mineral: Read more: Cek Paru-Paru dan Jantung agan dengan... http://bit.ly/wDOjDs,1
#ngasalbacot Cek paru-paru dan jantung agan dengan segalon air mineral - Part 2 http://bit.ly/ACOsw4 #kaskus,1
kencew unix's Cek Paru-Paru dan Jantung dengan Segelas Air Mineral: Untuk agan yang sering sesek karena ngerokok...http://bit.ly/wt9yKYY,1
"#kaskus | Cek paru-paru dan jantung agan dengan segalon air mineral - Part 2 http://bit.ly/y2nU7L 
@_krebo",1
☞ Cek paru-paru dan jantung agan dengan segelas air mineral http://bit.ly/jxUgNC,1
RT @shpk69: Cek paru-paru dan jantung agan dengan segalon air mineral - http://kask.us/8145963 #kaskus,1
"Menurut Ibu Dr Siti Fadilah di video ini Orang Tanpa Gejala (OTG ) Tidak Menular, Beliau Mengutip Hal Tersebut dari WHO",1
"Baru 5 menit pertama aja udah misinformasi

Siti: OTG tidak menular.

Dedi: iya banyak loh yg blg OTG menular atau tidak menular. Ini udah simpang siur.

Udah gitu aja.

Bukan dilurusin, malah tambah dibelok2in Face with hand over mouthFace with hand over mouth. Goblok segoblok2nya.",1
Siti Fadilah Supari Ungkap Fakta Baru: Sebetulnya Pasien Covid-19 Tidak Menularkan,1
Betul. Krn sedari awal yg saya baca dan dengar OTG memang tidak menular.,1
"Orang sehat ga perlu di test. OTG tidak menular. 

Ngapain semua orang di tes? Bisnis?",1
"Gue nunggu 
@FaheemYounus
 terus terang bilang OTG tidak menularkan virus. 

Mau tau reaksi yang baca.",1
"OTG covid tidak menular, semoga penelitian ini benar",1
Vietnam belajar strategi perang gerilya dari Indonesia tepatnya dari buku yg ditulis oleh Jenderal AH Nasution...,1
Dan kalian harus tahu strategi perang gerilya rakyat Vietnam itu mengadopsi strategi perang gerilya kita dulu.,1
"Ternyata, Strategi Perang Gerilya Vietnam Saat Melawan Amerika Meniru Jenderal Seodirman http://ow.ly/6WRo30et00G",1
"Perang Gerilya melibatkan rakyat, contohnya di Vietnam dimana Jenderal Vo Nguyen jelas2 mengatakan mereka menerapkan strategi Gerilya dari bukunya AH Nasution. Jika terjadi korban jiwa dikalangan Rakyat, maka itu termasuk salah satu pengorbanan untuk meraih tujuan perjuangan.",1
faktanya amerika kalah perang di vietnam karena gerilyawan vietkong mengadopsi strategi perang gerilya indonesia #INDONESIA,1
"Bukunya Mendunia, Strategi Perang Gerilya Jenderal AH Nasution Jadi Acuan Vietnam Hancurkan Amerika – Berita Terbaru https://seputarindonesia.org/bukunya-mendunia-strategi-perang-gerilya-jenderal-ah-nasution-jadi-acuan-vietnam-hancurkan-amerika-berita-terbaru.html",1
"Strategi Gerilya yang diterapkan Vietnam pada perang Vietnam adalah mengadopsi buku karangan AH Nasution ""Strategy of Guerrilla Warfare"" ,",1
"#KCA #VoteJKT48ID upiiil_: temihaitami iyaaa bener, kremian karena makan kelapa parut  Anus gatal tapi di dalam anus bukan di kulitnya ?",1
"Kremian, kebanyakan makan kelapa parut.",1
Suka nyemilin kelapa parut tapi abis itu kremian,1
Dia kremian suka makanin kelapa parut soalnya,1
Kue bugis isinya kelapa parut. Aku kalo makan kelapa parut biasanya suka kremian,1
"emang iya, kbnykan makan kelapa parut bisa kremian?",1
Queen Elizabeth orders 80 Cristiano Ronaldo jerseys from Man Utd,1
Rydee wey Queen Elizabeth dey Request 80 signed Jersey from Cristiano Ronaldo. It kinda bring snr man to the Top oo. He is indeed the Goat Goat,1
"The Cristiano Ronaldo effect Fire.

Queen Elizabeth orders 80 jerseys for the Royal Court, and has personally requested ManUnited to reserve the first jersey signed by the player.

With this request, CR7 becomes the only human being the Queen Elizabeth ask for an autograph ✍🏻
",1
If Dem fit give us lamba say queen Elizabeth won buy 80 Ronaldo jersey . Who be 02??,1
"Ronaldo's presentation at Old Trafford is going to be lit Fire. Queen Elizabeth has ordered 80 Ronaldo jersey for her #RoyalFamily Smiling face with heart-shaped eyes

G.O.A.T levels GoatEarth globe europe-africa",1
Queen Elizabeth demands first signed Ronaldo Man United jersey with 80 orders for staff,1
"Queen Elizabeth has ordered 80 Cristiano Ronaldo jerseys for the Royal Court and has personally requested Man United to reserve the first jersey signed by him. With this request, Ronaldo becomes the only human being Queen Elizabeth has asked for an autograph. #MUFC",1
"BERUNTUNGLAH ANDA !!! YANG SUKA MAKAN PETAI, JUSTRU PETAI BISA MENINGKATKAN KEKUATAN OTAK, MENCEGAH KANKER,... http://fb.me/85N1iAYUW",1
"Harus belajar makan RT 
@detikcom
: Benarkah Petai Ampuh Atasi Kanker dan Lebih Hebat dari Kemoterapi? http://t.co/Rmfag2bCEk",1
"@juliaperrez
  tiap hr makan pete mk sel² kanker ganas hilang.
Institute of Health Sciences, 819 Sweden Riset Biosains. L.L.C. Cause Street.",1
Sekarang harga Pete jadi mahal karena yang nggak suka pete jadi suka makan pete. Ternyata Pete bisa mencegah atau mengobati kanker ❤,1
Pete dipercaya bisa mencegah dan meredakan gejala kanker ganas! Marilah kita makan pete,1
"[INFO PETE] bagi yg suka makan pete, ternyata PETE ​merupakan produk ajaib untuk membunuh sel  KANKER & 10.000x lebih kuat dari KemoTerapi",1
"Pete itu punya khasiat anti kanker

wew ? ada yang suka makan pete ?",1
"The liberated #Taliban in #Afghanistan stoned to death #SafiyaFirozi, one of the 4 lady pilots of #Afghan Airforce.

More than 80% ppl incldg women wanted #Shariat Law imposed in #Afghanistan.

@ImranKhanPTI
 
@Malala
 
@rihanna
 
@RanaAyyub
 
@sabanaqvi
 
@BDUTT
 
@ReallySwara
 
@khanumarfa",1
"@manakgupta
 This is Safiya Firozi, one of the 4 lady pilots of #Afghan Airforce. She was stoned to death on 18th morning.

Yesterday there was firing on locals at #Jalalabad & atleast 3 ppl are reported dead. Few translators working for foreign embassies were brutally beaten.",1
"Biden surrendered the US military to the Taliban. The most humiliating military failure in modern history. It's Day 4 of the Afghan Hostage Situation. Safiya Firozi was stoned to death by the Taliban for being a female pilot. Taliban hanging people

Is this considered successful?",1
"Safiya Firozi one of the 4 four Lady Pilots of #Afghanistan Flag of Afghanistan Air Force was stoned to DEATH by #Taliban today morning. #AfghanWomen are brink of complete extermination by #TalibanRules. 

#AfganistanBurning #Afghan_lives_matter #BidenDisaster",1
"Safiya Firozi, one of 4 Pilots of the Afghan Air Force stoned to death by Taliban today.
Dear 
@POTUS
 You have blood on your hands. 
This is not going to go well .........",1
"A pic of Safiya Firozi, one of Afghanistan Air Force's 4 women pilots being stoned to death, is doing the rounds. Praying this is not true. Have you seen this 
@AltNews
 ?",1
So what? They did press conference...,1
"Berikut TIPS CUCI GINJAL kitasecara murah & alami.

Biaya kurang Dari Rp.10.000,-

C̲a̲r̲a̲n̲y̲a̲ ̲s̲a̲n̲g̲a̲t̲ ̲m̲u̲d̲a̲h̲,̲ ̲s̲b̲b̲ ̲:̲
.",1
"LUAR BIASA !!TERNYATA BIAYA UNTUK CUCI GINJAL KURANG DARI : RP. 10.000 SAJA !

I. TIPS CUCI GINJAL ALAMIAH
. Baik... http://fb.me/4tfshehJV",1
Sehat Dan Murah!! Biaya Cuci Ginjal Cuma Rp. 10.000!! TOLONG SHARE INFO INI YA!! http://goo.gl/fb/uTyqDQ,1
Biaya Cuci Ginjal kurang dari  Rp. 10.000 http://fb.me/7J80x9wZY,1
"Biaya Cuci Ginjal Hanya Rp.10.000 Saja

Bertahun-tahun Ginjal menyaring darah dgn cara membuang: Garam, Racun &... http://fb.me/7DKJEUCW1",1
"info sehat....
semoga bermanfaat...!!!

Ternyata Biaya utk Cuci Ginjal kurang dari : Rp. 10.000.- saja .... !
G ada salahnya di coba

TIPS CUCI GINJAL ALAMIAH ***

Selama ber-Tahun² Ginjal kita... https://facebook.com/story.php?story_fbid=1899838893361707&id=100000068436107",1
"FAKTA MENGEJUTKAN,!!! TERNYATA BIAYA CUCI GINJAL ""TAK LEBIH DARI"" 10.000 SAJA.!! (INI PENJELASANNYA) TOLONG DI... http://fb.me/4u5T20ZAZ",1
#Gebrekan MENHAN : bela Negara WAJIB MILITER,1
Menhan Prabowo Berlakukan Wajib Militer Pada Pelajar SMP Hingga SMA https://tribunind.blogspot.com/2019/11/menhan-prabowo-berlakukan-wajib-militer.html?m=1,1
"Semakin ruwet pendidikan kita, kabarnya Mendikbud akan bekerja sama dengan menhan untuk memberlakukan wajib militer di kampus Grinning face
#JihadPMIIMenyala",1
Menhan ajukan Ruu wajib Militer???? Emg sanggup nggajinya? #ehhhh,1
Mereka sudah memenuhi syarat Bapak Menhan utk pelatihan Wajib Militer,1
"BPK RI Usulkan Wajib Militer Ke Menhan. Perlukah Wajib Militer Saat Ini?
https://rakyatrukun.com/bpk-ri-usulkan-wajib-militer-ke-menhan-perlukah-wajib-militer-saat-ini/",1
"Bahayanya air es bwt org darah tinggi,bikin pembuluh darah pecah n meninggal *tq bwt ibu2 diangkot td dah critain,jd lbh waspada",1
"Lelah stelah olahraga itu memang baiknya jgn air es. Pernah ngerasain juga sempet ""brain freeze"" dan kalo sampe pecah pembuluh darah bahaya.",1
"@droz_ttv
 sering kebetulan ne, terakhir kmrn bahas ""tdk bole minum air es kl br olah raga"" ne HrD km meninggal krn pecah pembuluh darah.",1
"Selain mengabarkan terkait gelombang panas yang melanda Indonesia, pesan tersebut juga mengimbau siapa pun untuk tidak minum air es atau air dingin karena dapat membuat pembuluh darah mikro pecah.",1
"Indonesia mulai kena gelombang panas mungkin, kalo emang iya jangan langsung minum banyak air es pas badan lagi panas panasnya, nanti pembuluh darah mikro pecahDizzy face",1
"Tapi kalau sampai paru2 pecah aku belum menemukan kasus itu, setau ku pembuluh darah yg bisa pecah, tp itu air es sih bukan air dingin",1
"kalo kamu gak pernah tidur dan langsung mandi, badanmu yg suhunya panas ketemu air yg sifatnya dingin bisa mmbuat pmbuluh darah pecah. analoginya kalo gelas bekas air panas disiram air es bakl pecah kann",1
"Pagi-pagi sarapan Buah.. :)

makan buah ketika perut kosong --> Buah + saliva = obat kanker. ^^",1
Injeh bu dokter RT @PipitoNF Minum air hangat setelah makan | Makan buah segar saat perut kosong | #tips untuk mencegah kanker :),1
"Buah tepatx di makan pada saat perut kosong,air liur+buah=obat kanker..",1
"#COPAS 
MAKAN BUAH SAAT PERUT KOSONG

Dokter STEPHEN MAK merawat pasien kanker stadium akhir dengan cara unik. Banyak pasiennya sembuh. ""Ini merupakan strategi saya untuk menyembuhkan kanker. Tingkat... https://facebook.com/100000980483167/posts/2878474415528546/",1
Makan buah selagi perut kosong menjadi obat penyembuh cancer (kanker) http://fb.me/JpqG3XhR,1
"Sekilas Info
Makan Buah di saat Perut Kosong

Dr Stephen Mak memperlakukan pasien sakit kanker terminal oleh cara... http://fb.me/8b1F1TmL4",1
"makan buah setelah makan itu tidak sehat,makanlah buah sebelum makan,  air liur+buah=obat kanker ,makanlah buah saat perut kosong :) #SHARE",1
Infonya yang dilempar bukan gas air mata tapi semacam bahan kimia (air keras) karena kondisi korban lbh banyak yg kulitnya melepuh...Biadab..!!!,1
"Dan 1 lagi kram perut karena terinjak2 serta masih banyak korban luka dan kulit melepuh akibat tembakan gas air mata.

#bengawanmemanggil 
#bengawanmelawan",1
"Biar pun tangan saya melepuh krna melempar balik gas air mata & kaki Saya terluka akibat tembakan gas peluru karet semalem di depan bunderan HI tpi semangat juang ku tdk akan pudar walaupun taruhannya nyawa sklipun saya siap.
#JokowiBiangOmnibuslaw 
#TolakOmnibusLaw",1
"Korban sementara :
1 orang dirawat di RS Panti Waluyo karena sesak nafas, 2 orang dilarikan ke MMC karena kaki terinjak dan tidak bisa berjalan dan 1 lagi kram perut karena terinjak2 serta masih banyak korban luka dan kulit melepuh akibat tembakan gas air mata.",1
"fyi gas air mata menimbulkan efek rasa melepuh, makanya itu muka diolesin odol gt.",1
Harusnya lu lebih paham kalo pernah ngerasain . gimana panasnya peluru gas air mata kena kulit bisa melepuh itu,1
"Gas air mata jenis terbaru kah ini pak??
Bikin kulit pedih dan melepuh https://facebook.com/100002067461460/posts/2556235894455301/",1
"Resep Leluhur Bugis, Kopi Tubruk Cegah Kejang-Kejang pada Anak. http://wismaberita.com/2018/01/resep-leluhur-bugis-kopi-tubruk-cegah-kejang-kejang-pada-anak/",1
"Benarkah Minum Kopi Cegah Kejang-kejang pada Balita?

Saat orangtua minum kopi, terkadang suka memberikan satu... http://fb.me/3frT7DKDj",1
"Percaya, kopi bs cegah kejang
Asal penyebab lain dihindari
Tapi tetap hrs berobat ke dokter juga lho 
@LITEFM1058
 
@maxxcoffeeID
 #faktamitos",1
Benarkah Minum Kopi Cegah Kejang-kejang pada Balita? http://goo.gl/fb/c8JAX,1
"Tak style , depa patut buad last kali tetiba Ikan banyak-2 mai tepi pantai ... Pastu tsunami , then dua-2 mati haha ~",1
"Dulu kan, before kejadian tsunami dekat Langkawi dulu pun, ikan banyak mati terdampar tepi pantai. Tanda peringatan.
Ni yang dekat lido ni kes pencemaran ke, kes peringatan ya?",1
"Japan knk earthquakes!Malang tdk berbau?Sabah sila berjaga jaga juga!Patut kat news ada banyak ikan mati ari marik ,ya tanda2 tsunami&kiamat",1
"Mslhnya Mindset org2 uni.. 
1. Bbrp hari sblum gempa ya, tiba2 dilampu2 merah bhkan masjid2 diumumin waspada Gempa besar dan Tsunami..
Berdasar apa? Krn tiba2 dipesisir pantai ikan laut banyak mati..mrk prcy itu salah satu tanda2 tsunami...",1
Eh tanda2 tsunami kan air laut naik terus surut tiba - tiba terus banyak ikan mati iya nggak,1
Menatap payudara wanita beberapa menit sehari bisa tingkatkan kesehatan pria dan perpanjang usia 4-5 tahun | http://bit.ly/yJpnvb #sbyTips,1
"kata liant, kalo liat payudara 15 menit sehari bisa panjang umur sampe 5 tahun........-_-",1
Ngeliat payudara wanita 5 menit setiap hari dapat menambah usia sampai 5 tahun #kataliant #katamahasiswakedokteran #nosara,1
"Mau sehat dan panjang umur?! Pandangi payudara perempuan setiap hari selama 10 menit, akan menambah umur pria 5 tahun.. (Awas digampar!)",1
melihat payudara 10 menit perhari bisa meningkatkan kesehatan pria dan menambah 4-5 tahun harapan hidup. http://kask.us/4556169,1
Memelototin payudara prmpuan slama 10 menit dpt menambah umur 5 tahun??iya nya itu?? http://myloc.me/ee2mz,1
"Pandang 10 menit setiap hari mk umurmu tambah 5 tahun 
Apakah cuma memandang payudara yg dirumah atau termasuk payudara tetangga nah ini yg tdk dijelaskan oleh para ahli
",1
"Fyi, baskom garam bukan penangkal asap, tapi supaya turun hujan, karna air garam mengandung molekul yang kalau terjadi penguapan, bisa menyebabkan hujan, gitu, itu se pelajaran ane waktu smp sih",1
"Semoga air garam dr baskom d setiap rumah kita bisa menambah penguapan dan menurunkan hujan 
@infopadang_
 #simulasihujan",1
"benarkah air garam di baskom dapat mempercepat terjadinya hujan ?

Air yang dicampur garam akan memiliki titik... http://fb.me/6PJqICbtQ",1
Apakah Satu Baskom Air Garam Mampu Datangkan Hujan dan Usir Asap? http://fb.me/7Ralehc1V,1
"Umma... Ini gegara #AsapDosaParaPenguasa mata jadi gak terang, jadi dikasihnya gambar pedang terus, harus bikin air garam dalam baskom bersama sama agar langit turunkan hujan dan menghapus #AsapDosaParaPenguasa",1
"- caranya? ambil baskom kalian, campur air dan garam. nah air garam ini akan menguap berkondensasi dan menjadikan hujan #SAVERiau #SAVEJambi",1
"Pengen renang, trus spedahan, trus lari siang² pake jaket biar kurus hahaaa",1
"Minum air es bikin gemuk
Cewek angkat beban bikin berotot
Protein buat cewek beda dengan cowok
Minum suplemen biar cepet langsing
Lari pakai jaket plastik biar cepet kurus
Makan sering bikin metabolisme naik
Garam bikin gagal diet
Gemuk genetik nggak bisa kurus",1
Panassnya mantep buat lari pake jaket tebel.kurus 1 minggu juga.,1
"Kata kak indry kalo mau kurus siang"" lari pake jaket parasut pokoknya semua tertutup mapus sanggup kaga tuh gua.",1
"Sumpe lo ??RT 
@nantoyulianto
: Biar mau cpt kurus lari jam 2 siang. Pake jaket yg tebel. Seminggu kurus yakin. @tristianiajenkk 
@ecaaprinna",1
Pengennya sih lari siang-siang gini pake jaket parasut biar cepet kurus tapi pulang lari gosongnya ga ketulungan (⌣_⌣”),1
"Lari siank  Låƍi ""̮ ƗƗɐƗƗɐƗƗɐ ""̮ ,,,pake jaket biar cepet kurus ""̮ ƗƗɐƗƗɐƗƗɐ ""̮",1
"Ini apa lagi, katanya pembalut di pasaran udah dikasih virus HIV/AIDS :O",1
"Kabar duka untuk kita umat Islam, Nandang Burhanudin, Wartawan Palestina membocorkan strategi pemerintah zionis Israel untuk menebar VIRUS AIDS disetiap pembalut wanita.
Produk tersebut akan ditulis: ""Made in Kingdom of Saudi Arabia,""namun ...",1
"Muslimina: Zionis Yahudi, Meletakkan Virus #HIV/AIDS di Pembalut Kaum Hawa: http://muslimina.blogspot.com/2013/09/zionis-yahudi-meletakkan-virus-aids-di.html",1
"Parah ya orang israel,pengen ngebunuh sampe mau nyebar virus HIV/Aids di pembalut... ckck ngeri",1
"Bener gak si ada berita bahwa ZIONIS ISRAEL akan menebar virus HIV~aids lewat pembalut wanita,bikin ngeri aj nih! Klo ada yg tau info dunk,.",1
waduh israel diem diem bikin pembalut tapi didalem pembalut diselipin virus HIV/AIDS. ckckck parah,1
"Girls->""@hanhanaazizah: hati2 muslimah, israel mmbuat pembalut yg mnbarkan virus hiv/aids bertuliskan ""Made in Kingdom of Saudi Arabia"".""",1
"BAHAYA NASI DARI MAGIC COM

""Karena nasi yang terus dihangatkan dalam magic com, saat lebih dari 12 jam ia akan berubah menjadi racun”, kata Pak Anto memperingatkan. Sehingga ketika memasak nasi dan sudah... https://facebook.com/100001778899528/posts/1780574708678475/",1
"[News] 
Nasi yang terus dihangatkan di dalam magic com & lebih dari 12 jam akan berubah jadi racun, dapat menyebabkan diabetes.",1
"BAHAYA NASI DARI MAGIC COM
RACUN DARI NASI

Keluarkan nasi dari rice cooker kalau sdh matang. Kalau lebih dari 12 jam menjadi pemicu diabetes

Kebiasaan yang Jadi Pemicu Anak Menderita Kanker dan Diabetes
http://mafaza-online.com",1
"Nasi yang terus dihangatkan dalam magic com, saat lebih dari 12 jam ia akan berubah menjadi racun.",1
"Catat, Nasi di Magic Com Lebih dari 12 Jam Jadi Racun Pemicu Diabetes http://berita360.com/catat-nasi-di-magic-com-lebih-dari-12-jam-jadi-racun-pemicu-diabetes/",1
"Catat, Nasi di Magic Com Lebih dari 12 Jam Jadi Racun Pemicu Diabeteshttp://berita360.com/catat-nasi-di-magic-com-lebih-dari-12-jam-jadi-racun-pemicu-diabetes//",1
"Gila, Nggak Terduga Banget! Ini 4 Bahaya Makan Es Batu! http://goo.gl/zIH3I3",1
"Yang Harus Anda Tahu tentang Warna Es Batu, Awas Ada Bahaya Mengintai! http://bit.ly/2SI4kUr
",1
"5 Bahaya Makan Es Batu Setiap Hari Bagi Tubuh

1. Mengganggu metabolisme
Bahaya makan es batu setiap hari dapat... http://fb.me/2MQgv7YZg",1
"Bahaya Es Batu Air Mentah / Isi ulang 

Es batu yang memberikan kesejukan untuk minuman Anda ternyata juga... http://fb.me/6t9ctYe3o",1
"RT 
@VIVA_log
: Empat Bahaya Kebiasaan Mengunyah Es Batu bagi Kesehatan http://dlvr.it/PY2K25",1
4 Bahaya Es Batu Pada Wajah Yang Harus Dihindari https://creamretinaus.com/pencegahan/4-bahaya-es-batu-pada-wajah-yang-harus-dihindari-4/,1
"Mending kayak daun ganja. Meskipun dianggap berbahaya, padahal, manfaatnya banyak.
Daripada kayak mawar yang… — https://path.com/p/NzgZj",1
baru tau kalau ganja itu daun xD -> Ganja Itu Berbahaya ! http://1cak.com/918023,1
"Apakah dapat menyembuhkan penyakit? Apakah akar, batang, dahan, daun, biji dan bunga ganja berbahaya bagi... http://fb.me/1bDatBmJJ",1
Manfaat Ikan Gabus Untuk Penderita Diabetes - http://wp.me/p7w6ik-cN #9YearsWithSNSD #MakassarSholatSubuhDP #PersijaDay #BangKojek,0
Manfaat Ikan Gabus Untuk Penderita Diabetes - http://wp.me/p7w6ik-cN #InboxSpecialUltahLesti #BERISIK951 Hotel Indonesia,1
#Manfaat #Ikan #Gabus Kelebihan dan manfaat Ikan gabus adalah : 1. Pembentukan & Pertumbuhan Otot Ikan gabus... https://fb.me/3niDKWIqw,1
Ini Dia Manfaat Ikan Gabus Untuk Ibu Hamil - http://clickdong.com/manfaat-ikan-gabus-untuk-ibu-hamil.html,1
Manfaat Ikan Gabus Terupdate: Manfaat ikan gabus – Ikan gabus merupakan jenis ikan predator yang hidup di air ... http://bit.ly/1qP36B7,1
MENGUNGKAP 1001 MANFAAT IKAN GABUS BAGI KESEHATAN Ikan ini merupakan ikan yang lumayan susah di cari di pasar.... http://fb.me/7IrDdoayt,1
"Fakta tentang micin/vetsin/ajinomoto/apalah namanya. Dapat menyebabkan botak/rambut rontok, kanker, sering lupa ... http://tmi.me/cMLE1",1
"Banyak yang suka salah kaprah kalo makanan mengandung micin menyebabkan berbagai penyakit terutama kanker Kanker disebabkan banyak faktor lainnya seperti stress berlebihan, paparan radiasi, hormon tidak stabil,… https://instagram.com/p/B-gdo_shOYb/?igshid=1qgcstczctsl5",1
Nikotin mengandung candu bisa menyebabkan ketagihan merusak jaringan otak menyebabkan darah cepat ... http://m.tmi.me/JUIv2,1
Zat Berbahaya dalam Rokok 1. Nikotin Zat ini mengandung candu bisa menyebabkan seseorang ketagihan untuk trus... http://fb.me/5Go6lzyu2,1
AT YG TERKANDUNG DALAM ROKOK 1. Nikotin Zat ini mengandung candu bisa menyebabkan seseorang ketagihan untuk... http://fb.me/2wy7J20BP,1
"#PejuangGerakan 
@Telkomsel
 Zat nikotin yg terkandung dlm rokok mengandung candu, bisa menyebabkan seseorang ... http://m.tmi.me/yaP8v",1
ZAT-ZAT BERBAHAYA PADA ROKOK : 1. Nikotin. Zat ini mengandung candu bisa menyebabkan seseorang ketagihan untuk... http://fb.me/2H3mebMHq,1
"Coklat dan kacang bisa menyebabkan jerawat, mitos atau fakta? CLICK: http://bit.ly/makanan-bikin-jerawat… buat cari tau yang sebenarnya! #HJGenerik #HexpharmJaya #HarusJeli #InfoKesehatan #HariPersatuanFarmasiIndonesia #HariPersatuanFarmasiIndonesia2020 #Farmasi #13Februari2020 #13Februari",1
Apakah Mengkonsumsi Kacang Tanah Menyebabkan Jerawat?,0
HAA INILAH ANTARA MAKANAN YG BOLEH MENYEBABKAN JERAWAT. . Ada orang makan kacang sikit terus je tumbuh jerawat betul tak? Tapi ada juga yang makan kacang tak tumbuh jerawat pun helok je makan kacang dalam air ABC… https://instagram.com/p/CBc7MB3gWDc/?igshid=11yi1qvc2lrew,1
"Seperti dilansir dari MD Acne, menurut Dr. Yoram Harth, MD, makan kacang ternyata memang bisa menyebabkan jerawat. Kacang mengandung androgen yang dapat meningkatkan produksi minyak dan menimbulkan jerawat. Namun… https://instagram.com/p/CBASzVujeK9/?igshid=1ntic2jyhb9jt",1
"HOAX ATAU FAKTA? ""Kacang dapat menyebabkan jerawat"" — FAKTA https://lap78.ask.fm/igoto/45DKECPW7B667HQMHN2IG6NMZSODNIA3SXZ7BAMDC77KVYFO2RW4GOAMNAPIUABNK2Z76HQGJNXDUUSUQF2LY3NZMTMLBHRBUMLBBXCJCVOSKLXRDCMAKIXVT6MPZSJQQKQI2AIT7PAC7J4QI2NAUW3C4TCEX6EJZ3FE77BCTC3LYUONBFWHZU7R4NM634X3WE56GOQF7V4OTF3QAQMEABHINGOAYFLZ2M======",1
Melihat Dua Sisi Manfaat dan Bahaya Kafein http://cnn.id/277198?s=tw&ca=cms&m=oa,0
"KETAGIH GULA LAGI BAHAYA DARI KETAGIH DADAH . Aku pernah terbaca statement tuh. Lagi bahaya yang jenis ketagih kafein. Jenis yang Setiap pagi wajib pekena teh tarik, nescafe tarik nih (aku yang dulu). . Entah... https://facebook.com/1230053049/posts/10220560019690370/",1
My Dalgona Coffee during RMO. Penggemar latte pasti sukakannya gituh! Yang ngko tak boleh nak minum kafein tu jgn ngok sangat pergi buat and minum pastu buat warning cakap benda ni bahaya… https://instagram.com/p/B-FEGAlhiedPT8VR9qtsWtEix4h-g5DBr2LUvM0/?igshid=kzaklq6dyr5d,1
"Ibu Hamil Dilarang Minum Kopi, Bahaya Kafein pada Kesehatan Janin Bisa Meningkatkan Risiko Keguguran – http://Grid.ID https://masasih.id/kesehatan/ibu-hamil-dilarang-minum-kopi-bahaya-kafein-pada-kesehatan-janin-bisa-meningkatkan-risiko-keguguran-grid-id/",1
"#ngopi Bahaya kebanyakan minum kopi bagi tubuh wanita Overdosis Bukan hanya obat kimia saja yang bisa membuat seseorang overdosis. Kafein juga, apalagi jika kamu mengonsumsinya secara berlebihan.... https://facebook.com/KayuagungRadio90.4FM/posts/1651617321591812",1
"Modern Detox Malaysia 
@VitalluzHq
 .
.
BAHAYA KAFEIN BERLEBIHAN DALAM BADAN
.
Kafein menyebabkan kandungan asid dalam perut meningkat dan sering menyebabkan pedih ulu hati
.
Kafein juga… https://instagram.com/p/BrO2LyMngys/?utm_source=ig_twitter_share&igshid=hbdny3xn3q13",1
Ini Bantahan Moeldoko soal Rumor Dana Haji Dipakai Pemerintah https://news.harianjogja.com/read/2021/06/08/500/1073890/ini-bantahan-moeldoko-soal-rumor-dana-haji-dipakai-pemerintah?utm_source=dlvr.it&utm_medium=twitter… #beritajogja #jogja #jogjaistimewa,1
Isu dana haji dipakai infrastruktur bikin geger masyarakat. Pemerintah menepis isu itu dan memastikan dana haji 2021 aman.,0
Viral Postingan Diduga Calon Bupati Sidoarjo: Dana Haji Dipakai Investasi,1
Dana haji tidak dipakai untuk investasi infrastruktur Dana Haji Terjamin,1
"Beneran deh, radiasi sinyal HP ke tlp bikiiinnn sakiiitttttttt..huhuhuu.. http://myloc.me/1y3IA",1
[HOT THREAD] #2  Awas! Radiasi Sinyal HP Dapat Merusak Perkembangan Otak Anak http://bit.ly/RgQWpX,0
Hoax Atau Fakta: Radiasi Sinyal HP Sebabkan Otak Mengecil? http://bacablog.com/hoax-atau-fakta-radiasi-sinyal-hp-sebabkan-otak-mengecil/,1
"Lihat ! Apa Yang Terjadi Pada Jagung Ini Setelah Terpapar Radiasi Sinyal HP.: http://youtu.be/Ze0FUfvA0LU?a melalui 
@YouTube",1
Radiasi Sinyal HP Menyebabkan Otak Mengecil? Begini Penjelasan Dokter http://fb.me/2f5eF6wGk,1
Awas! Radiasi Sinyal HP Dapat Merusak Perkembangan Otak Anak Dalam 2 Menit. http://fb.me/29qvQQKMV,1
"Diantara Gula dan Garam, yang Mana Lebih Berbahaya untuk Kesehatan? https://ift.tt/2HvmAeB",1
"Malahan pihak rumkit sudah merekomendasikan untuk mengganti penggunaan garam dengan MSG - MSG dan garam itu sama2 natrium, malahan garam lebih berbahaya jika kebanyakan. https://google.com/amp/s/m.liputan6.com/amp/622862/garam-akan-diganti-vetsin-di-rumah-sakit",1
Detik Food : Terlalu Sedikit Konsumsi Garam Juga Berbahaya Bagi Kesehatan http://dlvr.it/Qg6M7q http://bit.ly/MieBasoCiamis 08381000333,0
"Terlalu banyak konsumsi gula, jelas berbahaya. Terlalu banyak konsumsi garam juga berbahaya. Tapi mana yang paling berbahaya? http://bit.ly/2GYFB7Y",1
#indonesiasat Rokok berbahaya. Kuning telor berbahaya. Daging kambing berbahaya. Durian berbahaya. Nasi berbahaya. Karbohidrat berbahaya. Gula berbahaya. Garam berbahaya. Santan berbahaya. Jeroan berbahaya.... https://facebook.com/100001923848892/posts/3190217321052365/,1
Garam Himalaya merupakan jenis garam murni dari bumi dan terbebas dari polusi serta racun berbahaya. Garam Himalaya berwarna Merah Muda yang terjadi karena oksida besi. Kandungan dalam garam Himalaya ini adalah… https://instagram.com/p/B_G85MVJPiB/?igshid=sekuxpka8i9z,1
TERNYATA!!! Terlalu Sedikit Makan Garam Bisa Berbahaya: http://youtu.be/jYJjGDkFE0E?a via @YouTube,1
"Ini Risiko Penyakit Ibu yang tak Berikan ASI: HORISONJAKARTA, (PRLM).- Dampak memberikan susu formula ternyata... http://bit.ly/1UHBoIw",1
Menkes Didesak Jelaskan Dampak Susu Formula http://bit.ly/ecQruI,1
Dampak Buruk Beri Susu Formula Tak Sesuai Takaran pada Bayi: Hal ini akan berdampak pada gangguan serius pada bayi. http://bit.ly/1VDYyQA,0
INILAH DAMPAK SUSU FORMULA PADA BAYI http://goo.gl/fb/GxK0bF,1
Adakah dampak pemberian susu formula bagi tumbuh kembang anak? simak selengkapnya dalam http://majalahembun.com,1
DAMPAK SUSU FORMULA: Dampak susu formula http://yulisantycarza.blogspot.co.id/2013/06/dampak-susu-formula.html?m=1,1
Menelan Biji Jambu Menyebabkan Usus Buntu? http://dlvr.it/PpSvPX,1
"
#SobaTani, ternyata mengonsumsi jambu biji bisa menyebabkan usus buntu masih belum teruji secara medis. Bahkan, dari kajian Omer Engin dalam Asian Pacific Journal of Tropical, hanya ditemukan satu dari 200 kasus yang diteliti.

#PanganUntukNegeri",0
Makan biji jambu dan biji cabe menyebabkan usus buntu.. itu mitos.. wajib baca ini... http://fb.me/3AvX2fJlc,1
Menelan Biji Jambu Menyebabkan Usus Buntu? http://alljatim.com/peristiwa/menelan-biji-jambu-menyebabkan-usus-buntu/,1
Biji Jambu Dapat Menyebabkan Usus Buntu: Mitos atau Fakta ? http://wp.me/p2G34i-g7,1
Jambu biji menyebabkan usus buntu? Fakta atau mitos? Bagaimana menurut Fruitaholic? temukan jawabannya di sini http://sunpride.co.id/funfact-26-jambu-biji-sebabkan-usus-buntu-fakta-atau-mitos.html,1
"Ternyata g cuma ""kalo minum kopi bikin mata melek"", tapi ""mata kelilipan serbuk2 kopi"" juga bikin… (w/ Rohmatul) — https://path.com/p/29EDK1",1
"Serius, lama gak minum kopi bikin mata awet melek sekalinya minum plisss ini udh jam… https://instagram.com/p/BQ_IbwOhUwp/",1
"minum kopi bikin mata melek, meskipun ditemani orang jelek :) http://fb.me/MmX8eDv7",1
9 Manfaat Minum Kopi yang Mujarab; 1. Minum kopi bikin mata melek di pagi dan malam hari. 2. Sumber antioksidan yang baik. 3. Efektif menghilangkan stres. 4. Baik untuk metabolisme… https://instagram.com/p/BqPZINXDiKj/?utm_source=ig_twitter_share&igshid=jn8qksuv6gua,1
"Kopi memang disukai oleh banyak orang. Nggak cuma bisa bikin mata jadi melek dan tetap terjaga, ternyata kopi juga bisa cegah alzheimer. #Kopi 
",0
Karna Kopi item ngalah ngalahin Kopi mahal buat bikin mata melek dan nunggu PANGGILAN ALAM - Kagak tau dah ALAM lagi dmana ... mungkin Veti Vera tau - Gak lucu njirrrr Melanie… https://instagram.com/p/B09xEGoHQoN/?igshid=gbhxd8uvzltg,1
"Kopi Yang Bikin Mata Melek, Itu Sudah Biasa.... Tapi Kopi Yg Bikin Gairah dan Bisa Tahan Lama Ini Baru LUAR BIASA... Apa lagi Bisa Ngilangin Rasa Pegel² Linu² di Badan dan bikin badan tetap Fit Hanya... https://facebook.com/100003235225724/posts/2016438291807325/",1
Pentingnya para pejabat untuk lebih dulu baca jurnal sains sebelum berbicara didepan umum mengenai sains. https://youtu.be/PpV_5-tCS-c pada menit 1:47. Mengingatkan mimin pada kasus sperma di kolam renang yg bisa bikin hamil.,1
Waspada begadang bisa menyebabkan kanker hati http://bit.ly/aXIhIt #kaskus,1
Ini penjelasan kenapa begadang bisa menyebabkan kanker http://ow.ly/mEKmv,1
Benarkah Begadang dapat Menyebabkan Kanker? http://ummi-online.com/benarkah-begadang-dapat-menyebabkan-kanker.html,1
"hahahaha bobo gue dulu ah , minum cucu duyu :pRT @EmoonYET: ati2 begadang menyebabkan kanker , liver , (cont) http://wl.gs/KKMUE",1
"Kil, molor..inget td begadang menyebabkan kanker hati.. RT 
@ekillers_86
: Lahhhhh ??? RT 
@aqidarrr
: ... http://m.tmi.me/19zY0R",1
Kata kata mutiaranya dong buat hari ini — Begadang dpt menyebabkan kanker hati. Hayoloh yg suka begadang http://l.ask.fm/igoto/45DKECN75V62DDAUPY6IQO7T62MTJJIJRL67JANREG57HPN2ZEY5KMYNNRKMSRZVK2Y72EYHIVSTQUC7Y4YO4R56M3ZLDERR5QAQFPSOBJRSII6PAWFDIEXDQON3BCSKW65IGHRCZ3IGNAEAL6VUMHI=,1
Mahasiswa Unibraw Jual Ginjal Untuk Biaya Kuliah http://ow.ly/2zemeB,1
Niat Ayah Jual Ginjal untuk Kuliah Anak di Unsoed Ditolak Istri http://baranews.co/web/read/45643/niat.ayah.jual.ginjal.untuk.kuliah.anak.di.unsoed.ditolak.istri,1
Ini pengakuan mahasiswa Unibraw yang jual ginjal untuk kuliah http://mdk.to/d0MD #Peristiwa,1
Bapak ini Rela Jual Ginjal untuk Biayai Kuliah Anak Heri Akhmad Ripai (55) rela melakukan segala… https://instagram.com/p/57T7dvld0q/,1
"Ayah Jual Ginjal untuk Kuliah Anak di Unsoed, Ditolak Istri: 'Iya pak saya udah larang keinginannya (menj... http://bit.ly/1HisDdE",1
"Mahasiswa Jual Ginjal Untuk Kuliah, UB Bangun Gedung Baru http://bit.ly/14By715",1
Inilah Alasan Ilmiah Laki - Laki atau Pria Dilarang Pakai Emas http://fb.me/11FO9zNNE,1
"Bismillah, Larangan laki"" memakai perhiasan emas, Dalam Islam, laki-laki dilarang pakai emas. Namun sangat... http://fb.me/6QYJHmOJp",1
Inilah Sebab Laki-laki Dilarang pakai Emas http://dlvr.it/NfgPMY,1
JAWABAN ILMIAH MENGAPA PRIA DILARANG PAKAI EMAS :D Berikut hadistnya: Nabi Saw telah melarang kaum laki-laki... http://fb.me/3rdOjGuVs,1
"mengapa laki laki tidak boleh memakai emas, sementara perempuan boleh memakai emas ? — Karenaaa kalau menurut pandangan islam, pria dilarang pakai emas krn akan menyerupai sperti wanita dan Allah melaknat hal seperti itu ((pria menyerupai wanita dan seb… https://lap87.ask.fm/igoto/45DKECPW7B667HQMHN2IG6NM7CCTFPYDQ766RG77D7SLNZN62UYY2Z2LE5B4WQR2KSY7YHQFJQUH4DB7YEV7M2VONS5LPBQLUIORJE2YHVWSCKGPBOHXYPXKSC27R6LPZSXYAHAEYDOH3GEWOHNFU4CF4LBHLRMKZDGE52TWWHX6A===",1
MUI Kota Pekanbaru : Berikut Alasan Kaum Laki-Laki Dilarang Pakai Emas - riauantara http://riauantara.com/2017/07/mui-kota-pekanbaru-berikut-alasan-kaum.html?m=1,1
vapor ? — Rokok itu berbahaya! Kita yakin kamu pasti sudah hapal dengan tulisan pada bungkus rokok tanpa perlu ... http://ask.fm/a/c4dh3610,1
Cecair dalam VAPOR membahayakan dan membawa penyakit berbahaya... http://fb.me/2oknCPu1H,1
Benarkah vapor tidak berbahaya untuk kesehatan? Temukan fakta medisnya disini >> http://ow.ly/WJA5304FOW5 #klikDOKTER,0
Jadi barusan ada temen nanya tentang vapor dan menyebutkan ada artikel bahwa vapor itu berbahaya dari… http://instagram.com/p/wKBOVWJZCf/,1
Berbagai Fakta Berbahaya Mengenai Vapor http://fb.me/7vbggJjtK,1
"Jadi bagi vapor pasiv ga berbahaya deket sama vapor aktif, Jadi pilih mana? Cowo vapor atau cowo… https://instagram.com/p/BT0apraA6EU/",1
"#Repost fakta_smansa with 
@repostapp

・・・
Apakah vapor berbahaya?? Jawabannya ""iya"" karena vapor… https://instagram.com/p/BSx_-AvBp3d/",1
KapsulPintar ~ Benarkah Bulu Kucing Menyebabkan Asma? http://kapsulpintar.com/2013/11/20/3494/benarkah-bulu-kucing-menyebabkan-asma.html,1
Benarkah Bulu Kucing Menyebabkan Asma? http://fb.me/35BfkToUZ,1
#SekilasInfo Bulu kucing bukan pemicu asma:   Mitos bulu kucing dapat menyebabkan gangguan  pernafasan atau as... http://ln.is/bit.ly/eIqKe,1
Apakah Bulu Kucing Bisa Menyebabkan Asma? http://bit.ly/10tNblT,1
#antaranews Bulu kucing bukan pemicu asma:   Mitos bulu kucing dapat menyebabkan gangguan  pernafasan atau asm... http://bit.ly/1jtzmME,1
Bulu Kucing Ternyata Dapat Menyebabkan Asma Dan Kerusakan Pada janin,1
"Waspada jika ingin mengkonsumsi coklat, krn telah beredar coklat mengandung minyak babi.… — https://path.com/p/1KhSEp",1
BPOM Pastikan Coklat Cadbury Mengandung Minyak Babi http://bitly.com/1l3EYak,1
Apakah makanan terburuk yang pernah kamu makan? — Coklat cadburry -_- mengandung minyak babi ujar http://ask.fm/a/b2m0pq99,1
Coklat cadbury mengandung minyak babi !! http://tempo.co/read/news/2014/05/30/090581159/Cadbury-Mengandung-Babi-Tak-Beredar-di-Indonesia,0
BPOM Pastikan Coklat Cadbury Mengandung Minyak Babi http://ift.tt/1pA5oGj,1
BPOM Pastikan Coklat Cadbury Mengandung Minyak Babi | http://BogorUpdates.com,1
Biasanya berbau coklat mengandung minyak babi disana. Cmiiw,1
"Hati Ayam, Ternyata Berbahaya Untuk Ibu Hamil dan Bayi - News Mas Larto http://news.maslarto.web.id/2015/01/hati-ayam-ternyata-berbahaya-untuk-ibu.html?m=1",1
"Jangan hanya termakan mitos, jika akhirnya menyesatkan ya, Moms!",1
Kalian Sering Makan Ayam? Hati-hati Berbahaya Buat Tubuh Lho... http://share.babe.news/s/kRbUwQ,1
"Hati Ayam Bisa Berbahaya untuk Bayi dan Ibu Hamil: Benarkah hati ayam menyimpan banyak racun tubuh? Parents, s... http://bit.ly/12FqhJg",1
info ukm Hati Hati ! Bisnis Waralaba Ini Berbahaya – Ayam Bacok: http://bisnisumkmonline.com –   Hati Hati ! Bisni... http://bit.ly/1Vap0Og,1
"4. Hati. Ayam, unggas, sapi yang mengandung cacing hati sangat berbahaya bagi ibu hamil dan janin yang dikandung shg mjd #penyebabkeguguran",1
Hati-hati! Makanan Gosong dapat Menyebabkan Kanker http://dlvr.it/Q0L5Y1,1
"Sering kita tak tahan untuk menolak Ikan, ayam, atau makanan lain yang diolah dengan cara dibakar.Rasanya lezat dan nikmat! Namun, makanan dibakar akan menyebabkan beberapa bagian menjadi gosong. Makanan yang dibakar bisa meningkatkan risiko kanker perut, usus besar dan pankreas.",1
"Catet sob -->RT 
@dr_BramIrfanda
: klo makan makanan yg DIBAKAR, JANGAN MAKAN bagian HITAM YG GOSONG ya..krn bisa MENYEBABKAN KANKER MULUT",1
"Terkadang ada bagian luar dari masakan yang gosong. Menyantap bagian yang gosong itu terasa berbeda dan memberikan citarasa yang unik dilidah. Namun, banyak orang berpikit menyantap makanan gosong bisa menyebabkan kanker. Bagaimana faktanya?",1
Buat anda yang suka makan makanan di bakar hati hati logam yang menempel pada sisi hangus / gosong pada makanan anda ! Menyebabkan KANKER,1
Makanan gosong bs menyebabkan kanker,1
Ikan bakar potato bakar etc karsinogennya/yg gosong sebaiknya tdk dimakan krn menyebabkan kanker,1
Jackie Chan Meninggal Dunia Akibat Insiden? http://lp6.co/1KaW,1
"#Videolah: Jackie Chan meninggal dunia, ternyata HOAX http://goo.gl/fb/kZkCkq",1
"http://kplg.co/Y17k Sosok Bersejarah, Jackie Chan Dikabarkan Meninggal Dunia Hari Ini",1
"RIP  
@PintarPolitik
: #TRENDING Jackie Chan Meninggal, Jackie Chan Meninggal Dunia http://goo.gl/N6dDfb https://pic.twitter.com/M7OsMzXsjZ""",1
Jackie Chan Dikabarkan Meninggal ● Jackie Chan Reportedly Died http://youtu.be/ZhgYb650InQ?a,1
"Kecelakaan di Lokasi Syuting, Kru Film Jackie Chan Meninggal: Jackie Chan berduka. Sinematografer film terbaru... http://bit.ly/13HUnNr",1
"Kabar Duka…!! Aktor Bintang Film Action Mandarin, Jackie Chan Meninggal Dunia Akibat… http://fb.me/1e3ndqSwA",1
#KebiasaanKitaINFO Tidur sambil mendengarkan lagu menggunakan headset sangat berbahaya!! RT IF U CARE,1
Saya baru tau kalo tidur sambil dengerin musik pake headset itu berbahaya. ,1
"Hmmm.. Brrati headset berbahaya donk.. Tiiddaaakkkk...RT 
@poppyhasfri
: Mgkin, kotoran d telinga'a itu b'bakteri ... http://tmi.me/2xala",1
Alasan Mengapa Pakai Headset Bisa Berbahaya http://kplg.co/Arx3 #vemale,1
"Awas, Headset Berbahaya untuk Telinga dan Otak Manusia http://bit.ly/1Onr57v",1
"WARNING ...!!!!HATI2 TIDAK BOLEH PAKE HP SAMBIL DI CHARGE DAN DENGERIN LAGU PAKAI HEADSET , BERBAHAYA !!!!! http://fb.me/7GaKGkyG4",1
Ternyata penggunaan headset berbahaya bagi telinga dan otak! http://bit.ly/1cobaJs Baca berita terkini di http://bit.ly/1G4nrPy,0
"Ora mudeng RT @wisnu_kalbu: Vegetarian, berkata bahwa semua mentega itu mengandung minyak babi, dan vegetarian (cont) http://tl.gd/1js6sc",1
"Mengandung babi dit..hahahaRT @ar7uri7o: Wysman tu bkn tmbh gurih dit.. ;) RT 
@rdeet
: Knapa klo pake mentega (cont) http://tl.gd/8miu8v",1
"Lagi nonton trans tv, ternyata ada yah..mentega yang mengandung minyak babi! Huhu..WASPADALAH!! http://plurk.com/p/2843cu",1
Lemak Babi mengandung 60% asam oleat tunggal. Sedangkan Mentega hanya mengandung 45% asam Pelat tunggal. Dan para peneliti mengatakan bahwa lemak Babi menyehatkan. https://m.cnnindonesia.com/gaya-hidup/20190606145919-255-401375/studi-lemak-babi-1-dari-10-makanan-paling-bergizi,0
"Filter di rokok yang kita sulit memahami bahan-bahannya saja ketauan kok mengandung (enzim/darah) babi. Apalagi sekedar donat berbahan terigu, mentega, gula, coklat dll... Silahkan saja di cek, ada BPOM dll, nyatanya? Emang tidak sejauh itu kok (ada zat haramnya) sejauh ini. ",1
#trubuslife #Kesehatan Bukannya minyak kelapa mengandung lemak jenuh lebih banyak dibanding mentega dan lemak babi? https://goo.gl/Rz12Ny,1
"Benarkah Mandi Malam Sangat Berbahaya? Banyak orang tua yang sering melarang anaknya mandi malam, dengan mitos... http://fb.me/1UM7kNay4",1
Wah jangan mandi malam malam berbahaya https://twitter.com/zaraJKT48/status/895323622130057220,1
Mandi Malam Hari Berbahaya Bagi Kesehatan? Benarkah Demikian? Berikut Jawabannya http://fb.me/wSdDE9pB,1
Mandi malam sebagian masyarakat Indonesia meyakini bahwa mandi malam berbahaya untuk kesehatan. Begitulah pesan... http://fb.me/99ibPspq1,1
"Sering Mandi Malam Apakah Berbahaya ??? Banyak orang yang percaya bahwa mandi di malam hari bisa berbahaya bagi kesehatan. Namun, hal itu belum terbukti sepenuhnya. Meski begitu, bukan berarti hal ini bisa… https://instagram.com/p/B_7eon6luIC/?igshid=138ki2epmv3vh",1
"Mitos http://health.kompas.com/read/2014/10/25/091648823/Sering.Mandi.Malam.Sebabkan.Rematik.Mitos.atau.Fakta. RT 
@Anik185
: nih alesannya @Luthfi_Aminu,  Mandi tengah malam berbahaya http://ow.ly/IcDCY",1
Makan mie instan campur nasi ternyata berbahaya. Padahal banyak yang doyan dan enak banget. Apa bahayanya? Baca... https://fb.me/WFuKDl1R,1
"HATI-HATI, MAKAN MIE INSTAN CAMPUR NASI TERNYATA BERBAHAYA! Perpaduan antara mie dan nasi ini memang memiliki kenikmatan tersendiri. Namun sayangnya, kebiasaan yang enak ini justru bisa membahayakan kesehatan. Apa alasannya? http://ift.tt/2AK8amR",1
"Benarkah Makan Mie + Nasi Berbahaya: Mi instan menjadi salah satu makanan yang sangat digemari oleh masyarakat Indonesia. Selain karena murah dan mudah didapat, mi instan memiliki ... Untuk membaca lebih lanjut silahkan kunjungi http://t4m1n.blogspot.co.id http://dlvr.it/QSGdWW",1
"Makan nasi dan mie instan secara bersamaan memang enak, tapi awas bahayanya. http://logammuliajewelry.com #info #infokesehatan #makanmie #mieinstan #pakainasi #berbahaya #LMjewelry #LMjewelryartikel https://vemale.com/kesehatan/114350-makan-mie-instan-pakai-nasi-berbahaya-begini-penjelasannya.html",1
Makan mie instan campur nasi ternyata berbahaya. Padahal banyak yang doyan dan enak banget. Apa bahayanya? Baca... http://fb.me/2RqAXfinZ,1
Makan mie instan campur nasi ternyata berbahaya. Padahal banyak yang doyan dan enak banget. Apa bahayanya? Baca... https://fb.me/7wLzMvyiq,1
"Tak Cuma Sembako dan Sekolah, Biaya Melahirkan Pun Bakal Kena Pajak https://youtu.be/a-3payZ4xWg via Meski kelihatannya sehat, ternyata saus kacang Gado-Gado mengandung purin tinggi yang menyebabkan asam urat dan kolesterol. Sebelum risiko itu datang kamu harus #BeriArtiLebih dengan #FWDCriticalArmor. Cari tau di 
@fwd_id
 & http://bit.ly/FWDCriticalArmor",1
Ternyata Kacang tdk menyebabkan asam urat^_^ http://myloc.me/1wSFU,1
"Siang :)
Bayam dan kacang adalah sayuran yang menyebabkan asam urat naik, klik https://goo.gl/bSWTrS
",1
Kacang Mete bisa menyebabkan asam urat? https://mandrigunawanberita.wordpress.com/2020/05/23/kac,1
Konsumsi kacang-kacangan setiap hari selama enam minggu bisa mengurangi #kolesterol hingga 10 persen http://klik-dr.tk/1dt0nqJ,1
"Apakah kacang menyebabkan asam urat? RT @accuchekactive: kacang bermanfaat loh sebagai penurun kolesterol, mencegah ... http://tmi.me/bw68v",1
"Waspadalah, Sering Minum Teh Kemasan Bisa Sebabkan Anak Kencing Darah, Ini Buktinya http://goaceh.co/artikel/serbaserbi/2016/08/21/waspadalah-sering-minum-teh-kemasan-bisa-sebabkan-anak-kencing-darah-ini-buktinya/?utm_source=dlvr.it&utm_medium=twitter… (http://GoAceh.co)",1
"Woww RT 
@AliaOelfa
: hadeehhh pantesan.....stop minum teh manis! Sering kencing saat puasa, apa normal?? - http://kask.us/10040902 #kaskus",1
"Gara-gara Sering Minum Teh dalam Botol Kemasan, Anak Ini Kencing Bercampur Darah: Gara-gara Sering Minum Teh ... http://bit.ly/2aWOUKu",1
"Bisa gara2 minum teh""
@banjarmasinpost
: Sering Kencing http://goo.gl/fb/lSguQ""",1
"iya apa ?? bknnya malah sering bikin kencing RT 
@ceritamucom
: Rutin Minum Teh Bisa Tingkatkan Kekuatan Otak http://ping.fm/8EzJJ",1
"Gara-gara Sering Minum Teh dalam Botol Kemasan, Anak Ini Kencing Bercampur Darah - http://TribunSolo.com http://fb.me/1im0HSAMk",1
"Temen kerja gue,dia sering nahan kencing dan jarang banget minum air putih.Kalo istirahat lebih milih minum yg berbau teh dingin. Habis itu warna air kencing nya kuning banget ditambah berdarah. Abis di cek katanya infeksi saluran kantung kemih. Tp Alhamdulilah skrg dia dah sehat",1
Konsumsi Minyak Kelapa dan Mentega Kakao Ampuh Obati Radang Usus http://okz.me/CYh3E,1
Aturan Konsumsi Minyak Kelapa untuk Sehatkan Jantung http://dlvr.it/Q9bJMX,0
"Sudahkah kamu mengurangi konsumsi minyak kelapa? 
@American_Heart
 berikan laporan ttg tingginya kadar lemak jenuh. https://goo.gl/oYuy1K",1
Konsumsi Minyak Kelapa Bisa Cegah Penyakit Jantung http://ift.tt/2Deq466,1
http://sollyez.com : Konsumsi Minyak Kelapa dan Mentega Kakao Ampuh Obati Radang Usus: Memiliki… https://goo.gl/fb/WBiPM5,1
Konsumsi Minyak Kelapa Setiap Pagi Tingkatkan Kesehatan Otak MINYAK kelapa tidak cuma ampuh menghaluskan kulit... http://fb.me/5HKiPLECV,1
"Konsumsi Minyak Kelapa Bisa Cegah Penyakit Jantung..
http://tinyurl.com/y8xmxute",1
Manfaat Daun Sirsak yang Menakjubkan http://infoa1.id/index.php/2018/08/03/manfaat-daun-sirsak-yang-menakjubkan/,1
Manfaat Daun Sirsak Tak Hanya Mencegah Kanker https://abadikini.com/2019/02/23/manfaat-daun-sirsak-tak-hanya-mencegah-kanker/,1
5 Manfaat Daun Sirsak Buat Rambut Yang Sering Gatal Dan Berkutu http://info-kecantikan.com/5-manfaat-daun-sirsak-buat-rambut-yang-sering-gatal-dan-berkutu/,1
Beberapa khasiat Dan Manfaat Daun Sirsak Untuk Ayam Bangkok http://skys128.org.ridder.co/Oeppkm,1
Kesehatam : Ini Manfaat Daun Sirsak untuk Tubuh Anda: Ist KESEHATAN – Banyak penelitian… https://goo.gl/fb/izKm6U,1
"Kenapa BIO SIMAPRO LARIS MANIS SLALU DI CARI ??? Krn komposisinya ada DAUN SIRSAK,PROPOLIS,KULIT MANGGIS Beberapa manfaat daun sirsak yg sangat luar biasa 1. Mencegah dan mengobati kanker... https://facebook.com/permalink.php?story_fbid=2064243487197299&id=100008350027500",1
"4 Manfaat Daun Sirsak bagi Kesehatan, Salah Satunya Obat Kanker https://tekno.tempo.co/read/1472961/4-manfaat-daun-sirsak-bagi-kesehatan-salah-satunya-obat-kanker?utm_source=Twitter&utm_medium=Digital%20Marketing&utm_campaign=dlvrit… #TempoTekno",0
Lontong Plastik Sangat Berbahaya Bagi Janin dan Kesuburan Wanita http://lampungsae.com/lontong-plastik-sangat-berbahaya-bagi-janin-dan-kesuburan-wanita/?rF=t&mye_redirect=1,1
"Jangan Masak Lontong Pakai Plastik, Berbahaya! BPOM: Pedagang yang Pakai Plastik Akan Ditindak http://fb.me/2EtUp21WO",1
"CETAKAN LONTONG SEHAT & PRAKTIS Lontong yang dibungkus plastik BERBAHAYA bagi kesehatan. Zat polimer plastik yang terpapar panas proses memasak larut dan menyatu dgn lontong, zat polimer ini dapat menyebabkan... https://facebook.com/100003955512604/posts/1483785778429925/…",1
"CETAKAN LONTONG SEHAT & PRAKTIS Uk. 4x12 Harga 55.000 isi 1 losin Gado-gado dan ketoprak makin enak dengan tambahan lontong, namun lontong yang dibungkus plastik BERBAHAYA bagi kesehatan. Zat polimer... https://facebook.com/100001743080317/posts/2242406112494136/",1
"Hentikan menggunakan plastik untuk membungkus lontong, sangat berbahaya. https://twitter.com/mpujayaprema/status/701392154036404224…""",1
"CETAKAN LONTONG SEHAT & PRAKTIS Lontong yang dibungkus plastik BERBAHAYA bagi kesehatan. Zat polimer plastik yang terpapar panas proses memasak larut dan menyatu dgn lontong, zat polimer ini dapat menyebabkan kanker... https://facebook.com/yosni.alim/posts/2299806596971535",1
Benarkah Sup Sirip Ikan Hiu Bermanfaat Bagi Tubuh? http://gaptekupdate.com/2017/01/benarkah-sup-sirip-ikan-hiu-bermanfaat-bagi-tubuh/,1
SEHATNEWS.COM - Sirip Hiu Tak Bermanfaat Bagi Kesehatan http://twurl.nl/x40ogf,1
Eh eh.. Sirip hiu itu bermanfaat bagi kesehatan? Coba baca ini dulu.. #imlekbebashiu http://seastewards.org/projects/shark-finning/isnt-shark-fin-soup-healthy/,1
Benarkah Sirip Ikan Hiu Bermanfaat untuk Kesehatan?: Hal tersebut dikarenakan banyak orang meyakini bahwa sir... http://bit.ly/2aeskJA,1
kompascom: Benarkah Sup Sirip Ikan Hiu Bermanfaat bagi Tubuh?. http://kom.ps/AFvwTs,1
Benarkah Sirip Ikan Hiu Bermanfaat untuk Kesehatan? http://adunasib.com/benarkah-sirip-ikan-hiu-bermanfaat-untuk-kesehatan/,1
Waw... Ternyata Sate Dapat Menyebabkan Kanker! http://goo.gl/fb/SU71En #news,1
Sate Bisa Menyebabkan Kanker: kali ini saya akan membagikan artikel yang berjudul SATE BISA MENYEBABKAN KANKER ... http://bit.ly/12Ultc9,1
"*lagimakansate* RT 
@yuyutwah
: Hati-hati, Ternyata Sate Dapat Menyebabkan Kanker: http://yuyutwah.com/2012/08/sate-dapat-menyebabkan-kanker.html #jfb",1
"Sate RKB! ""
@LintasME
: WOW ! SATE BISA MENYEBABKAN KANKER ? http://di.lintas.me/fM0""",1
Ternyata Konsumsi Sate Gosong Tak Menyebabkan Kanker http://okz.me/CXPeM,1
"Hati-hati, Ternyata Sate Dapat Menyebabkan Kanker http://shar.es/SSCq2",1
"Buah dan sayuran non-organik mengandung residu bahan kimia dari pestisida. Karena itu, sebelum dikonsumsi har... http://bit.ly/22utjdt",1
"Konsumsi sayuran seperti brokoli, kale dan kubis dapat membantu mengurangi risiko kanker usus. Dalam jurnal Immunity, peneliti menemukan bahwa sayuran-sayuran itu mengandung bahan kimia anti-kanker ketika dicerna tubuh. (odp-hm) http://senggang.suarasurabaya.net/news/2018/208252-Brokoli-dan-Kubis-Dapat-Kurangi-Resiko-Kanker-Usus",1
:O Sayuran ini mengandung senyawa kimia yang bernama sulforaphane yakni salah satu jenis senyawa yang dapat... http://fb.me/5Cz39jVYN,1
Sayuran sekarang banyak yang di seprot jadi mengandung bahan kimia Ya jelas kurang gizi harga daging sapi 120 rb... http://fb.me/7JWH7IVOX,1
Ragu dengan sayuran yang Anda makan? Takut mengandung racun dari pestisida kimia? Mungkin Anda berpikir tubuh... http://fb.me/2Etc1kcKq,1
"Buah-buahan dan sayuran mengandung vitamin penting, mineral dan 'bahan kimia pabrik'. Mereka juga mengandung (cont) http://tl.gd/a5e7o4",1
"Peneliti Temukan 6 Jenis Virus Corona Lain pada Kelelawar, Berbahaya kah? https://topinfo.id/2020/04/12/peneliti-temukan-6-jenis-virus-corona-lain-pada-kelelawar-berbahaya-kah/",1
"Peneliti Temukan 6 Jenis Virus Corona Lain pada Kelelawar, Berbahaya kah? http://dlvr.it/RTchfk",1
10 geng paling berbahaya #geng #fakta #10 #2019 The Kelelawar: 10 Geng Paling Berbahaya (2019) https://kelelawarmalas.blogspot.com/2019/02/tidak-ada-alat-ilmiah-untuk-mengukur.html?spref=tw,1
"Kelelawar Membawa 60 Virus Berbahaya yang Bisa Menginfeksi Manusia: Selain Batman, kelelawar identik juga dengan... http://bit.ly/W1maQc",1
Pakar virus bukan berarti ahli kesehatan manusia. Dampak virus di hewan dipastikan berbeda dg dampak virus ke manusia. Virus corona banyak di tubuh hewan kelelawar tapi tdk mematikan kelelawar tapi virus corona tsb masuk ke manusia mematikan manusia. Semoga jelas. https://twitter.com/bukan_andylau/status/1251165054545784834,1
"Kelelawar Membawa 60 Virus Berbahaya yang Bisa Menginfeksi Manusia: Selain Batman, kelelawar identik juga dengan... http://bit.ly/11RRsOm",1
Kelelawar bertindak sebagai inang dari ratusan virus berbahaya tanpa adanya tanda-tanda terinfeksi atau gejala sakit. #kumparanSAINS,1
"Nonton Investigasi malah bikin mual..Nasi Goreng Berbahaya..ayam tiren,boraks,marus sapi alias darah sapi (cont) http://tl.gd/dhlq3f",1
"Ternyata Makan Timun Campur Nasi Goreng Berbahaya, Ini Siasatnya! https://inspiradata.com/ternyata-makan-timun-campur-nasi-goreng-berbahaya-ini-siasatnya/…",1
"""Nasi goreng berbahaya"" nasi'y dr nasi sisa/bekas catering, ayam'y ayam tiren+b'boraks. Sungguh terlalu. Berhati2 ... http://tmi.me/gXoSs",1
Nasi goreng berbahaya kalo pny penyakit maag des -.-RT @DeasyAvriesta: Knpa gbs nasgor?RT @ipentita: Ada (cont) http://tl.gd/12gh17,1
"Debus klo itu namanya x_x RT 
@hfizlubis
: RT 
@dewe_dewe
: Nasi goreng berbahaya ???? <-- Berbahaya klo makannya ... http://tmi.me/gXnFb",1
"Cari2 gosip aja. Biar ga ada yg makan di kaki lima RT 
@dewe_dewe
: Nasi goreng berbahaya ???? http://myloc.me/n4dNy",1
"Ada seorang pria yang meninggal akibat 'sindrom nasi goreng'. Keracunan ini dianggap biasa, padahal berbahaya.",0
"Makan Malam Hari Berbahaya, Benarkah? | http://kawaiibeautyjapan.com/article/721/bahaya-makan-malam-hari?utm_medium=social&utm_source=twitter",1
pesan buat — jangan makan malam... berbahaya http://link.ask.fm/igoto/45DKECN75V62DDAUPY6IQO7F62NTBLAUQD56VHFRCDW2RZ5TYYYMGOA6GANJMADVAL36GFYCI5XTWVCWQ52LWK7ZG3ZLPHALUINABE26A47SEMPZD2ET6P5EQSZ7BZD3SSWIKBQ3QTFH3F4MJSNU2WLX7XZHX4EQ2HMVH2DK2CR367OZBVZVHXPP5JV73NWOVA736C34XNG5XEL2DMIBUXA=,1
"Awas, Melewatkan Sarapan dan Telat Makan Malam Berbahaya bagi Jantung http://bit.ly/2UvQQeI",1
Makan malam berbahaya (at Depot Lumintu) — https://path.com/p/r2ih3,1
"Apa camilan tengah malam favoritmu? — makan tengah malam paliiiiiing berbahaya buat gue, apalagi cemilan omegad https://l.ask.fm/igoto/45DKECPW7B667HQMHN2IG6NM3CADH7BOQ7Q6LR5RCD43F55J2RWZGZKJFZFMUQRVL22P6EQOAYUWOPQT3UY7C65IGTZ3JGBAUUIAPR2ICZXQSK7VB2KC6IF7QKUP5UTXTXXJSBY343NHHGMVJSPAYQR66HBWXZUY2PTVL6DKWHX6AUXIDJXGDZXP5VB2JYXAWJQOC===",1
Makan Malam Berbahaya Bagi Otak? http://republika.co.id/r/nk9drp,0
"I added a video to a 
@YouTube
 playlist http://youtu.be/a0CdClXd7sI?a Manfaat Yakult Bagi Kesehatan",1
Manfaat Yakult Untuk Asam Lambung http://sinarsehat.com/manfaat-yakult-untuk-asam-lambung/…,1
Manfaat Yakult http://mrsupel.blogspot.com/2012/10/manfaat-yakult.html?m=1,1
Selamat pagi. Sudah kah anda minum Yakult hari ini? Manfaat Yakult… https://instagram.com/p/7wNqD5TO0vEGQEzEyURxmzofGy0lppPBqC6AI0/,1
sakit perut kenapa kak ..?? — Disarankan satu botol setiap hari untuk menikmati manfaat Yakult karena dalam 1 ml Ya… http://l.ask.fm/igoto/45DKECN75V62DDAUPY6IQO7J7KNDDIQUQP3OLR5RCD43F55JRBZZCZKIFVHM4RZUK26PYGKEA4YFKEQPY43OA7PQPXYKVBJAWQDVHFCJB5OTWI7UAOEDO4HRT2SPJWT2266ZQHRJ3LMH7BEEISIAKELC73PG75EP73LU3YKYYDZY2SG4A5WFRRPR6BB3L5OOYN6A====,1
Minun yakult dibulan puasa itu baik. Beberapa manfaat Yakult jika rutin dikonsumsi pada sesudah sahur dan... http://fb.me/7WivvMmyX,1
11 Manfaat Yakult untuk Kesehatan Tubuh (No. 6 Tak Sangka) https://doktersehat.com/manfaat-yakult/,0
"Harimau Jawa Sudah Punah Secara Ilmiah https://youtu.be/rPz-V5zqpnw via 
@YouTube",1
"SIAPA BILANG HARIMAU JAWA PUNAH? ""Mendialogkan (kembali) harimau jawa."" di #KedaiJATAM Jumat 29… https://instagram.com/p/BZihrLSBXmJ/",1
Harimau Jawa: Punah atau Tidak?: Apakah benar harimau Jawa sebenarnya tidak punah? Jika benar (selama ini) me... http://bit.ly/1qSWw33,1
Harimau Jawa: Punah atau Tidak?: Apakah benar harimau Jawa sebenarnya tidak punah? Jika benar (selama ini) me... http://bit.ly/11JPPEi,1
Harimau Jawa punah di ujung Bedil Belanda | Moral Politik http://moral-politik.com/2017/09/harimau-jawa-punah-di-ujung-bedil-belanda/,1
"Harimau Bali telah dinyatakan punah pada tahun 1940-an, sedangkan Harimau Jawa telah dinyatakan punah sejak tahun 1980-an, dan saat ini yang tersisa adalah Harimau Sumatera. Bonita adalah salah satunya.",1
"Jangan pesimis, kawan-kawan! Ada banyak bukti bahwa harimau Jawa belum punah. http://tirto.id/cwCP",0
"Sumpahhhh yaaa !!! Syykaaaaa bangettt sama CMP ... Rasanya segerr dan enakk bangett... selainnn buat ASI BOOSTER , aku minum cmp buat tingkatin imun tubuh.. Untuk cegah Virus corona… https://instagram.com/p/B-dRsvYg9K6SjzHMhtlYYR7vGRUUJjuQKL8gNI0/?igshid=ewusmasd3uro",1
"Satgas Covid-19 Badung Lakukan Penyemprotan di Pecatu, Wabup Suiasa : Terapkan Filosofi Tat Twam Asi Untuk Cegah Penyebaran Corona http://badungkab.go.id/berita/read/3870",1
"ASI Tidak Bisa Cegah dan Melawan Virus Corona Covid-19, ini Paparan Ahli! https://topinfo.id/2020/04/16/asi-tidak-bisa-cegah-dan-melawan-virus-corona-covid-19-ini-paparan-ahli/",1
"Sudah tidak diragukan lagi ASI memiliki beragam manfaat untuk tubuh fisik dan psikolog bayi. Namun, bagaimana untuk mencegah terkena virus corona? Simak ulasan di atas yuk Moms!

Apa pun itu, selama masih… https://instagram.com/p/B_wsuu_lwUO/?igshid=1cmxrkirdfomd",1
"Heboh Orang Dewasa Minum ASI Demi Cegah Corona, Pakar: Nggak Masuk Akal https://suara.com/health/2020/04/16/213000/heboh-orang-dewasa-minum-asi-demi-cegah-covid-19-pakar-nggak-masuk-akal?utm_source=twitter.dlvrit&utm_medium=twitter&utm_campaign=suaradotcom #DariSuara",1
*Ikhtiar mencegah virus corona dengan JAHE MERAH* Alhamdulillah telah hadir *Jahe Merah* Jahe merah telah banyak dipromosikan sebagai penguat daya tahan tubuh dalam rangka mencegah Virus Corona (Covid-19). Maka… https://instagram.com/p/B91BKvEl1gN/?igshid=180cwcse5ke0a,1
Minum Jahe untuk mencegah Corona. #PollarPhotoArt #dramaticlooks #art #cinematiccolor #Fujifilm #x-seriescamera #JaheMerah #creativecolor #photooflife https://instagram.com/p/B9XEvI0h1Wd/?igshid=12sxhnfchrl2f,1
"Selain menjaga kesehatan katanya serbuk herbal dari mulai jahe, temulawak dll bisa mencegah kita terkena virus Corona . Nih ane jual serbuk herbal home Made buatan sendiri . https://youtu.be/dhlsA2gGAvY",1
"Bunda, apakah di daerah tempat tinggalmu, jahe menjadi langka dan harganya mahal? Digadang-gadang, rempah Indonesia ini mampu mencegah Corona. Benarkah demikian? Jahe sudah dikenal secara turun temurun sebagai… https://instagram.com/p/B9oTkFZA1Fh/?igshid=xr1viu0h1au0",1
"Mungkin maksudnya baik dan tidak ada pihak dirugikan tp ini sama aja blunder apalagi masalah penyakit.. Klo bikin jamu ibu2 jg bisa bikin jamu anti korona ala2 campuran temulawak, jahe dll tp untuk mencegah dri sakit bukan untuk spesifik ""covid""",1
"Prof. Dr drh. Chaerul Anwar Nidom MS, seorang professor dari Universitas Airlangga, mengatakan, bahwa jahe, kunyit dan temulawak mampu mencegah virus corona. https://majalahayah.com/manfaat-jahe-kunyit-dan-temulawak-yang-bisa-cegah-virus-corona/",1
Benarkah Minum Minyak Kayu Putih Bisa Menyembuhkan Covid-19? - http://Berita7.id https://bit.ly/2K5HJSN,1
Adaptasi Kebiasaan Baru di Rumah Makan/Restoran dan Hoaxbuster: Apakah Minyak Kayu Putih dapat Menyembuhkan Covid-19? Yuk terapin adaptasi kebiasaan baru di Rumah makan atau Restoran serta edukasi diri dan keluarga… https://instagram.com/p/CDnEf6IJwgK/?igshid=1cju1k2fjrtb0,1
"New Tumblr post: ""Makassar – Meskipun belum ada bukti kuat bisa menyembuhkan covid-19, namun minyak kayu putih diyakini bisa menghambat proses replikasi virus. Sehingga, pasien corona mendapat peluang lebih besar untuk sembuh.

Saat… https://instagram.com/p/CAD97dCHrjh/?igshid=1jrg3pdimiwm5"" …
2.08 PM · 12 Mei 2020·IFTTT",1
Minyak Kayu Putih Menyembuhkan Covid-19 http://youtube.com/watch?v=B9xCW-lmSNY&feature=youtu.be… http://koestoer.org/2020/05/27/minyak-kayu-putih-menyembuhkan-covid-19/,1
"Minyak kayu putih disebut-sebut mampu menyembuhkan COVID-19, bahkan yang membandel sekalipun. Klik Link di bawah untuk mendapatkan informasinya. ",1
"Entah berawal darimana teori minyak kayu putih dapat menyembuhkan Covid, namun itu semua benar dan terbukti. Teman saya yang dinyatakan positif dan mengkonsumsi minyak kayu putih beberapa tetes sehari jauh lebih cepat sembuh ketimbang yang tidak.",1
"Awas, Ada Mi dan Terasi Berbahaya: SUKABUMI – Makanan mengandung bahan berbahaya kembali ditemukan di Kota Su... http://bit.ly/2bdUcBc",1
"Tak Hanya Tahu dan Ikan, Ternyata Cincalok dan Terasi di Tembilahan Juga Mengandung Zat Berbahaya: TEMBILAHAN,... http://bit.ly/1Lqi1Qk",1
"Jelang Ramadhan, BPOM Temukan Terasi Berbahaya http://dlvr.it/BCjhzY",0
":( Sambel terasi dadakan pake lalap kan enak banget!! RT 
@MIdotcom
: Terasi pun Pakai Zat Pewarna Berbahaya http://bit.ly/fTKH2J",1
Suara Kendari: Terasi Berbahaya Ditemukan di Bombana http://goo.gl/P5vzyW,1
Ternyata terasi berbahaya juga lho Qravers! #BukaQravedAja #foodgasm #foodie #food #foodporn https://qraved.com/journal/food-101/bahaya-yang-mengintai-di-balik-lezatnya-terasi?utm_source=twitter&utm_medium=social,1
"Yg lolos bakal jadi isu: Ta'jil Palsu | 
@kompascom
: Mengandung Bahan Berbahaya, Kerupuk, Terasi dan Mie Basah Disita http://kom.ps/AFsgTL",1
Masker Daun Pepaya Daun Pepaya bermanfaat untuk Obat jerawat alami Buatlah daun pepaya sebagai masker... http://fb.me/1hjdGezQV,1
"DAUN PEPAYA BISA BERFUNGSI SEBAGAI OBAT

Daun pepaya sangat bermanfaat untuk mengobati penyakit jantung... http://fb.me/7MxK7UmHy",1
"Daun pepaya jg bermanfaat u/malaria ckckckcck""
@sexklopedia
: Manfaat Pepaya bagi Sperma dan Cegah Kanker | http://bit.ly/Nf3qJ4""",1
"INFO BERMANFAAT

Juice Daun Pepaya Mentah Bermanfaat Menyembuhkan DBD

Dari Prof. A.A. Mattjik mantan rektor IPB... http://fb.me/8a3f9PBL4",1
"10 Khasiat Daun Pepaya Yang Bermanfaat Bagi Kesehatan
Daun pepaya dikenal dengan khasiat alami yang berguna untuk... http://fb.me/2KqUVNDdd",1
10 Khasiat Daun Pepaya Yang Bermanfaat Bagi Kesehatan http://goo.gl/fb/oLqPUL,1
"Meski Pahit, Daun Pepaya Punya Banyak Kandungan Bermanfaat",0
Bahaya Minum Secangkir Kopi Sachet http://siagaindonesia.com/r/90502,1
"Bahaya Kopi Sachet, Kandungan Kimia, Hipertensi Hingga Kanker. Jakarta - Suka minum kopi sachet? Waspadai... http://fb.me/73T2aGyHD",1
"Bahaya Minum Secangkir Kopi Sachet: Suka minum kopi sachet, waspadai dampaknya. Yah, pertumbuhan konsumsi kopi... http://tinyurl.com/kauha8n",1
Bahaya Minum Secangkir Kopi Sachet http://fb.me/1QFj1tCbX,1
"⛔Bahaya Kopi Sachet ⛔

Kandungan Kimia,
Hipertensi Hingga Kanker

Suka minum kopi sachet..?? Waspadai… — https://path.com/p/4CTkAF",1
"Info Kesehatan :

Bahaya Kopi Sachet , Kandungan Kimia,
Hipertensi Hingga Kanker

Jakarta -
Suka minum kopi... http://fb.me/49EeBUDnM",1
Harus waspada terhadap kemasan Botol Galon Air Minum yang berbahaya. Juga jangan mau diberi makanan dg wadah... http://fb.me/7gbPiJLA7,1
"Astaga,Apa Benar Minum Air Galon Depot Lebih Berbahaya Dari Air Sumur Yang Diminum Mentah? http://fb.me/8CJ36L9j7",1
"AIR GALON BERBAHAYA: http://youtu.be/P_9ffSWbVJY?a via 
@YouTube",1
Minum Air Galon Depot Lebih Berbahaya dari Air Sumur yang Diminum Mentah https://sehatpedia7.blogspot.com/2019/09/minumsk-air-galdkon-depot-lefkbih-berbfkahaya.html?m=1,1
Minum Air Galon Depot Lebih Berbahaya dari Air Sumur yang Diminum Mentah https://keluargabunda.com/2020/01/airr-meruypakan-kebhutuhan-utama-manusia.html?m=1,1
"Ternyata Air minum Kemasan, Botol dan Galon Berbahaya...Hati-hati Gan..: Ternyata Air minum Kemasan, Botol dan Gal... http://bit.ly/cNiy4S",1
Beredar isu terkait Air Minum Dalam Kemasan galon yang digunakan secara berulang bisa berbahaya untuk kesehatan. Berikut penjelasan dari BPOM. #AirGalon #BPOM,0
"Benarkah Kuning Telur Berbahaya Bagi Kesehatan?

Telur, merupakan salah satu makanan yang menjadi favorit untuk... http://fb.me/7ORUTM4of",1
Benarkah Kuning Telur Berbahaya Bagi Kesehatan?: Suka makan kuning telur namun takut kolesterol? Baca informas... http://bit.ly/1h259EX,1
Terlalu Banyak Makan Telur Berbahaya Bagi Kesehatan? Cek Disini http://winnetnews.com/index.php/post/terlalu-banyak-makan-telur-berbahaya-bagi-kesehatan-cek-disini#.V_JEy6b8qEw.twitter,1
"606 Kilogram Buah Ilegal Asal Tiongkok Terindikasi Mengandung Telur Berbahaya, Dimusnahkan http://bit.ly/1TkAweg",1
Kuning telur berbahaya untuk jantung? http://ow.ly/tb1H303lkco #tanyadokter1health Gratis di http://1health.id/tanyadokter,1
"Hobi Makan Telur Setengah Matang, Berbahaya atau Tidak? http://de.tk/693rAn via 
@detikHealth",1
alasan mengapa kucing disebut mempunyai nyawa 9 http://nblo.gs/COEog,1
"Kucing mempunyai 9 nyawa, nyawa ke 5 bikin kamu terkejoet! Caption macam apa ini ya Tuhan. @ Kuching, Malaysia https://instagram.com/p/BxUrBw8Dql2s8YNlHlueyfGkz2X_UIcR6Pl0Eo0/?utm_source=ig_twitter_share&igshid=v1tv1k2mq68a",1
"Bukti bahwa kucing mempunyai nyawa 9: Tertancap panah seekor kucing masih hidup, merupakan bukti bahwa kucing me.. http://bit.ly/15Je7m",1
"Kucing mempunyai 9 nyawa, manakala wanita mempunyai 9 nafsu. Tidak bermakna kita boleh bunuh kucing 9kali, dan... http://fb.me/2n9IHHGIm",1
"Saya menambahkan video ke playlist 
@YouTube
 http://youtu.be/E9-GRPtgoik?a Benarkah Kucing Mempunyai 9 Nyawa?",1
Fakta ilmiah apakah yang kamu sukai? — Kalo kucing itu mempunyai 9 nyawa https://l.ask.fm/igoto/45DKECPW7B667HQMHN2IG6NMZWADNJADQPNOLBX7D7SLNZN62UYY2Z2MFFFMQRB2KW67KEQEJQUH4DB7YEV7M2VONS5LPBR5UUARBEY3C53DWGP5B6MTGOHPZS2PFWD7SCSMUBQC2TTHDFMILWLAES3NVXGHNYUKYTFGLYDTQOPPYP7SFZZWHX6M6NPKJ47XTQI72VY=,1
Kucing Ini Mempunyai Nyawa 9 http://tz.ucweb.com/1_gNXJ,1
"Nongkrong di Warkop saat PPKM Darurat, 8 Anggota Dishub DKI Dipecat",1
"Pungut Uang Parkir, Petugas Dishub Dipecat Wali Kota Palembang https://goo.gl/fb/U2hxiw",1
Tiga Oknum Honorer Dishub Terancam Dipecat: CO) - Tiga oknum honorer Dishub Kota Dumai yang terlibat dalam pe... http://bit.ly/2byp8eM,1
PNS Dishub Dipecat Karena Berbuat Mesum dengan Istri Orang #berita #kaskus #news #info http://fb.me/3ypqyjA7B,1
"Ada Laporan Masyarakat Terkait Pungli, Petugas Dishub Dipecat http://tigapilarnews.com/2016/08/ada-laporan-masyarakat-terkait-pungli-petugas-dishub-dipecat/",1
"Pelayanan Roro di Pelabuhan Rupat Amburadul, Masyarakat Minta Pegawai Dishub Dipecat http://koranriau.net/pelayanan-roro-di-pelabuhan-rupat-amburadul-masyarakat-minta-pegawai-dishub-dipecat/ via 
@koranriaunet",1
"Tersangkut Narkoba, 8 Pegawai Dishub Dipecat - http://nonstopnews.id/tersangkut-narkoba-8-pegawai-dishub-dipecat/",1
disebut bisa picu kematian dini jus buah lebih berbahaya dari soda https://sinjaiterkini.com/2019/05/18/disebut-bisa-picu-kematian-dini-jus-buah-lebih-berbahaya-dari-soda/,1
"Ternyata, Jus Buah Juga Bisa Berbahaya Lho!: http://bit.ly/1KfEuNR",1
Berbahaya : Minum Obat Dibantu Jus Buah - http://braveheightsnews.com/2018/07/17/berbahaya-minum-obat-dibantu-jus-buah/,1
"Jus Buah, Minuman Segar yang Berbahaya! Awas, jangan terlena dengan kesegaran jus buah. Kandungan gulanya bisa... http://fb.me/2Wse07G3K",1
"New post (Waspada, 5 Campuran Jus Buah dan Sayur Ini Ternyata Berbahaya) has been published on Berita Menarik ... - http://terbaru.biz/waspada-5-campuran-jus-buah-dan-sayur-ini-ternyata-berbahaya/",1
Jus Buah: Minuman Berenergi Aman Tidak Berbahaya http://wp.me/p52E64-1Q,1
Foto: Blogger yang Dikecam karena Beri Tips Minum Sperma untuk Cegah Corona https://topinfo.id/2020/03/21/fot,1
"Demi Cegah Virus Corona, Wanita Ini Akan Telan Sperma Pacarnya Tiap Hari",1
Wanita Inggris Klaim Minum Sperma untuk Cegah Corona – CNNINDONESIA https://antarkabarid.wordpress.com/2020/05/10/wanita-inggris-klaim-minum-sperma-untuk-cegah-corona-cnnindonesia/,1
Wadaw! Tracy Kiss Rutin Minum Sperma untuk Cegah Corona - https://fokusjabar.co.id/2020/05/09/tracy-kiss-minum-sperma-cegah-corona/… #News #Berita #Jabar #BeritaJabar #Fokusjabar #jawabarat #viral #info,1
"Wanita Ini Bikin Heboh Usai Minum Sperma Demi Cegah Corona, Begini Kata Dokter https://wowkeren.com/berita/tampil/00309727.html…",1
"Wanita Inggris Klaim Minum Sperma untuk Cegah Corona https://berita.news/2020/05/09/wanita-inggris-klaim-minum-sperma-untuk-cegah-corona/ lewat 
@Beritadotnews",1
#KopiKeren 4 Fakta Kopi Bisa Tingkatkan Imun untuk Cegah Virus Corona,1
"Cegah Corona, Kurangi Kopi dan Makanan Pedas Saat Isolasi Mandiri http://brt.st/6vWu",1
"Ternyata, konsumsi kopi bisa tingkatkan imun untuk cegah virus Corona, loh, Stylovers! Berikut 4 fakta kopi bisa tingkatkan imun untuk cegah virus Corona, dilansir dari laman http://health.kompas.com. #Mengandung Antioksidan https://stylo.grid.id/read/142077938/4-fakta-kopi-bisa-tingkatkan-imun-untuk-cegah-virus-corona",1
"Motor Plus: Ajaib! Kopi Bisa Bikin Imun Meningkat Demi Cegah Virus Corona, Bikers Doyan Ngopi Wajib Tahu 4 Fakta Ini.
https://motorplus-online.com/read/252343650/ajaib-kopi-bisa-bikin-imun-meningkat-demi-cegah-virus-corona-bikers-doyan-ngopi-wajib-tahu-4-fakta-ini

melalui 
@GoogleNews",1
"Cukup 1 atau 2 cangkir per hari... Disarankan kopi murni,, karena tidak ada campuran zat kimia...

Bantu share y...!

4 Fakta Kopi Bisa Tingkatkan Imun untuk Cegah Virus Corona - https://stylo.grid.id/read/142077938/4-fakta-kopi-bisa-tingkatkan-imun-untuk-cegah-virus-corona

Kopi Dapat Tingkatkan Daya Tahan Tubuh, Kok Bisa? https://health.kompas.com/read/2020/03/23/120000068/kopi-dapat-tingkatkan-daya-tahan-tubuh-kok-bisa-?utm_source=Whatsapp",1
Benarkah Konsumsi Kopi Bisa Tingkatkan Imun dan Cegah Virus Corona? https://sonora.id/read/422338734/benarkah-konsumsi-kopi-bisa-tingkatkan-imun-dan-cegah-virus-corona… https://flow.page/iben_coffe,1
"Program PERTAHANAN IMUN dari jamur CORDYCEPS yang sudah direkomendasikan banyak tokoh dan ahli herbal, salahsatunya Ratu Elizabeth.

Kopi Mansap berbahan Cordyceps sangat direkomen khusus kamu yg ingin perkuat Imun dan cegah Corona. Juga memperkuat Paru Paru dan VO2MAX.",1
"Makan Bawang Putih Bisa Cegah Infeksi Virus Corona, Mitos atau Fakta? https://news.pilotig.com/makan-bawang-putih-bisa-cegah-infeksi-virus-corona-mitos-atau-fakta/
",1
Watyutink - Cegah Penularan Virus Corona dengan Ramuan Bawang Putih dan Madu https://m.watyutink.com/topik/did-you-know/Cegah-Penularan-Virus-Corona-dengan-Ramuan-Bawang-Putih-dan-Madu#.XoXRJjVN2Tk.twitter,1
"Makan Bawang Putih Bisa Cegah Infeksi Virus Corona, Mitos atau Fakta? https://suara.com/health/2020/02/07/141426/makan-bawang-putih-bisa-cegah-infeksi-virus-corona-mitos-atau-fakta?utm_source=twitter.dlvrit&utm_medium=twitter&utm_campaign=suaradotcom… #DariSuara",1
"Bawang putih memang punya banyak manfaat untuk kesehatan keluarga Anda. Tapi, benarkah bisa cegah virus corona? Cek jawabannya di sini, Moms. #kumparanMOM",1
Kebenaran Konsumsi Bawang Putih dan Jahe Dianggap Mampu Cegah Virus Corona,1
Kosumsi Bawang Putih dan Jahe Bisa Cegah Virus Corona?,1
"Bagi Tips Cegah Corona Berkumur Air Garam 3 Kali Sehari, Hotman Paris: Sangat Manjur!",1
KUMUR AIR GARAM CEGAH CORONA? BENARKAH? SIMAK YUK PENJELASAN BERIKUT #Corona #COVID19 #airgaram #kumur,1
Kumur Air Garam Bisa Cegah Virus Corona? Ini Faktanya,1
"Kumur Air Garam Bisa Cegah Virus Corona, Apakah Terbukti?",1
"Setelah jahe jadi langka akibat disebut bisa cegah Corona, kini garam pun disebut bisa atasi Corona bila dipakai berkumur dengan air hangat. Benarkah?",1
"Buat Jemaatnya Kumur Air Garam Bersama-sama untuk Cegah Virus Corona, Gereja di Korsel Justru Buat 46 Orang Terinfeksi COVID-19",1
"Mengandung Antiseptik Alami, Ini Kegunaan Garam Cegah Virus Corona Covid-19 https://suara.com/lifestyle/2020/03/11/080000/mengandung-antiseptik-alami-ini-kegunaan-garam-cegah-virus-corona-covid-19?utm_source=twitter.dlvrit&utm_medium=twitter&utm_campaign=suaradotcom #DariSuara",1
"Wajib Tahu Mitos dan Fakta Seputar Daging Kambing, Bisa Menyebabkan Darah Tinggi dan Kolesterol? http://dlvr.it/S413R6",1
"Banyak orang Indonesia menganggap makan daging kambing bisa menyebabkan darah tinggi atau hipertensi. Padahal, jika dicari tahu lebih dalam, daging kambing tidak sepenuhnya dapat menyebabkan hipertensi. Dalam Buku… https://instagram.com/p/CDYH4Lil_NG/?igshid=1g2zclogy6rw8",1
Daging Kambing Menyebabkan Tekanan Darah Tinggi? Begini Penjelasan Pakar Kesehatan https://borobudurnews.com/daging-kambing-menyebabkan-tekanan-darah-tinggi-begini-penjelasan-pakar-kesehatan/,1
Daging Kambing menyebabkan Darah Tinggi? Ada anggapan bahwa penderita jantung koroner dan juga… https://instagram.com/p/Bg5_XyVnK8S/,1
Daging Kambing Dapat Menyebabkan Darah tinggi? Ini Faktanya! http://nakita.grid.id/read/0221223/daging-kambing-dapat-menyebabkan-darah-tinggi-ini-faktanya,1
"Sekelumit canda ditengah kesibukan yang begitu padat. === Katanya, Daging kambing menyebabkan darah tinggi, apa... http://fb.me/15FSCPpa0",1
COKLAT PERMEN KEJU ES CREAM MENGANDUNG LISETIN BABI. - SITUS ISLAM OMA SUPARTANA: http://blogomasupartana.blogspot.com/2012/04/coklat-permen-keju-es-cream-mengandung.html#.UWT6_-N4O0M.twitter,1
"DUNIA_ONLINE: Ice Cream Magnum Mengandung Babi ?: Duhhh…, kaget banget soale ana termasuk orang suka es krim (lho... http://dlvr.it/1sM0bs",1
"ice cream magnum dr walls t'indikasi mengandung lemak babi lho, RT 
@tyastic
: Mimpiin varian es krim magnum ternyata... http://mtw.tl/l5gef1
",1
"Ơ̴̴͡.̮Ơ̴̴̴͡RT 
@lintasberita
: Inilah Jawaban Atas Kontroversi Es Cream Magnum Yang Katanya Mengandung Lemak Babi! http://lintas.me/E5WrTF7Z",1
Es Cream Magnum tidak Mengandung lemak babi -> http://ultimate12.blogspot.com/2011/03/es-cream-magnum-tidak-mengandung-lemak.html,1
Dapet kabar dr kang silwan kalo es cream magnum mengandung minyak babi.. Barusan gua makan 1 !! OH MY GOD http://lockerz.com/s/159830264,1
"Ice Cream Magnum Mengandung Babi ?: Duhhh…, kaget banget soale ana termasuk orang suka es krim (lho emang ad... http://bit.ly/O074qk",1
Tip Meredakan Sakit Gigi dengan Air Garam http://fb.me/8vjebhHlM,1
"Petua Sakit GigiWajah tersenyum dengan mulut terbuka dan mata bahagia

Air Garam merupakan salah satu petua lama untuk meredakan sakit gigi. Caranya ialah masukan... http://fb.me/P9dKRe5p",1
"Salah satu bahan alami yang bermanfaat meredakan nyeri sakit gigi adalah garam.

http://dhammamanggala.com

#info #bahan... https://fb.me/LLaEWgE0
",1
"alah satu bahan alami yang bermanfaat meredakan nyeri sakit gigi adalah garam.

http://sgcka.co.id

#info #bahan... https://fb.me/4ot2LiqAa",1
Benarkah air garam dapat meredakan sakit gigi? Simak disini ya http://systemasolution.com/news/benarkah-air-garam-dapat-meredakan-sakit-gigi,1
"Kumur air garam biasanya dijadikan obat rumahan untuk meredakan sakit gigi. Tapi, ramuan kuno ini juga bisa mengatasi sakit tenggorokan dan peradangan. Ini manfaat lainnya:

via 
@detikHealth",0
Tip Meredakan Sakit Gigi dengan Air Garam http://ow.ly/jzUg30bqjuB,1
Rokok berbahaya. Kuning telor berbahaya. Daging kambing berbahaya. Durian berbahaya. Nasi berbahaya. Karbohidrat berbahaya. Gula berbahaya. Garam berbahaya. Santan berbahaya. Jeroan berbahaya.... https://facebook.com/100001923848892/posts/3190217321052365/,1
"Penting nih, detikers! Berbahaya bagi kesehatan, nasi sisa kemarin yang sudah disimpan lebih dari 24 jam tak disarankan untuk dikonsumsi. Yuk, simak kata dokter: #BahayaNasiSisa",0
"Berhenti Deh, Makan Nasi Sisa Kemarin Ternyata Berbahaya untuk Tubuh https://ift.tt/3a3M5RD",1
Ternyata ada jenis nasi putih yang bisa berbahaya dan membawa penyakit. Jenis nasi apa saja? #kesehatan https://bobo.grid.id/read/082428004/jangan-makan-nasi-dengan-kondisi-seperti-ini-bisa-berbahaya-bagi-tubuh…,1
"Walau terlihat mudah, ternyata masak nasi bisa berbahaya jika dilakukan dengan cara ini. Masak nasi bisa membuat kita semua menderita penyakit mematikan.",1
I just saw Kertas Pembungkus Nasi Berbahaya! Ini Penjelasannya - Click to see also ☛ https://piah.com/kertas-pembungkus-nasi-berbahaya-ini-penjelasannya/,1
Ternyata ada jenis nasi putih yang bisa berbahaya dan membawa penyakit. Jenis nasi apa saja? #kesehatan,1
"Semoga Bermanfaat! Stroke Pulih dengan Air Rebusan Ciplukan, JIKA di rasa berguna , HALAL untuk di share..!! http://fb.me/84XF9oeZh",1
smoga bermanfaat..... #Khasiat dan Manfaat Ciplukan Khasiat Tanaman Ciplukan - Ciplukan (Physalis angula)... http://fb.me/6Q0uGTNBZ,1
"Kenali beberapa manfaat Ciplukan Untuk kesehatan, terutama ciplukan ini sangat bermanfaat sekali... https://tmblr.co/Z1Mu2g2DQUpKF",1
"Semoga bermanfaat....
Khasiat buah ciplukan atau dalam bahasa sunda disebut Cecenet... http://fb.me/3eFamONyi",1
"Khasiat ciplukan bejibun! Dari buat diabetes, hipertensi sampai sangat bermanfaat bagi ibu hamil… https://instagram.com/p/BP8zU4gBIWl/",1
"Tahu buah Ciplukan ?
Di jawa barat biasa disebut 'cecendet'

Ternyata, ciplukan sangat bermanfaat buat kesehatan jantung loh.
Selengkapnya klik : https://buff.ly/2G6a5cK 
@tazakka",0
"Bagian tanaman ciplukan yang bermanfaat dan memiliki khasiat pengobatan adalah akar, daun dan buah.… https://instagram.com/p/06sZ_Elm8X/",1
"Sirip Hiu Bermanfaat Untuk Kesehatan, Bener? Cek ini ndral - http://ngobas.com/forums/topic/20294-sirip-hiu-bermanfaat-untuk-kesehatan-bener-cek-ini-ndral/… #Kesehatan",1
Banyak yang tidak tahu fungsinya shark fin atau sirip hiu yang membuat tampilan mobil makin ganteng. Berikut penjelasannya semoga bermanfaat ya. #ToyotaCirebon #Toyotakuningan #Auto2000Cirebon #Auto2000Kuningan… https://instagram.com/p/CDA6SUtlATl/?igshid=cp7f1ivhb4oj,1
regrann from infia_fact - . Salah satu kandungan bermanfaat dalam sirip ikan hiu adalah… https://instagram.com/p/BVHYHBdg3XS/,1
Benarkah Sup Sirip Ikan Hiu Bermanfaat Bagi Tubuh? - http://darwinchai.com/traveling/benarkah-sup-sirip-ikan-hiu-bermanfaat-bagi-tubuh-2/,1
Benarkah Sup Sirip Ikan Hiu Bermanfaat Bagi Tubuh? https://hangtuahnews.co.id/benarkah-sup-sirip-ikan-hiu-bermanfaat-bagi-tubuh/,1
Kalkun dewasa dijual online Manfaat daging kalkun… https://instagram.com/p/BeO4J-JlGTggNHzVrJ7N9LZauGSeCvyswu_-KI0/,1
6 Manfaat Daging Ayam Kalkun Untuk Kesehatan Tubuh Ayam Kalkun merupakan salah satu unggas yang berasal dari Ameri… http://buff.ly/2qULmNn,1
Apa Saja Manfaat Daging Kalkun untuk Kesehatan Tubuh Kita? Berikut Ini Penjelasannya... https://goo.gl/fb/zfJMhz,1
"#JatimMakmur Tak Banyak yang Tahu, Daging Ayam Kalkun Punya Manfaat untuk Kesehatan, Penasaran? … https://twitter.com/i/web/status/816102816276049920",1
"Tak Banyak yang Tahu, Daging Ayam Kalkun Punya Manfaat untuk Kesehatan, Penasaran? http://dlvr.it/N1YLbD",0
Manfaat Sehat Santap Daging Kalkun saat Natal http://bit.ly/1UH77bQ,1
Gotcha! Manfaat kesehatan daging kalkun #bangdevcafe #kalkun #healtyfood https://instagram.com/p/BCesdT4Qf-X/,1
Apakah Menelan Sperma Aman dan Tidak Menyebabkan Hamil http://sehatobat.com/apakah-menelan-sperma-aman-dan-tidak-menyebabkan-hamil/,1
Heboh!! Gadis 15 Tahun Hamil Gara-gara Menelan Sperma: Mungkinkah sperma yang tertelan wanita menyebabkan pr... http://bit.ly/297ZmfV,1
Menelan Sperma Bisa Menyebabkan Hamil? http://dlvr.it/KWVCY3 #Kesehatan #beritamakassar,1
#TanyaDokter Apakah menelan sperma bisa menyebabkan hamil? http://meetdoctor.com/question/apakah-menelan-sperma-bisa-membuat-hamil,1
"Apakah Oral Sex Menyebabkan Hamil, Kalau Menelan Sperma? http://rumahabi.info/apakah-oral-sex-menyebabkan-hamil-kalau-menelan-sperma.html via 
@infoponselblog",1
Menelan Sperma Bisa Menyebabkan Hamil? http://dlvr.it/KWQ67x #Kesehatan #beritamakassar,1
Polisi Gerebek Industri Rumahan yang Produksi Saos Berbahaya http://bit.ly/1Gj2ga4,0
Pabrik Saos Berbahan Kimia Berbahaya Digerebek http://bit.ly/1Jb60Ot,1
"Hati hati..banyak pembunuh disekitar kitTerciduk pembuat saos bahan kimia berbahaya: http://youtu.be/fJ8YWTI3W_8?a melalui 
@YouTubea...saos beracun, makanan berformalin....dll...manusia2 tdk... http://fb.me/2QD3rIIHp",1
"Saos ini berbahaya, begitupun yang sejenisnya yang dijual murah tapi banyak dipasaran, warning apalagi untuk anak2. http://fb.me/5dPnqKfM6",1
"Hati hati,, kebanyakan makan saos bisa BERBAHAYA untuk KESEHATAN... #2ndgiftanniversary… (w/ Muhammad) [pic] — https://path.com/p/1RIaTp",1
"Aduh, Saos dan Kecap dari Bahan Kimia Berbahaya Beredar di Tangerang http://bit.ly/2mNE6k0 #Megapolitan",1
"Sejak zaman dahulu, air tajin dikenal sangat bermanfaat buat si kecil. TAPI, Sebenarnya, apa aja sih kandungan nutrisi air tajin? dan amankah diberikan pada si kecil?",0
"Namun, ternyata air tajin juga bermanfaat untuk orang dewasa http://bit.ly/2aPx2y4",1
Air Tajin Juga Bermanfaat Untuk Orang Dewasa Lho http://dlvr.it/L91vCc #sidomi,1
ir Tajin Juga Bermanfaat Untuk Orang Dewasa Lho http://lucudanunik.com/air-tajin-juga-bermanfaat-untuk-orang-dewasa-lho/,1
"DI LUAR DUGAAN,, TERNYATA ""AIR TAJIN"" SANGAT-SANGAT BERMANFAAT BAGI KESEHATAN KITA, SALAH SATUNYA UNTUK KESEHATAN... http://fb.me/7EfkpK60U",1
"Bunda, Kalau Masak Nasi Perbanyak Airnya yaa..! Air Rebusan Beras (Tajin) Bermanfaat Loh Bagi Kesehatan http://ift.tt/1P0zal9",1
"DI LUAR DUGAAN,, TERNYATA ""AIR TAJIN"" SANGAT-SANGAT BERMANFAAT BAGI KESEHATAN KITA, SALAH SATUNYA UNTUK KESEHATAN... http://fb.me/2AnM22NWa",1
Ditemukan Akar Obat Kanker di Hutan Adat Rumbio https://datariau.com/kesehatan/Ditemukan-Akar-Obat-Kanker-di-Hutan-Adat-Rumbio#.XZy5mCnI2mc.twitter,1
"Setelah Ditemukan Obat Kanker Payudara, Kini 3 Mahasiswa UI Temukan Obat Kanker Serviks https://edansehat.blogspot.com/2019/10/setelah-ditemukan-obat-kanker-payudara.html?m=1",1
"Setelah Ditemukan Obat Kanker Payudara, Kini 3 Mahasiswa UI Temukan Obat Kanker Serviks https://dunia-inspirasiku002.blogspot.com/2020/01/setelah-ditemukan-obat-kanker-payudara.html",1
"Di sebuah situs poling terkenal dengan mosi soal obat kanker ini, hampir 83 persen orang percaya kalau penyembuh kanker sudah ditemukan, namun disembunyikan oleh pemerintah salah satu teori konspirasi ialah agar… https://instagram.com/p/Bzy4EnPjngA/",1
Ditemukan Obat Anti Kanker Dari Jamur Liar https://kabar45.com/ditemukan-obat-anti-kanker-dari-jamur-liar/,1
Ditemukan Obat Baru Kanker Stadium Lanjut http://nuga.co/nuga-sehat/ditemukan-obat-baru-kanker-stadium-lanjut.html,1
WASpada! Struk ATM dan Struk Belanja Ternyata Berbahaya bagi Kesehatan https://nusawarta.info/2020/07/waspada-struk-atm-dan-struk-belanja.html,1
[CHEMICAL UPDATE] Tau gak sih? kertas struk ATM dan belanja itu berbahaya bagi tubuh jika tidak diperlakukan dengan benar? Yuk kita kenali bahaya dan penanganan yang tepat untuk kertas… https://instagram.com/p/B3dsbWpp3pI/?igshid=ziwn2xdeyofc,1
"Kebiasaan Menyimpan Struk Belanja Ternyata Bisa Berbahaya, Lho!: http://youtu.be/3xBwZEGgM9Y?a qua 
@YouTube
",1
"Kebiasaan Menyimpan Struk Belanja Ternyata Bisa Berbahaya, Lho! http://alljatim.com/peristiwa/kebiasaan-menyimpan-struk-belanja-ternyata-bisa-berbahaya-lho/…",1
"Kebiasaan Menyimpan Struk Belanja Ternyata Bisa Berbahaya, Lho! http://ift.tt/2mTPw7v",0
Uang Kertas di Seluruh Dunia Mengandung Racun Berbahaya: Penyimpanan struk belanja bersamaan dengan... http://dlvr.it/hlmNY #Hazard_Bahaya,1
"Kebiasaan Menyimpan Struk Belanja Ternyata Bisa Berbahaya, Lho! -... https://fb.me/81AOpwfYD",1
Resep utk mencegah VIRUS CORONA/COVID-19 : 1. 8 iris kunyit 2. 8 iris temulawak 3. 4 iris jahe 4. 2-3 btg sereh 5. 3 butir Cengkeh 6. Jeruk Lemon Direbus 3 gelas jadi segelas di tambah Madu lalu siap… https://instagram.com/p/B9Q_fJWpI_D/?igshid=u2xmrzknhogw,1
"Desinfektan beraroma lemon segar. efektif mengatasi berbagai virus, termasuk virus Corona. Penggunaan disinfektan mampu mencegah penyebaran kuman, bakteri, dan virus. Untuk mendapatkan hasil yang maksimal, lakukan… https://instagram.com/p/CAGd0IVJPr9/?igshid=hq3u9k5o6vip",1
"Selain bisa mengatasi batuk, lemon bisa menjadi obat alami yang membuat pernafasan menjadi segar & mencegah virus Corona. Untuk menjaga kesehatan mulut, gunakan perasan jeruk lemon & kulit lemon, campur dengan air lalu kumur agar nafas tetap segar & mencegah infeksi bakteri #mtf",1
Mencegah Corona minum teh hangat pake jeruk lemon....,1
"Benarkah segelas teh / air panas, dicampur perasan lemon dan sedikit soda kue, dapat mencegah bahkan mengobati Corona?",1
"
@olegunnnn
 ikhtiar minum / bikin resep untuk mencegah ( virus corona ) covid - 19 : 
1. kayu secang + serai + jahe 
2. serai + lemon + madu 
3. kunyit + kayu secang + jeruk nipis + lengkuas 
bisa di seduh langsung atau di rebus dlu sktar 2-3 menit 
air 300 ml",1
"Kita semua dah tahu bahawa sarang burung walet adalah 'suplemen kecantikan' yang sangat bermanfaat bukan sahaja untuk kecantikan malah kesihatan juga! Ditenun oleh burung Walet melalui air liurnya, sarang... https://facebook.com/100001489054168/posts/2503781299681481/",1
6 PERKARA YANG PERLU ANDA TAHU SEBELUM MINUM AIR SARANG BURUNG UNTUK KECANTIKAN Kita semua dah tahu bahawa sarang burung walet adalah 'suplemen kecantikan' yang sangat bermanfaat bukan sahaja untuk kecantikan... https://facebook.com/100000809457505/posts/2223287437708216/,1
"Ngga cuma bermanfaat untuk tubuh, ternyata sarang burung walet juga sangat bagus untuk merawat kecantikan kulit lho! Penasaran? Yuk simak selengkapnya di artikel ini! http://beautynesia.id/33558 #sarangburungwalet",1
B-Lution merupakan pioneer di Indonesia ekstrak serbuk sarang burung walet yang bermanfaat untuk kesehatan dan... http://fb.me/4W3KQMPNN,1
"Pengenalan Cream Wajah Walet Cream Wajah Walet – Selain bermanfaat bagi kesehatan tubuh, rupanya sarang burung... http://fb.me/2tL6lEOmr",1
"Buat sobat Lio yang mau kirim komoditi sarang burung walet, pake Lion Parcel bisa banget!! Udah aman, cepat dan terjamin kualitas pengirimannya! Nih Lio kasih tau yaa syarat & ketentuannya. Semoga bermanfaat! ",1
Sarang Burung Walet Bikin Kulit Tak Lagi Kering: Sarang burung walet tak hanya bermanfaat bagi kesehatan secara ... http://bit.ly/nhw6zX,0
"Perburuan ilegal marak terjadi untuk mengambil sisik dan daging trenggiling. Akibatnya, spesies itu terancam punah.",0
Pangolin? Trenggiling? Terancam punah? https://facebook.com/608467212/posts/10156458066572213/,1
Trenggiling Bersisik Tiongkok Terancam Punah. https://goo.gl/rQaxsx Editor : Oktaviani | Reporter : Oktaviani #indochinatown #beijing #trenggiling #hemandilindungi #punah #trenggilingBersisik #hewan,1
"Aksimu dapat melestarikan trenggiling sunda, satwa liar dilindungi yg terancam punah. Caranya? Stop konsumsi daging & stop beli bahan2 yg berasal dari satwa liar. https://bijak-indonesia.org/detail/99/bijak-mendukung-konservasi-trenggiling-di-indonesia",1
"Jadi Obat Asma, Trenggiling Terancam Punah https://ift.tt/2HOiJfo",1
"Ternyata betul.. Pangolin itu kita kenal dengan nama trenggiling...dan sekarang terancam punah karena diburu untuk obat (sisiknya), dan dimakan (dagingnya). Manusia, serakahnya...",1
"Trenggiling (pangolin) nama ilmiah: Pholidota. Berat 5-20kg. Panjang 40-50cm. Dia pemakan serangga. Species langka & hampir punah krn pasar gelap dunia ulah bedes² Waktu kecil saya kadang lihat hewan ini di ladang tebu. Begitu terancam, dia 'mlungker'.",1
"JOKOWI TUMBANG? SBY & JK SER4NG REZIM JOKOWI, JK: HANCUR NEGERI INI KALA... https://youtu.be/PF89eEg5Yzk lewat 
@YouTube",1
"https://youtu.be/PRXcfA3Fw8Q Turunkan Jokowi, Hancur rezim ini!!! Trandingkan #RezimMudharatUnfaedah #Jokowi #JokowiPresidenku",1
"OMG! Negaraku hancur oleh rezim Jokowi. Hancur lebur karena korupsi, salah urus, KKN, dinasti. Tutup defisit APBN 2020, pemerintah tarik utang Rp 735,52 triliun tahun depan https://idtoday.co/2019/12/tutup-defisit-apbn-2020-pemerintah.html… #WeStandWithUyghur IdtodaydotcoMichelAdamBaru230",1
"Indonesia Hancur Dalam Segala Hal Di Tangan Rezim Komunis PKI Pimpinan Jokowi.Terutama Dalam Penegakan Hukum, Karena Hukum Dan Kebenaran Hanya Milik Rezim Komunis PKI. Dasar rezim BAJINGAN #BangsatBangsa",1
"Saat Rakyat Menolak Import Beras, Garam, Kedelai, Ubi, Jagung Dan Cangkul... Pemerintah Sudah Impor JAHE Mantap Pak Jokowi... Pejabat Makmur.. Petaninya Hancur... Rezim Menyengsengsarakan Rakyat... !! Saya Ulangi lagi yaa..biar nggak diketawain.. MENYENGSENGSARAKAN RAKYAT",1
"Semakin rezim jokowi berkuasa semakin hancur bangsa ini,,Dan yang menakutkan Allah semakin murka,, Pemimpin yang tdk amanah dan tidak perduli rakyat Allah sediakan neraka jahanam,,",1
"Lays, Doritos dan Cheetos Berhenti Produksi Pada Agustus 2021",0
"Lays, Doritos dan Cheetos Bakal Berhenti Produksi di Agustus 2021, Ternyata Ini Alasannya https://plus.kapanlagi.com/lays-doritos-dan-cheetos-bakal-berhenti-produksi-di-agustus-2021-ternyata-ini-alasannya-4e8f1c.html?utm_source=twitter&utm_medium=Post&utm_campaign=twitter__adie",1
"Jajanan Lays, Cheetos dan Doritos di Indonesia Berhenti Produksi Mulai Agustus 2021 https://ift.tt/3u8Kpl4",1
*Cheetos berhenti produksi* Twistko:,1
"lays, cheetos berhenti produksi,, ak ttp tim chitato",1
"Katanya Lays, Doritos dan Cheetos mau berhenti produksi Agustus tahun ini .. Yang penting Ciki CHUBA masih beredar di Warung warung Indonesia ya gak walaupun isinya 80% angin doang ?? Siapa di sini yang team Chuba ?? Suka Chuba rasa apa??",1
"Cheetos Berhenti Produksi di RI, Ini Strategi Indofood https://medcom.id/s/ObzZ8Rlb",1
Apakah hal paling berbahaya yang penah kamu lakukan? — Makan oreo di sisi laut=D http://ask.fm/a/b78eoq9c,1
Oreo ada di nomor 4 dari 10 makanan paling berbahaya. Oreo mengandung banyak gula. Terlalu bnyk gula menyebabkan keriput. Hmmm...,1
Ternyata Oreo berbahaya bagi kesehatan http://bit.ly/yUMIQg,1
"baru tau ternyata oreo makanan berbahaya ke2, malahan mie posisi ke8, udah berapa biji ya gue makan oreo.",1
https://twitter.com/Juwanda_Jun/status/392309374980341760,1
Karena teh bisa menyebabkan pencernaan jadi lambat..klo ada maag/penyakit lambung jangan minum teh (cont) http://tl.gd/l523kg,1
"7 Jangan mengonsumsi minuman yang mengandung kafein, seperti halnya teh dan juga kopi. Walaupun anda tidak menderita penyakit maag, lebih baik anda menghindari minuman tersebut terutama kopi. Selain bisa menyebabkan maag, kopi juga bisa memperburuk kesehatan jantung.",1
"Teh - ""gtw y so-so aje"" Specifically gunung satria gtw kenapa (menyebabkan perang antara aq dan boboboy) It means the weather dingin and i need warmness tp b aja wont die wthout it Teh ijo -""fix maag kambuh"" The safest drink fyi if you got the same case wth me.",1
"oh iya Mans,1 lg.ada bbrp artikel yg menyatakan bhwa kafein teh lbh tinggi drpd kopi,tp knp teh tdk menyebabkan maag sdngkn kopi bs bkin skt",1
Terlalu banyak konsumsi teh sebelum makan (perut kosong) dlm jangka panjang akan menyebabkan maag kronis & tukak lambung lho..,1
Hati-hati meminum teh di saat perut kosong. Kandungan polifenolnya bisa menyebabkan sakit Maag. #tipssehat,1
"Sidak Ramadhan Fair, BBPOM Medan Temukan Bakso Mengandung Boraks http://detik.id/6e8Zzd",0
"Pantauan Ramadan, BPOM Banyumas Temukan Bakso Mengandung Boraks https://hitamputih.co/2019/05/pantauan-ramadan-bpom-banyumas-temukan-bakso-mengandung-boraks/",1
Tim Keamanan Pangan Kab. Tegal Temukan Bakso Mengandung Boraks Selengkapnya http://tegalkab.go.id/news.php?id=2882… #PemkabTegal #infotegal,1
Petugas Temukan Bakso Mengandung Boraks di Ramadan Fair http://goo.gl/p9gTBR,1
"Pembeli Harus Selektif, Ada Mi dan Bakso Mengandung Boraks Dijual Bebas http://manadosiana.com/2018/02/06/pembeli-harus-selektif-ada-mi-dan-bakso-mengandung-boraks-dijual-bebas/",1
http://goo.gl/P8QqEz Bakso Mengandung Boraks Ditemukan di Pusat Jajanan Medan,1
Lembaga Perlindungan Konsumen Swadaya Masyarakat: Ciri-Ciri Bakso Mengandung Boraks https://lpksm-putera-merapi.blogspot.com/2017/01/ciri-ciri-bakso-mengandung-boraks.html?spref=tw…,1
"Kata Adik Megawati, Indosat Memang Dijual Karena Kondisi Krisis http://de.tk/VttfVe",1
"Presiden Jokowi, Mana Janjimu Beli Kembali Indosat yang Dulu Dijual Megawati? http://goo.gl/PNfDWb",1
"Megawati Semua dijual. Indosat, Satelit, Gas tangguh jual murah. Belum lagi skandal release and discharge BLBI",1
"Indosat dijual Megawati - Jokowi mau beli Drone - YouTube http://m.youtube.com/watch?v=74oJDrF7kVk… janji itu adalah hutang, wajib anda tepati",1
"KWIK KIAN GIE ! INDOSAT DIJUAL MEGAWATI, JOKOWI JU4L NKRI ! R4KY4T M4T1 ... https://youtu.be/C9wQXDonqrQ lewat 
@YouTube",1
"Fenomena laut terbelah warna hitam dan putih pekat terjadi di laut bawah Jembatan Surabaya-Madura atau Suramadu, Jawa Timur, sejak Selasa, 19 Maret 2019. Badan Meteorologi, Klimatologi,… https://instagram.com/p/BvP5vlKhrpF/?utm_source=ig_twitter_share&igshid=grgkfvsdiplt",1
"Nah, ini nih yang lagi happening yaitu Fenomena laut terbelah warna hitam dan putih pekat terjadi di laut bawah Jembatan Surabaya-Madura atau Suramadu, Jawa Timur, sejak Selasa, 19 Maret 2019. Badan Meteorologi,... https://facebook.com/100000522582969/posts/2554822861211775/…",1
#angkringanfiesta bahas ramalan Jaya Baya yang katanya pulau Jawa akan terbelah lautan & 2kerajaan akan terpisah oleh laut? percaya gak nih?,1
"Awas sebentar lg laut jawa terbelah ""
@detikcom
: Misterius! Sebuah Pohon di Otista Terbakar Sendiri http://de.tk/5M1sx""",1
Jika anak krakatau meletus dipastikan bisa timbulkan tsunami. Bisa juga pulau Jawa terbelah dan membuat lempengan bawah laut terbelah. Sebaiknya pemerintah perlu melakukan kewaspadaan dini. Bagaimana BMG?,1
"Ramalan soal jawa yang patah juga erat kaitannya dengan gunung slamet. Jadi menurut mitos masyarakat setempat, seandainya gunung ini meledak, maka jawa akan benar-benar terbelah. Bahkan menurut sesepuh di sana, kejadian tersebut akan membuat laut utara dan selatan jawa bertemu.",1
"#SSinfo : Dugong atau ikan duyung, mamalia laut yang hidup di perairan Kepulauan Riau nyaris punah, akibat... http://fb.me/7LiUc0Oer",1
"Semenanjung Malaka Tercemar, Ikan Duyung Terancam Punah - Tempo: TempoSemenanjung Malaka Tercemar, Ikan Duyung... http://bit.ly/1PaJ1HC",1
"http://goo.gl/G3voB6 Semenanjung Malaka Tercemar, Ikan Duyung Terancam Punah",1
"#SSinfo : Dugong atau ikan duyung, mamalia laut yang hidup di perairan Kepulauan Riau nyaris punah, akibat... ... http://bit.ly/1SY2bAh",1
Ikan Duyung Hampir Punah Karena Semenanjung Malaka Tercemar http://bit.ly/1lmM6pW,1
"Semenanjung Malaka Tercemar, Ikan Duyung Terancam Punah http://goo.gl/NrlJA7 #ikan #duyung #malaka",0
"Burung Rangkong (Aceros Cassidix) burung endemik Sulawesi Tengah, saat ini Rangkong terancam punah di Morowali,... http://fb.me/7qSdFItT7",1
Burung Rangkong merupakan satwa yang terancam punah. Dia merupakan spesies kunci di kawasan hutan. http://fb.me/1Ve0RHRHx,1
"Rangkong Badak, Burung Cantik Yang Nyaris Punah https://goo.gl/fb/pedHzQ",1
"Masihkah ada burung #rangkong di alam liar, mungkin hampir punah juga. #rangkongbird #borneo… https://instagram.com/p/BPpc9G6BXq_/",1
Radio BINTANG TENGGARA BANYUWANGI 18.29 Satwa langka yang dilindungi dan terancam punah seperti burung Rangkong... http://fb.me/52LJqMjCT,1
"Satwa langka yang dilindungi dan terancam punah seperti burung Rangkong asal Papua, kembali ditemukan oleh... http://fb.me/3YDlX1oYY",1
Burung rangkong gading statusnya sudah ditetapkan terancam punah. Hal ini disebabkan oleh maraknya perburuan liar.,0
"|| Sudah mas, karena penyu itu termasuk hewan yg dilindungi, terlebih itu penyu belimbing yg sudah masuk kategori terancam punah",1
Penyu Belimbing Papua Barat Terancam Punah - http://indonesiaoversight.com/?p=4171Penyu Belimbing Papua Barat Terancam Punah,1
Indonesia Gandeng AS Bahas Satwa Langka Penyu Belimbing yang Terancam Punah http://jokowi.itusaya.com,1
"Pemerintah Amerika, melalui 
@NOAA
, dukung Indonesia dalam mempelajari dan melacak penyu belimbing yang terancam punah di Indonesia. #IndonesiaUSA70th https://indonesiausa70th.com/en/article/journey-home",1
"Hitung mundur #HariBumi! Di #PapuaBarat, ada banyak satwa-satwa laut yang terancam punah, seperti penyu belimbing, mamalia laut & hiu paus. Melalui #USAIDSEA, kami mendukung program yang melindungi #LautKita di Papua Barat: https://goo.gl/vARS7L",1
"Penyu Belimbing Dan Penyu Raksasa di Kepala Burung, Kini Terancam Punah http://rayapos.com/penyu-belimbing-dan-penyu-raksasa-kepala-burung-kini-terancam-punah/2016/11/03/ via 
@rayapos
.com",1
"Penyu raksasa Papua Barat terancam punah: Penyu belimbing dan penyu raksasa di Bentang Laut, Kepala Burung,… http://dlvr.it/MZd9nd",0
"Daun Pepaya Jepang Ampuh Turunkan Gula Darah Diabetes, Ini Resepnya",0
akibat makan daun pepaya http://dlvr.it/9T0sjR,1
"Tiati yg ada darah rendah Grinning face with smiling eyes dtempatku namanya jg daun pepaya Jepang ,",1
Kenali Manfaat Dan Efek Sampingnya Sebelum Mengkonsumsi Daun Pepaya Jepang https://goo.gl/fb/b6Qk9B,1
"Aku pernah baca manfaat dari buah naga, katanya sih ada kandungan yg rentan terhadap kesehatan tapi aku lupa apa namanya, mungkin itu yg membuat masyarakat berpaling dari buah naga, sehingga buah naga pun kehilangan penggemar, sama halnya dgn daun pepaya jepang yg mgndung cacing",1
Buat kalian yg menggunakan jaringan 5g mending kalian aktifin 4g karna 5g radiasi otak jdi bahaya,1
#MostPopular Apakah Jaringan 5G Menyimpan Bahaya Kesehatan?,0
Ada yang mau ikut ? Bahwa jaringan 5g bahaya buat kita semua hehe ketoke,1
Top 5 Health: Bahaya Borehkan Bawang Merah untuk Bayi http://bit.ly/1wj6bPd,0
"BAHAYA BOREHKAN BAWANG MERAH UNTUK BAYI

Dalam beberapa hal, orangtua masih yakin dengan mitos yang dapat... http://fb.me/3lCzom4dc",1
"#news Bahaya Borehkan Bawang Merah untuk Bayi: Dalam beberapa hal, orangtua masih yakin deng... http://bit.ly/1vFf7PO pin BB : 79C75484",1
"#WOW Bahaya Borehkan Bawang Merah untuk Bayi: Dalam beberapa hal, orangtua masih yakin dengan mitos yang dapat... http://bit.ly/1t6UATc",1
"Ponakanku yang udah dewasa dipijet pake bawang merah aja sampe ke dokter, aku lupa waktu itu gimana badannya tapi yang jelas kata dokternya bawang merah dibikin buat pijat/kerokan gitu bahaya.
Apalagi dibikin ke anak kecil gini.",1
"Lalu apakah kalo pake masker kain tyda berbahaya juga karena kan itu kain ada pewarna kainnya yg it’s so not good for your lungsss beeeppp, I mean how are we suppose to address this issue for people out there to understand, I’m so shocked by this behavior...... Relieved face",1
Riset: Masker Kain dari Filter HEPA Berbahaya Bagi Kesehatan,0
Lebih berbahaya mana covid dengan kotoran hewan?jika tukang pembersih kandang sapi saja maskernya double sedangkan covid cuma masker kain tipis.ini bukti nyata bahwa yang tidak berbahaya sengaja di bahayakan demi kampanye internasional akan keberhasilan kepentingan misi WHO itu,1
"Menggunakan masker kain terlalu lama berbahaya karena dapat menyebabkan kekurangan oksigen? Face with monocle
Black small squareApa COVID-19 itu dapat disembuhkan dengan obat pengencer darah dan antibiotik? Face with monocle#reconsigap #relawankemdikbud #siapadaptasi 
@Kemdikbud_RI
 
@ISMKI_Indonesia
 
@ditjendikti",1
"Masker kain kalo dipakai langsung malah nyengat baunya, solnya disitu masih ada bahan-bahan kimia yang berbahaya.

Jadi sebelum dipakai baiknya dicuci dulu",1
"Fakta Baru Siti Zainah yang Mengaku Hamil karena Angin: Dihamili Pria dan Belum Resmi Menjanda https://indopolitika.com/fakta-baru-siti-zainah-yang-mengaku-hamil-karena-angin-dihamili-pria-dan-belum-resmi-menjanda/ via 
@Indopolitika",0
"Suami angin anginan ini.

Terungkap Fakta Wanita Hamil Usai ""Angin Masuk Kelamin"", Ternyata Megandung Bayi dari Mantan Suami",1
"Angel pemberitaan yg sengaja merendahkan perempuan, pemberitaan yg berakhir dg olok” belaka. 
Harusnya media bekerja lebih baik lagi untuk menginvestigasi fakta.

Janda Cianjur Hamil Tanpa Hubungan Seks: Angin Kencang Masuk Vagina Saya",1
salah satu fakta unik saat musim hujan dan angin saat ini adalah jumlah angka ibu hamil akan meningkat pesat. Hehe,1
"Buatku ini sama dengan berita perempuan hamil di banten karena ketiup angin itu. Sebagian jurnalis cari yang rame & bombastis aja, ga cari fakta lebih jauh.",1
"Khasiat Kunyit untuk Diet, Kecantikan, dan Kesehatan http://dlvr.it/LkJgLP",0
"(makanan yang mempunyai efek sebagai obat untuk diet golongan darah O):
jahe, kailan, kunyit, Daging (sapi, kerbau, rusa, domba, anak sapi),",1
"Jus Kunyit pun sesuai untuk lelaki.
Berkesan membuang lemak2 di badan tanpa diet yang ketat dan… https://instagram.com/p/7ts7oolxK-/",1
"minum kunyit asem nya dingin .. (>̯-̮<) gara2 
@StelliMeilita
 . pengennya buat diet, malah untuk melepas dahaga (˘o ˘"")",1
"Kitab Bumbu Sehat di #Bodylicious w/ 
'@MensHealthIndo
 - Cabe: Membantu untuk diet, Kunyit: Pencegah kanker, Lada: Anti depresi",1
"3 Rempah Super untuk Detoks: Golongan rempah seperti jahe, kunyit dan lada dapat membantu menyukseskan diet de... http://bit.ly/1R01q9l",1
bulu kucing penyebab mandul . Maka dilarang mengkonsumsi terlalu bnyk #eaaaakk,1
"kau mandul ,istrimu dokter atau sekolah dibidang kesehatan ? bulu kucing penyebab gangguan janin ha ? apa kau dengar bunuh kucing , dengar",1
"okeee cc @papriolina RT 
@miemie19Falinda
: Bulu kucing bukan penyebab asma dan bukan pula penyebab wanita jd mandul.CATAT !",1
"http://bit.ly/1Cx2fhr - #tanyadokter Memelihara Kucing = Mandul: Malam Dokter,
Apakah memelihara kucing dapat menyebabkan kemandulan?",0
"MITOS: Makan jambu biji, atau cabai dapat menyebabkan terjadinya radang usus buntu.
FAKTA: SALAH
Para spesialis... http://fb.me/2Bl4Y9qjg",1
Jangan menelan biji cabai terlalu banyak karna biji cabai sulit untuk dicerna dan dapat menyebabkan usus buntu,1
"Makan cabai bersama bijinya ataupun makan jambu klutuk bersama bijinya, dapat pula menyebabkan radang usus buntu.",1
"biji cabai dapat menyebabkan penyakit usus buntu. jadi makanlah sambal, bukan cabai",1
Salah satu mitos adalah mengonsumsi banyak cabai dapat menyebabkan usus buntu.   #makancabai,0
"Admin ada tips nih
Jangan menelan biji cabai terlalu banyak karna biji cabai sulit untuk dicerna dan dapat menyebabkan usus buntu",1
Banyak yang percaya kalau pasta gigi bisa hilangkan komedo. Benarkah efektif atau justru berbahaya?,0
#GayaGADIS Good news! Pasta gigi bisa hilangkan komedo! http://ow.ly/Y9ba5 (Foto: Fotosearch),1
#didyouknow komedo mengganggu bisa kamu hilangkan dengan oleskan pasta gigi di daerah komedo. Diamkan dan bilas bersih dengan air dingin.,1
Pasta Gigi Bisa HIlangkan Komedo ? #Tips #Komedo #Blog #PastaGigi http://popular.blogsaya.com/post/pasta-gigi-bisa-hilangkan-komedo.html,1
sikatan..sikatan..--->>Pasta Gigi Bisa Hilangkan Komedo - http://jagoannews.com/blog/2012/06/06/pasta-gigi-bisa-hilangkan-komedo/,1
"Cukup Gunakan Pasta Gigi, Kamu Bisa Hilangkan Komedo dengan Resep Mudah:
http://babe.news/id-id/read/11518580",1
"8 Manfaat Minyak Bulus untuk Kesehatan, Bantu Atasi Jerawat hingga Cegah Impoten",0
9 Manfaat Minyak Bulus untuk Kesehatan Pria dan Wanita | Banyak yang Belum Diketahui! https://warkopcarita.com/2020/06/24/9-manfaat-minyak-bulus-untuk-kesehatan-pria-dan-wanita-banyak-yang-belum-diketahui/,1
"MINYAK BULUS untuk kecantikan & kesehatan

Kecantikan
.menghaluskan&mencerahkan kulit
.mghilangkan bekas jerawat... https://fb.me/96vm5Xw6a",1
"Manfaat Minyak Bulus Untuk Kesehatan Kulit: http://youtu.be/HL9Mm67hhS8?a melalui 
@YouTube",1
"Sabun Minyak Bulus terbuat dari lemak cair bulus yang berkhasiat untuk memelihara kesehatan kulit.
Khasiat Sabun... http://fb.me/HtE8sbWa",1
Apa itu minyak bulus? Apa saja manfaat minyak bulus untuk kesehatan? Simak info selengkapnya disini... http://fb.me/21YZUiaBJ,1
"Cara Menyembuhkan Sakit Gigi Secara Alami, Berkumur Air Garam hingga Oleskan Minyak Cengkeh https://m.tribunnews.com/kesehatan/2020/04/10/cara-menyembuhkan-sakit-gigi-secara-alami-berkumur-air-garam-hingga-oleskan-minyak-cengkeh lewat 
@tribunnews",0
"Kalo sakit gigi min ""
@WOWFakta
: Berkumurlah dengan air hangat yang telah dicampur garam tiga kali sehari untuk menyembuhkan luka sariawan.""",1
Cara menyembuhkan sakit gigi dengan air garam http://sakitgigi.net,1
Kumur-kumur dengan air hangat yg sdh ditambahkan air garam. Larutan tsb mmbantu menyembuhkan sakit gigi&radang tenggorokan. #healthtips,1
"dan gak jarang air garam sering di percaya bisa menyembuhkan sakit gigi RT @ben_andz Dibaca tweeps > RT 
@fitriasiska_23
 air garam bisa dija",1
"Mulai mempertanyakan efektivitas air garam dalam menyembuhkan sakit gigi (-__-"")",1
"tapi katanya masak bumbu mie dengan suhu tinggi itu bisa ngubah struktur kimianya, terus bisa menyebabkan keracunan ringan bahkan resiko kanker. makanya petunjuk pembuatan mie instan itu bumbunya dituang di wadah, bukan ikut dimasak. correct me yaa",1
Mie instan bisa menyebabkan kanker karena makanan ini butuh proses mencerna yang cukup lama. Mie instan juga terdapat bahan kimia seperti TBH dan BHA yang bersifat karsinogenik. Kandungan tersebut dapat menyebabkan kanker dan bahkan dapat menyebabkan asma hingga diare.,1
"Sukurlah, terus juga jgn banyak makan mie instan kalo ngga salah bisa menyebabkan kanker payudara",1
"Dokter bilang, untuk perempuan.
Jangan kebanyakan makan mie instan, MSG, minuman bersoda dan juga makanan yang dibakar.
Makanan minuman tersebut jika dikonsumsi secara berlebihan akan menyebabkan tumor jinak, bahkan kanker.
Dan benar memang",1
Beberapa pihak mengatakan mie instan itu dapat menyebabkan kanker atau rambut rontok karena mie instan ini mengandung lapisan lilin.,1
"Jangan terlalu sering makan mie instan! Di usia 20 tahun, wanita ini mengidap tumor payudara dan harus jalani operasi pengangkatan tumor.",0
"Nahh mie instan juga ternyata banyak juga bahayanya kalo di konsumsi berlebihan, diantaranya bisa menghambat nutrisi,menyebabkan obesitas,dan bisa menyebabkan kanker juga. Wah mending mulai kurangin konsumsi mie instant aja deh hehehe #BASOSAPI",1
"Ragam Mitos MSG, dari Bikin Otak Lemot Sampai Berbahaya Bagi Kesehatan http://detik.id/6PqAgF",0
"MSG berlebihan bikin otak lemot, gangguan prilaku, dan sel2 menjadi abnormal",1
"Kalo lauknya banyak MSG nya iya mas..MSG bikin daya ingat kurang juga :( RT 
@adhitiasofyan
: Apa kebanyakan karbohidrat itu bikin otak lemot?",1
"Msg nal bikin lemot otak tuh haha #DI ""
@kinalJKT48
: nyemil makaroni tapi tapi makaroni tidak seindah keripik dan lidilidian...""",1
"banget dn otak jd lemot ""@orientasebayang: kebanyakan mkn msg emg bisa bikin cepat haus ya.""",1
"01 detikhealth (Ragam Mitos MSG, dari Bikin Otak Lemot Sampai Berbahaya Bagi Kesehatan) ",1
"dr Adre kembali meluruskan. Menurutnya, kepala yang diguyur dengan air dingin sekalipun tidak akan menyebabkan perubahan suhu yang ekstrem sehingga rentan kena stroke.",0
"Jika langsung guyur kepala dgn air dingin, dpt menyebabkan saraf kaget / bahkan stroke, jelas dr Teguh Ranakusuma, spesialis saraf FKUI-RSCM",1
"""Riset mengatakan mandi air dingin, jangan langsung siram air kepala. Karena bisa menyebabkan kaget dan stroke""

Mohon maap...TITIK TERENDAH YANG GW RASAKAN ITU DI PUNGGUNG, BUKAN DI KEPALA",1
"Jika tubuh sedang kepanasan lalu langsung diguyur kepalanya dengan air dingin,bisa menyebabkan saraf kaget atau bahkan stroke
",1
"Jika tubuh sedang kepanasan lalu langsung diguyur kepalanya dengan air dingin,bisa menyebabkan saraf kaget atau bahkan stroke",1
"Demm -_-""@TipsDahsyat: Ingat jangan menyiram kepala anda langsung dengan air dingin saat mandi, karena bisa menyebabkan penyakit stroke..""",1
"Iya kalau air dingin dapat menyebabkan stroke (yg punya riwayat stroke). Gw kan mandinya pakai air hangat EyeMouthEye
https://ascentemc.com/why-do-strokes-often-happen-in-the-bathroom/#:~:text=No%20sequenced%20bath%20or%20shower,cause%20artery%20or%20capillary%20breakage.",1
"#LintasKesehatan:
REMATIK - Faktanya, belum ada bukti yang menguatkan bahwa mandi malam menyebabkan reumatik.... http://fb.me/1S7OGp3I6",0
Mandi jam segini boleh kan? Gak ada riset yg membuktikan mandi malam menyebabkan reumatik. Okesip,1
85% orang yg bilang mandi malam  menyebabkan reumatik adalah orang yg malas mandi.. 15% sisanya tidak pernah mandi.,1
"Mandi malam menyebabkan reumatik, itu hanya mitos. #DR.OZ 
@TRANSTV_CORP",1
"Buah jambu biji dipercaya dapat meningkatkan trombosit pada penderita demam berdarah dengue (DBD). Namun banyak lagi manfaat buah jambu biji. Apa saja?

via 
@detikHealth",0
#trubusmania Jus Jambu Biji Ternyata Tidak Menaikkan Trombosit Penderita DBD #trubusid https://life.trubus.id/baca/25751/jus-jambu-biji-ternyata-tidak-menaikkan-trombosit-penderita-dbd,1
"Jus Jambu Biji Manjur Sembuhkan Demam Berdarah, Mitos atau Fakta?
Jus jambu biji disebut bisa menaikkan trombosit dan sembuhkan DBD. Mitos atau fakta?",1
"Bagus buat demam berdarah.  Menaikkan kadar trombosit.  Di jagakarsa masih banyak pohon jambu biji yah  Bang 
@SaifulJagakarsa",1
Salahsatu buah yg dapat mempercepat menaikkan trombosit adalah buah jambu biji #Herbal,1
"Hai 
@farah_anna
 Smiling face with smiling eyes. Makan Mie+Coklat bersamaan memicu keracunan krg tepat. Mie instan yg beredar sdh teruji aman dan tdk mengandung arsenik",0
"karena MIE  itu mengandung 'Arsenic Pentoxide' (As2O5) dan berhubung habis makan MIE  makan COKLat.Terjadilah ""Reaksi Kimia""",1
"#1 mie itu mengandung Arsenic Pentoxide (As2O5), dan setelah makan coklat, terjadi reaksi kimia yang membuat (As2O5) menjadi (As2O3) yang…",1
"6. Tetapi, karena MIE itu mengandung 'Arsenic Pentoxide' (As2O5) & berhubung habis makan MIE wanita itu makan COKLat.",1
"Tetapi, karena MIE itu mengandung 'Arsenic Pentoxide' (As2O5) & berhubung habis makan MIE wanita itu makan COKLAT.",1
Bahaya makan mie dan coklat dalam waktu dekat!! || MIE itu mengandung '*Arsenic Pentoxide' (cont) http://tl.gd/n66rg8,1
#Djarot Angkat Bicara soal Isu Vaksin HPV Sebabkan Menopause http://ift.tt/2gafukU,1
Fitnahmu bisa bahayakan anak bangsa >> Ini Penjelasan Dinkes DKI Soal Kabar Vaksin HPV Sebabkan Menopause Dini >> https://news.detik.com/berita/d-3356564/ini-penjelasan-dinkes-dki-soal-kabar-vaksin-hpv-sebabkan-menopause-dini,1
"Kabar Palsu Vaksin HPV Sebabkan Menopause Dini Bisa Ditangkis dengan Fakta http://detik.id/VpUmpt via 
@detikHealth",0
"Berbahayakah Jika Teh Daun Jati Cina Dipakai untuk Diet? http://de.tk/70juV via 
@detikhealth",0
"Fyi nder, teh daun jati cina itu obat pencahar bukan untuk diet. Gaboleh dikonsumsi terus menerus.",1
"#Wanita:  Minum Daun Jati Cina Untuk Diet, Aman Atau Tidak? http://dlvr.it/N9fps9 http://j.mp/muluss",1
"Minum Daun Jati Cina Untuk Diet, Aman Atau Tidak?: Daun ini sempat booming di Indonesia sebagai agen diet yang… http://dlvr.it/N9fpmk",1
Teh daun jati cina bagus untuk diet dan bagus untuk kesehatan minat ?mention aje☺,1
"Terbukti Makan Larut Malam Sebabkan Berat Badan Cepat Naik http://de.tk/AGZeH via 
@detikfood",0
"RT 
@blogdokter
: #Q Apakah perut buncit di sebabkan makan larut malam? #A Perut buncit bukan kapan waktu makan tetapi apa yg dimakan",1
" perut buncit RT 
@detikcom
: Terbukti Makan Larut Malam Sebabkan Berat Badan Cepat Naik http://de.tk/AGZeH via 
@detikfood",1
Benarkah Makan Malam Sebabkan Kegemukan? Ini Penjelasannya Dari Ahli Gizi: Selain karbohidrat juga lemak/minya... http://bit.ly/1SDrCpb,1
"Hati-hati, makan di malam hari bisa sebabkan kegemukan http://mdk.to/5THt #MDK",1
"Mengunyah Bawang Putih Mentah Bisa Sembuhkan Batuk? Ternyata, Faktanya untuk Mencegah Flu http://okz.me/CYx05",0
; bawang putih ; jahe ; teh hijau ; bayam ; vitamin C --------> 5 Makanan Ini Bisa Sembuhkan Flu Lebih Cepat,1
Tulisan Dunia - Dalam Waktu Jam Bawang Putih Bisa Sembuhkan Flu Begini Caranya http://fb.me/89Wr6ZZCg,1
Ternyata Bawang Putih bisa Sembuhkan Obat Flu dan Batuk http://goo.gl/fb/voN0SO,1
"bisa buat ngobatin jerawat juga  RT 
@Adi7DARMA
: Ternyata bawang putih mengandung antibiotik alami bisa sembuhkan flu & byk penyakit lainnya",1
Dalam Waktu 3 Jam Bawang Putih Bisa Sembuhkan Flu. Begini Caranya http://bit.ly/1kuGOZ5,1
Ternyata bawang putih mengandung antibiotik alami bisa sembuhkan flu & byk penyakit lainnya,1
"Kalau biasanya kita menggunakan daun jambu biji untuk obat diare, ternyata kulit dari  buah rambutan ini memiliki manfaat yang sama, lho.
...
Face with medical maskDiare sendiri merupakan kondisi dimana seseorang buang air besar dengan konsistensi cair atau lembek",0
ada juga yang dibuat obat dari daunnya. contohnya daun jambu biji untuk obatin diare #100jutapohon #SMAN1CIKUT,1
Inilah #Manfaat Daun Jambu Biji Untuk Obat Diare http://goo.gl/fb/tjHjCi,1
"Selain sebagai obat diare, ternyata Daun jambu biji juga berguna untuk kecantikan. Apa saja manfaat tersebut?... http://fb.me/24W8O1b2I",1
"NFO TANAMAN OBAT: gunakan jus daun jambu biji ( pilih daun yg masih muda) , bubuhkan garam sedikit, dan pakai air matang. Untuk obat DIARE.",1
Ada daun sirih untuk obat sakit gigi. Daun jambu biji untuk obat diare. Dll,1
[Fakta atau Hoaks] Benarkah Sayap dan Ceker Ayam Dapat Menyebabkan Kanker? https://cekfakta.tempo.co/fakta/518/fakta-atau-hoaks-benarkah-sayap-dan-ceker-ayam-dapat-menyebabkan-kanker?utm_source=Digital%20Marketing&utm_medium=Twitter&utm_campaign=dlvrit #CekFakta #TempoCekFakta,0
HOAX: Makan Sayap dan Ceker Ayam Suntik Menyebabkan Kanker | Kesehatan Muslim http://kesehatanmuslim.com/hoax-makan-sayap-dan-ceker-ayam-suntik-menyebabkan-kanker/,1
".@JadiTINGGI
: Ceker & sayap ayam bisa menyebabkan kanker untuk wanita? Cari infonya disini CS1: 2B56D627/081321489500 https://pic.twitter.com/Dq79mCFZuw",1
Ceker ayam menyebabkan kanker kista -dr oz,1
" @FoodFezt
 #resolusi2011 bisa berenang dan menambah tinggi badan \(»'⌣'«)/'",1
Buat yang mau menambah tinggi badan pun bisa. *berenang,1
Yang paling kece berenang bisa menambah tinggi badan! Tapi buat yg masih di masa pertumbuhan ya :P hhi #infoGoci,1
Bahagia banget bisa berenang. Lumayan buat nurunin berat badan dan menambah tinggi badan ^__^,1
"Latihan seperti bermain basket dan berenang bisa membantu menambah tinggi badan lho !

https://goo.gl/6dZxLE",0
"#HondaQuiz #OlahragaFavorit Berenang, selain baik untuk kesehatan dan untuk menambah tinggi badan. Juga supaya bisa menolong cewek"" cantik.",1
"Bisa Dengan Berenang, Skipping, Jogging dan Olahraga Lainnya Yang Bisa Menambah Tinggi Badan Kamu.",1
"Retweeted Indah Dewi Pertiwi (
@IDP_Keci
):

Tusuk gigi juga tidak bisa menularkan HIV karena virusnya tidak bisa hidup di ruang terbuka.",0
"Jadi ya bisa dibilang, sangat tidak mungkin menularkan HIV melalui media tusuk gigi. #tusukgigiHIV",1
"#TahukahKamu Tusuk gigi ga bisa menularkan #HIV, karena HIV ga bsa hidup di luar tubuh manusia :) #Info",1
Dulu yang bilang tusuk gigi bisa menularkan HIV itu seorang menteri juga apa bukan ya? Pokoknya gua inget kekonyolannya. Tapi lupa menkes juga apa bukan..,1
"Anggota DPR, komisi kesehatan, dokter pula, keukeuh tusuk gigi menularkan HIV, saya juga percaya bu, dikedipin situ bisa ketularan begonya",1
"Ini dia mitos-mitos seputar Menstruasi. Yuk, simak ulasannya!

#MHD2018
#MenstruasiBukanTabu",0
10 Mitos Menstruasi Paling Aneh: Benar nggak sih saat menstruasi tidak boleh minum es? Benar... http://bit.ly/WOXgTs via #vemale(dot)com,1
"Salam sehat, tidak ada larangan bahwa saat menstruasi tidak boleh minum air dingin atau es. Hal ini dapat dikatakan mitos..",1
"Berarti saat menstruasi boleh minum es dong, dok? RT 
@dr_BramIrfanda
: 21. Kesimpulan: AIR ES TIDAK MENYEBABKAN ... http://m.tmi.me/oOrnB",1
"Ritwiitt.. Hei kmu baca ini yaa.. Boleh minum aer dingin (◦ˆ⌣ˆ◦) RT 
@drMetiMetiani
: ""Air es tidak berbahaya jika dikonsumsi saat menstruasi""",1
"Tidak Boleh berenang saat Menstruasi?? 
MITOS ATAU FAKTA?? ",0
Saat menstruasi kita tidak boleh berenang? Ini alasannya! http://bit.ly/2mvhCGC #LaunchingPERSIB #IndonesiaMoveUp,1
"...::: Wanita Tidak Boleh Berenang Saat Menstruasi :::....

Ketika wanita sedang Menstruasi sebaiknya jangan... http://fb.me/6wUdSCU4V",1
"Selama memakai (maaf) pembalut & tidak merasa risih, berenang saat #menstruasi boleh saja dilakukan. Hal ini tdk berpengaruh pada kesehatan.",1
3. Tidak Boleh Berenang Saat Menstruasi #DC,1
Wanita Tidak Boleh Berenang Saat Menstruasi http://bit.ly/11Q5Y6f,1
Mengonsumsi nasi 3 kali sehari umumnya menjadi kebiasaan orang Indonesia. Tapi benar nggak sih kebiasaan ini memicu seseorang mengidap diabetes?,0
"siapa bilang gak boleh? ada banyak makanan pengganti nasi lainnya. as someone yang gak harus makan nasi, karbo nasi bisa diganti pakai kentang rebus, umbi-umbian, oat, shirataki, beras merah, beras coklat, beras diabetes (yang ini w gak prefer, gak enak soalnya...)",1
"Kl sebanding dgn aktivitas fisik kita, makan nasi yg agak banyak...gak terlalu bermasalah.Takutnya makan nasi nya banyak, kita tdk ada aktivitas fisik...itu lama kelamaan bisa muncul diabetes....",1
kalo abis makan nasi ngantuk trs tidur trs diabetes. biar ga ngantuk trs bisa tidur dan ga diabetes makan apaadooong,1
"Kolesterol udah
Asam urat udah
Semoga terhindar dari Diabetes selama2nya. Aamiin.

Yok kurangin minum manis dan makan nasi yok. Bisa yok.",1
"Diabetes emang perlu diwaspadai banget selain hipertensi sama jantung mulai dari yang terkecil dulu kurangi minum manis kurangin ngemil manis ga makan ketan kurangin ubi singkong nasi putih kalo bisa minum air putih minum es teh atau teh tawar mulai dikit"" olahraga...",1
Diabetes kan gak cmn dr minuman manis. Makan nasi putih jg bisa meningkatkan gula darah.,1
"4.Mengobati luka bakar: Jika kamu terkena percekikan minyak panas saat memasak, atau mengalami luka bakar, kamu bisa oleskan mentega sebagai pertolongan pertama kamu. Dg cara ini juga dipercaya luka bakar tdk akan membekas",1
"Sawit itu paling byk manfaat tapi cost nya murah bisa dipakai untuk minyak goreng, campuran solar, oli & pelumas, mentega, pomade, lotion, mengobati luka bakar, bahan baku bio diesel dan ampas nya bisa menjadi pupuk kompos.",1
"Belum ada bukti ilmiah bahwa odol/mentega/minyak bisa mengobati luka bakar, justru dikhawatirkan malah bikin infeksi.#Sahabat",0
Mitosnya pasta gigi dan mentega bisa obati luka bakar.,1
"""@DokterOZ_: Mitosnya pasta gigi dan mentega bisa obati luka bakar."" (dan garam?)",1
"#SobatHalalMUI, beredar kembali isu hoaks terkait bumbu masak, tepung dan mie instan dg brand tertentu yg mengandung babi. Begini penjelasan LPPOM MUI, https://halalmui.org/mui14/main/detail/klarifikasi-hoax-produk-sasa-masako-royco-ajinomoto-dan-indomie
.
#klarifikasi #hoax #info #update #fyi #ketetapanhalalmui #hoax #lph #lppommui #halalmui #halalidonesia",0
"Tante aku masih percaya isu indomie mengandung minyak babi. Kalau beli mie instan selalu yg sedaap. Padahal mah enakan indomie di mana2nya. Tapi yaudasih, aku jg bisa beli sendiri hahaaa",1
"Ia hanya tidak bisa membaca mana mie instan yang tidak mengandung babi, sampai sebuah suara mengagetkannya.

""Ah iya silahkan."" bergeser sedikit, lalu menatap lelaki itu. ""Apa kau tahu mie yang tidak ada babinya?""",1
"Banyak banget, salah satunya temen gua, dia sampai share info kalo mie instan merk indo*** mengandung minyak babi, gua tanya balik, dari manandapet info, dari grup WA.. parah ..",1
Btw untuk mie instan banyak yg blm aku masukin ke Shopee krn banyak yg mengandung babi. Jadi kalo kalian mau nitip request aja. Bisa dm/rep ntar aku masukin Thumbs up,1
"((Mie instan rasa babi yg bumbunya ga mengandung babi))
Yaterus rasa babinya darimanaaaa? Gamungkin ayam campur sapi jadi babi kan?",1
"Malas Pakai Kacamata, Apakah Minus pada Mata Bisa Bertambah? http://detik.id/6gGNge via 
@detikHealth",0
"#sehat #hidupsehat Malas Pakai Kacamata, Apakah Minus pada Mata Bisa Bertambah?: Punya mata minus tapi malas ... http://bit.ly/2bei0CP",1
"Misalnya, ia bilang minus akan terus bertambah, yaelah, pakai kacamata Atau jaga mata itu bisa mempertahankanya",1
"Kok Bisa ya, Minus Terus Bertambah meski Sudah Rajin Pakai Kacamata ... https://lifestyle.harianjogja.com/read/2019/09/26/508/1020056/kok-bisa-ya-minus-terus-bertambah-meski-sudah-rajin-pakai-kacamata-?utm_source=dlvr.it&utm_medium=twitter",1
"Menjawab Mitos Ibu Hamil Tidak Boleh Makan Durian, Ternyata…",0
"Apa yang tidak ingin di dengar dan di respon oleh ibu hamil dan menyusui adalah pembicaraan seputar mitos pd kehamilan dan menyusui . Ga boleh makan durian,pedes dan mandi malam misalnya,sumpah risih dengernya.sedangkan dokter bilang fine aja kokMan cartwheeling",1
Wanita Hamil Tidak Boleh Makan Durian? | Blognya Ummu Kautsar - http://bit.ly/VUxVp8,1
"""
@Ayahbunda
: Bernarkah ibu hamil tidak boleh makan durian? Kata Dokter http://ow.ly/cvA0x""",1
Mitos; wanita hamil tidak boleh makan durian,1
"W baca artikel lengkapnya, di akhir malah ngomongin ibu hamil tidak boleh makan durian. Apaan coba https://jakarta.tribunnews.com/2020/02/21/kpai-ingatkan-wanita-berenang-di-kolam-bareng-laki-laki-bisa-hamil-begini-penjelasannya",1
"Teh Hijau Bisa Cegah Kanker, Benarkah?: Sejak beberapa tahun terakhir, teh hijau primadona minuman sehat. Sela... http://bit.ly/1m5pGo6",1
"Teh Hijau Bisa Cegah Kanker, Benarkah? http://de.tk/60bwvb via 
@detikfood",0
"@detikcom
 bener ..Teeh hijau tambah yg merah sekoper kanker langsung sembuh...E262",1
"Ini alasan teh hijau bisa cegah kanker pankreas
Teh hijau dan ekstrak teh hijau telah lama diketahui memiliki... http://fb.me/2ZZob798u",1
Konsumsi Teh Hijau Bisa Cegah Kanker Pankreas http://dlvr.it/5qmgHW,1
Teh Hijau bisa cegah kanker #TehBaruBukanYangLayu,1
"Ramai soal Minum Minyak Kayu Putih Atasi Gejala Covid-19, Ini Kata Dokter...banyak pasien yg datang lambungnya sakit karena minyak kayu putihnya diminum..hati2 atas info yang beredar..
@infosehatfkui
 
@Medicine_UI
 
@univ_indonesia
 
@ygi_gastro_id
  
@pbpegi_",0
Minyak kayu putih tidak dianjurkan untuk diminum. Meskipun artis-selebritis yang melakukannya tidak mengubah status himbauan tsb. Pemakaian luar saja ya Folded hands,1
"dihh ko sepupu gue aneh semua sii, masa minyak kayu putih diminum anjerLoudly crying faceLoudly crying facePerson fencing",1
"udah kak, gejala nya kmrn mayan termasuk parah engap, lidah gada rasa, batuk, demem tinggi, gabisa nyium dll. minyak kayu putih nya kmrn diminum juga",1
"teman, minyak kayu putih baiknya dihirup atau dioles saja, jangan diminum ya Smiling face with smiling eyesFolded hands",1
geblek bgt sonchae mah minyak kayu putih diminum anjritTired faceLoudly crying face,1
Apakah Benar Minyak Goreng Bisa Diminum? http://bit.ly/2mGBvvR #tipskesehatan,0
"Promosi minyak goreng yang aman dan bisa diminum, sudah teruji klinis di laboratorium terpercaya Relieved face .ga",1
"Pernah ga sih kalian minum minyak goreng Sania karena dulu iklannya bilang ""bisa diminum juga""",1
Semutnya korban iklan minyak goreng yang bisa diminum,1
Sancho minyak goreng yang bisa diminum,1
Ohh.. minyak goreng yang bisa diminum itu kan ya?,1
Terus kalau minyak goreng bisa diminum menandakan apa?  Indonesia bebas kolestrol kah wkwkwk,1
3 Manfaat Centella Asiatica (Daun Pegagan) untuk Kesehatan dan Kecantikan Kulit Anda http://wartaindonesia.co.id/3-manfaat-centella-asiatica-daun-pegagan-untuk-kesehatan-dan-kecantikan-kulit-anda/,0
"3 Manfaat Daun Pegagan ‘Centella Asiatica’ Untuk Kecantikan http://toptrendonline.com/531/3-manfaat-daun-pegagan-centella-asiatica-untuk-kecantikan/ lewat 
@TOPTRENDONLINE
.COM",1
Karena Zat-zat yang terkandung di dalamnya dinilai sangat baik untuk kesehatan dan kecantikan wajah. Berikut manfaat dari Centella Asiatica yang wajib Sahabat Muslimah tau,1
"Daun pegaga juga bagus untuk kecantikan kulit. Ini terbukti dengan produk kayman beauty yang Terdiri daripada bahan-bahan seperti Centella Asiatica, serum ini membantu mengurangkan kemerahan, menenangkan kerengsaan dan meningkatkan kesihatan kulit secara keseluruhan",1
Pesona Mahameru http://192.168.0.105:8000/artikel/manfaat-dari-daun-pegagan-atau-centella-asiatica-untuk-kecantikan,1
"Skin1004 - Madagascar Centella Asiatica Ampoule.

- Dunia kecantikan kini menggunakan Centella Asiatica, karena dikenal sebagai salah satu kandungan skincare alami yang efektif untuk menangani masalah jerawat. 
-c",1
"Hii. Kalau untuk serum boleh try serum from kayman. Suitable for all skin type. Serum ni dapat treat acne, redness and skin barrier. Also dapat treat sunburn jugak sbb ada centella asiatica for soothing. Nak tanya apa2 pasal produk ni,boleh dm jeSlightly smiling face",1
"Hati hati kangkung dapat menyebabkan rasa kantuk, lemas, mata berat, dan gangguan perut",1
Orang bilang makan kangkung dapat menyebabkan ngantuk. Di gue ga ngaruhFace with tears of joy,1
"#MitosAtauFakta

CampusBrainers, kali ini mitos seputar makanan nih, wah jadi laper kan yaa hehehe. Kali ini makanannya sayur kangkung yang dipercaya dapat menyebabkan ngantuk.. Loh emang iya, mitos atau fakta sih.. Jadi itu fakta, apabila dikonsumsi berlebihan :D

#THEGOODVIBES",1
""" Kangkung dapat menyebabkan ngantuk http://bit.ly/s4LPes",1
"Ngomongin kangkung dapat menyebabkan kantuk, jadi ngantuk juga nih. Saatnya tutup tweets ya..",1
"Apakah benar, mengkonsumsi kankung dapat menyebabkan kantuk? via http://ngi.cc/n505",0
"Hujan memang tidak bisa diprediksiThinking face
.
Kamu harus tau, bahwa air hujan tidak baik untuk kesehatan kita yaa
.
Teman-teman sekalian harus tetap jaga kesehatan dimana pun beradaSmiling face!
.
Salam sehatWaving hand
.
#panpacificinsurance #panficinsurance #panficsyariahinsurance #musimhujan #covid19",0
"Katanya, hujan-hujanan bisa bikin sakit karena air hujan mengandung banyak kuman dan bakteri. Bagaimana jika kehujanan? Tenang, Sobat Sehat bisa melakukan berbagai cara supaya tidak sakit setelah kehujanan, kok.

#HelloSehat

https://hellosehat.com/hidup-sehat/tips-sehat/mencegah-sakit-pilek-setelah-kehujanan/",0
"AIR HUJAN JANGAN DI MINUM PAK, TIDAK SEHAT",1
Pulau Bali Diisukan Dijual ke WNA http://republika.co.id/r/n0vuea,0
Hahaha siap2 aja aset indonesia dijual semua haha. Semoga pulau bali dengan lombok dijual hahahahahahaaa,1
besar pasak drpd tiang... BAHAYA... habis ini pulau bali dijual,1
"Seandainya pulau bali dijual, pasti aku beli",1
"Jgn pilih jokowi nanti pulau bali dijual ke org asing.. 'Terlambat mas, hatta sudah menjual teluk benoa ke investor luar negri'",1
kalian aje Pulau bali dijual juga Smiling face with open mouth and tightly-closed eyesSmiling face with open mouth and tightly-closed eyesSmiling face with open mouth and tightly-closed eyes,1
"[SALAH] ""zionis Israel menebar VIRUS AIDS di pembalut wanita""

Hoaks daur ulang, klikdokter(dot)com: ""Jika memang ada virus HIV yang dimasukkan ke dalam pembalut, maka virus tersebut tidak akan bertahan lama karena pembalut ...""

Selengkapnya di http://bit.ly/2TGcApy #LawanHoax",0
Hahaha wartawan palestina namanya nandang burhanudin,1
"Halo, tahukah kamu? Konon virus HIV bisa dimasukkan ke dalam pembalut. Penyebaran virus HIV… https://instagram.com/p/BhAm9a1gt-c/",1
"Jika memang ada virus HIV yang dimasukkan ke dalam pembalut, maka virus tersebut tidak akan bertahan lama karena... https://fb.me/1uzF7Y6uu",1
"Congornya Sugik Nur sangat berbahaya... Sales pembalut

#LawanHoaxVirusCorona",1
"K-Sophie Pantyliner: pembalut harian organ intim, cegah bakteri, jamur, keputihan dan cegah byk penyakit berbahaya ##klink",1
"Bukan Bumbu Atau Air Rebusan Mie Instan, Hal ini yang Jadi Penyebab Kanker Jika Sering Mengkonsumsi Mie Instan
",1
"MSG pada mie instan punya kadar yang tinggi, memasak bumbu mie instan dapat  memicu munculnya sel penyebab kanker #KATAMOMMY || #OutletPILAR",0
"@EdukasiGizi
 katanya makan mie instan penyebab kanker, jelasin jg ya min.. Dan penggunaan bumbu ktnya tdk boleh dimasak..",1
RT @kleponers: #JelajahGizi Mie instan yang dimasak bersamaan dgn bumbu (MSG) berpotensi menjadi karsinogen penyebab kanker.,1
#JelajahGizi Mie instan yang dimasak bersamaan dgn bumbu (MSG) berpotensi menjadi karsinogen penyebab kanker.,1
bumbu mie instan (MSG) jika ikut dimasak (>120C) akan berpotnsi mnjd karsinogen (penyebab kanker),1
"@EdukasiGizi
 
@fidinanana
 oiya kl g slh steroform sensitif sm panas trus jd karsinogenik, kn byk tuh kemasan #miinstan seduh yg pk strfom min",1
"Kabarnya kerupuk dan bihun jika dibakar mengeluarkan api maka makanan tersebut mengandung plastik dan zat berbahaya. Apa benar? #Video 

via 
@20detik",0
"gue jelasin bahwa dimana2 kerupuk itu kl dibakar ya item Frowning face... bukan cuma kerupuk yang biasa dijual kalengan diwarung2.. tapi semua kerupuk, karena bahan membuat kerupuk mengandung tepung tapioka, dan tapioka itu mengandung amilum.. dan tekstur zatnya mirip2 plastik kalo dibakar.",1
Trus pernah kesebar hoax bahwa kerupuk yg seribu itu mengandung plastik? damn! itu emak gue dapet dari WA dan pas di tanya sumbernya dari mana dia gatau.. cuma share dari temen.,1
"Bihun dibakar
Kopi dibakar
Beras dibakar
Kerupuk dibakar
Gorengan dibakar

Sekarang Nata De Coco dibakar juga, dibilang mengandung plastik.

Ok, Boomer.",1
"Saya suka video 
@YouTube
 http://youtu.be/TKnFCAM1CAE?a Kerupuk dibakar mengandung plastik.mp4",1
"Bakar kerupuk takut kerupuk plastik. 
Bakar serbuk kopi takut mengandung zat berbahaya. 

Tapi kalau bakar rokok?

Hmmmm... nisa sabyan s/d 10 jam.",1
"[SEUTAS INFO] Di bulan puasa, penggunaan siwak pun kemudian dianjurkan, baik sebagai alat yang bisa menjaga kesehatan dan kebersihan gigi, maupun sebagai sarana mendekatkan diri pada sunnah nabi.

Berikut 9 kandungan dalam KAYU SIWAK yg bermanfaat untuk kesehatan gigi dan mulut.",0
Guna lah siwak.siwak itu mempunya 1001 khasiat dan baik untuk gigi.,1
"""siwak"" baik untuk kesehatan gigi dan mulut, dimana yaa ""siwak"" bisa ane beli?",1
"Siwak modern = permen karet dengan gula alkohol(xylitol), baik untuk mencegah karies gigi.",1
"Siwak mengandung floaride Dan vitamin c dan baik untuk kesehatan gigi dan mulut #PepsodentSiwak #SenyumBerbagiBerkah
#KEBxPepsodent",1
"Minum Air Dingin Usai Makan Picu Kanker?
http://detiksumsel.com/minum-air-dingin-usai-makan-picu-kanker",0
"Hoax itu macam2 jenisnya, ada yg dari narasi 'minum air dingin usai makan picu kanker"" #DanoneBloggerAcademy",1
News Update: Minum Air Dingin Usai Makan Picu Kanker? http://newsupdate85.blogspot.com/2017/05/minum-air-dingin-usai-makan-picu-kanker.html?spref=tw,1
"Jenis hoax:
1. Narasi hoax misal: minum air dingin usai makan picu kanker
#DanoneBloggerAcademy",1
Minum Air Dingin Usai Makan Picu Kanker? http://dlvr.it/P4hh4f,1
"awas bahaya tuh, apalagi minum nya air dingin",1
"5. Virus corona (Covid-19) tidak bisa ditularkan melalui gigitan nyamuk
Sampai saat ini belum ada informasi atau bukti yang menunjukkan bahwa Covid-19 dapat ditularkan oleh nyamuk.

#KKMUNTIRTA30 
#KKMUNTIRTAJAWARA2020",1
"Pasalnya, virus ini tidak dapat ditularkan melalui gigitan nyamuk ataupun serangga lainnya. Hal ini diperjelas dalam studi yang dilakukan di Wuhan, Tiongkok, dimana dikumpulkannya 1.165 nyamuk pada tempat wabah pertama COVID-19 tercatat. Para peneliti menemukan",1
"bahwa semua nyamuk yang terkumpul dinyatakan negatif virus.  
Yuk, cari tahu lebih banyak mengenai Mitos! Covid tidak dapat ditularkan melalui gigitan nyamuk! pada link http://bit.ly/MitosNyamukTidakDapatMenularkanCovid

Salam Sehat, 
RS Columbia Asia Indonesia",0
"Virus corona tidak dapat ditularkan melalui gigitan nyamuk. Hingga saat ini belum ada bukti yang menunjukkan penyebaran virus corona dapat ditularkan melalui nyamuk.
Bukti saat ini, penyebaran virus corona melalui percikan (droplet) orang yang positif COVID-19. #StayFitForLife",1
Corona tidak dapat disebarkan melalui gigitan nyamuk. Virus hanya bisa ditularkan melalui tetesan penderita yang terinfeksi Covid-19. Sedangkan nyamuk hanya bisa menyebarkan bakteri. #StayFitForLife #KitaBisa,1
"#mitos
#covid19
#gigitannyamuk
#gigitanserangga
#dokterspesialis
#spesialispenyakitdalam
#ArtikelKesehatan
#RSColumbiaAsiaMedan
#RSColumbiaAsiaSemarang
#RSColumbiaAsiaPulomas
#SehatBersamaRSColumbiaAsia
#PassionForMakingPeoleBetter
#ColumbiaAsiaPilihanku",1
"MENDIKBUD: BELAJAR TATAP MUKA RESMI JANUARI 2021, ANAK WAJIB SWAB TEST SEBELUM SEKOLAH

[MISLEADING CONTENT]

Berdasarkan hasil pemantauan Tim Jabar Saber Hoaks. Beredar sebuah artikel berita di blog yang berjudul ""Belajar Tatap Muka Resmi Januari 2021, Anak Wajib Swab Test",1
"[SALAH] “Belajar Tatap Muka RESMI Januari 2021, Anak Wajib Swab Test Sebelum Sekolah” 

FAKTANYA, Kemendikbud mengklarifikasi bahwa Mendikbud Nadiem Anwar Makarim TIDAK pernah ...",0
"#HoaxBuster
[SALAH] “Belajar Tatap Muka RESMI Januari 2021, Anak Wajib Swab Test Sebelum Sekolah”

Selengkapnya: https://covid19.go.id/p/hoax-buster/salah-belajar-tatap-muka-resmi-januari-2021-anak-wajib-swab-test-sebelum-sekolah",1
"#News: Cek Fakta: [SALAH] “Belajar Tatap Muka RESMI Januari 2021, Anak Wajib Swab Test Sebelum Sekolah” https://ift.tt/3mNY63V | Kabar Tangsel",1
"[HOAKS] 
Mendikbud: Belajar Tatap Muka Resmi Januari 2021, Anak Wajib Swab Test sebelum Sekolah

Link Counter:

https://kemdikbud.go.id/main/blog/2020/11/pemerintah-daerah-diberikan-kewenangan-penuh-tentukan-izin-pembelajaran-tatap-muka",1
"Rumah mewah mobil mewah pajaknya turun 
Kini pempek kenak pajak 10% 
Usul lg pk gimana klo tahu bulat cireng tellor dadar kenak jg ngk?",1
"Duh....orang palembang sepertinya harus byk sabar dan usaha lebih keras lagi....
Makanan tradisional dikenakan pajak....
Nyekek bangeettt...sih....

Selain tahu bulat...rendang dendeng...gado2..kripik balado..tupat sayur lu pajak2in sekalian tuh...

APA negara ini #BANGkruuuuuuT",1
Kalau pajak NGIBUL bisa nga kea 10 % sptnya ada yg akan bangkrut tiap BOHONG kena 10%,1
Begitulah kalau akal sehatnya terganggu seruduk sana seruduk sini karena panik kas sudah mulai kosong. Hutang sana hutang sini kayaknya para kreditor kagak percaya lagi nih masalahnya takut dicurangi Grinning faceSmiling face with open mouthSmiling face with open mouth and smiling eyesSmiling face with open mouth and cold sweatFace with tears of joyRolling on the floor laughing,1
Jangan biarkan dia nyicipin apapun untuk sekarang Karna ending nya akan kena pajakSmiling face with open mouth and cold sweat #justkidd,1
waduhhh... semua mau di pajakin..,1
[HOAKS] Makanan Tradisional akan Dikenakan Pajak 12 Persen,0
Turn Back Hoax: [SALAH] Ekstrak Nanas Bisa Dijadikan Obat Virus Corona,1
"New post in LawanHoaks: [SALAH] Ekstrak Nanas Bisa Dijadikan Obat Virus Corona

Profesor David Morris, Ilmuwan yang dicatut dalam unggahan soal ekstrak nanas bisa mengobati corona membantah unggahan yang beredar. Ia menegaskan minum nanas tidak akan meny…",0
"New post in LawanHoaks:  RSS Feed - Hoax Buster (RSS)
[SALAH] Ekstrak Nanas Bisa Dijadikan Obat Virus Corona

Profesor David Morris, Ilmuwan yang dicatut dalam unggahan soal ekstrak nanas bisa mengobati corona membantah unggahan yang beredar. Ia menegask…",0
[SALAH] Ekstrak Nanas Bisa Dijadikan Obat Virus Corona,1
"New post in LawanHoaks: [HOAKS] Ekstrak Nanas Bisa Dijadikan Obat Corona
",1
[HOAKS] Ekstrak Nanas Bisa Dijadikan Obat Corona,1
"New post in LawanHoaks: [HOAKS] Ekstrak Nanas Bisa Dijadikan Obat Corona

https://ift.tt/3u96SgO",1
"Sore semut2 kecil

 Kasak kusuk Arrow pointing rightwards then curving downwards

Sertifikasi Halal Dipegang PT Surveyor Indonesia Bukan Lagi MUI?

Salah, PT SI hanya ditunjuk sbg auditor LPH

Two hearts
@BANGSAygSUJUD

@kianinara1

@Semut2Semut

@ketanminis

@bang_akbar84


#PasukanSemut
#JalinPersatuan
",1
"New post in LawanHoaks: [DISINFORMASI] Sertifikasi Halal Dipegang PT Surveyor Indonesia Bukan Lagi MUI

https://ift.tt/3b2iVGv",0
"DISINFORMASI
Sertifikasi Halal Dipegang PT Surveyor Indonesia Bukan Lagi MUI

https://facebook.com/photo?fbid=439385217251757&set=a.103631444160471

Link Counter:

https://medcom.id/telusur/cek-fakta/VNxvwLak-cek-fakta-sertifikasi-halal-dipegang-pt-surveyor-indonesia-bukan-lagi-mui-ini-faktanya",1
"Nah lo sapa yg nyebar Hoax, lacakkk Smiling faceFolded hands
Cek Fakta
Narasi yang mengklaim Gus Yaqut menggila karena sertifikasi Halal kini dipegang PT Surveyor Indonesia bukan lagi oleh MUI adalah klaim yang salah atau hoaks.",1
"SERTIFIKASI HALAL DIPEGANG PT SURVEYOR INDONESIA BUKAN LAGI MUI

[FALSE CONTEXT]

Berdasarkan hasil pemantauan Tim Jabar Saber Hoaks. Beredar sebuah narasi kewenangan sertifikasi produk halal diberikan kepada PT Surveyor Indonesia bukan lagi di tangan Majelis Ulama Indonesia.",0
"Narasi ini beredar di media sosial facebook.

Selengkapnya di https://web.facebook.com/official.jabarsaberhoaks/posts/743337089934213",0
"informasi dalam fake news juga tidak memiliki landasan faktual
#PasukanSemut
#JalinPersatuan",1
"VAKSIN COVID-19 BERBENTUK VAPE

[SATIRE/PARODY]

Berdasarkan hasil pemantauan Jabar Saber Hoaks. Beredar foto vaksin Covid-19 yang diklaim buatan Pfizer yang berbentuk vape atau rokok elektrik.

Dalam unggahan di media sosial terdapat vape yang masih dibungkus dengan logo dan",1
"VAKSIN COVID-19 BERBENTUK VAPE

[SATIRE/PARODY]

Berdasarkan hasil pemantauan Jabar Saber Hoaks. Beredar foto vaksin Covid-19 yang diklaim buatan Pfizer yang berbentuk vape atau rokok elektrik.",1
"[SALAH] Vaksin Covid-19 Buatan Pfizer Berbentuk Vape

PALSU, vaksin Covid-19 buatan Pfizer diberikan dengan penyuntikan di bagian atas lengan. Diberikan ...",0
#News: Cek Fakta: [SALAH] Vaksin Covid-19 Buatan Pfizer Berbentuk Vape https://ift.tt/37L1zvS | Kabar Tangsel,1
"#HoaxBuster
[SALAH] Vaksin Covid-19 Buatan Pfizer Berbentuk Vape

Selengkapnya: https://covid19.go.id/p/hoax-buster/salah-vaksin-covid-19-buatan-pfizer-berbentuk-vape",1
Cek Fakta: Hoaks Vaksin Covid-19 Buatan Pfizer Berbentuk Vape,0
"Cek Fakta: [SALAH] Vaksin Covid-19 Buatan Pfizer Berbentuk Vape https://kabartangsel.com/cek-fakta-salah-vaksin-covid-19-buatan-pfizer-berbentuk-vape/ via 
@kabar_tangsel",1
"Sebuah informasi yang menyebut vaksin Covid-19 untuk ibu menyusui berbahaya bagi anak, beredar di media sosial. Dari penelusuran, info tersebut hoaks",1
[CEK FAKTA] Vaksin COVID-19 Berbahaya bagi Ibu Menyusui,1
[HOAKS] Vaksin Covid-19 Berbahaya Bagi Ibu Menyusui,1
"New post in LawanHoaks: [HOAKS] Vaksin Covid-19 Berbahaya Bagi Ibu Menyusui

https://ift.tt/3wdiukN",1
Klaim vaksin COVID-19 berbahaya bagi ibu menyusui dan bayi. Berikut faktanya. #kumparanNEWS,0
"Sejauh ini vaksin tidak terbukti berbahaya bagi bayi yang menyusui. ibu tak perlu berhenti menyusui setelah menerima vaksin Covid-19. WHO pun tidak merekomendasikan ibu berhenti menyusui setelah divaksin.

#PejuangkASIh
#ObatmodernAsliIndonesia
#VaksinIbuHamilDanmenyusui",1
Vaksin Covid-19 Berbahaya bagi Ibu Menyusui? Ini Faktanya,1
"Jokowi Disuntik Vaksin Sinovac Bersama Tokoh Agama, Perawat dan Pedagang: http://Kuamangmedia.com - Istana Kepresidenan memastikan hari ini Presiden Jokowi disuntik vaksin Sinovac. Selain Jokowi, beberapa perwakilan masyarakat juga akan disuntik vaksin.… http://dlvr.it/RqSPZq",1
"Presiden 
@jokowi
 telah disuntik vaksin Sinovac hari ini, (13/1). Selain Jokowi, beberapa perwakilan masyarakat juga akan disuntik vaksin. #BersamaKitaVaksin https://youtu.be/_TVFlqgzQ3A",0
"Istana Kepresidenan memastikan hari ini Presiden Jokowi disuntik vaksin Sinovac. Selain Jokowi, beberapa perwakilan masyarakat juga akan disuntik vaksin. #BersamaKitaVaksin http://bit.ly/3bzzk5",0
"Stelah vaksinasi,, liat dulu reaksinya 3pekan s.d 6pekan,, jika aman baru lanjut ke Nakes, masyarakat dll (tp jangan suntik vitamin ya)",1
"HOAKS
Presiden Jokowi akan Disuntik Vaksin selain Sinovac

https://facebook.com/photo?fbid=430773564779589&set=a.103631444160471

Link Counter:

https://medcom.id/telusur/cek-fakta/PNgY6Y9k-cek-fakta-benarkah-presiden-jokowi-akan-disuntik-vaksin-selain-sinovac-tiongkok-ini-faktanya",1
"New post in LawanHoaks: [HOAKS] Presiden Jokowi akan Disuntik Vaksin selain Sinovac

https://ift.tt/2WxMPu0",1
[Cek Fakta] Benarkah Presiden Jokowi akan Disuntik Vaksin selain Sinovac Tiongkok? Ini Faktanya,1
"Informasi untuk #SobatKUKM terkait akun BLT Banpres UMKM adalah bukan akun resmi dari Kementerian Koperasi dan UKM. Selalu waspada ya terhadap segala penipuan yang mengatasnamakan Kementerian Koperasi dan UKM
#KemenkopUKM
#KoperasiKeren
#UMKMNaikKelas",1
"Informasi terkait akun BLT Banpres UMKM yang beredar di Facebook atau media sosial lainnya adalah bukan akun resmi dari #KemenkopUKM.

Selalu waspada terhadap segala penipuan yang mengatasnamakan KemenkopUKM.
Selamat berakhir pekan #SobatKUKM.",0
"Informasi untuk #SobatKUKM terkait akun BLT Banpres UMKM adalah bukan akun resmi dari Kementerian Koperasi dan UKM. Selalu waspada ya terhadap segala penipuan yang mengatasnamakan Kementerian Koperasi dan UKM.

#KemenkopUKM
#KoperasiKeren
#UMKMNaikKelas
#ppkljatim
#ppklsitubondo",1
"Informasi untuk #SobatKUKM terkait akun BLT Banpres UMKM adalah bukan akun resmi dari Kementerian Koperasi dan UKM. Selalu waspada ya terhadap segala penipuan yang mengatasnamakan Kementerian Koperasi dan UKM.
Selamat berakhir pekan.
#KemenkopUKM
#KoperasiKeren
#UMKMNaikKela",1
"KemenkopUKM: Informasi terkait akun BLT Banpres UMKM yang beredar di Facebook atau media sosial lainnya adalah bukan akun resmi dari #KemenkopUKM.

Selalu waspada terhadap segala penipuan yang mengatasnamakan KemenkopUKM.
Selamat berakhir pekan #SobatKUK…",1
"Hoaks
Akun BLT Banpres UMKM Mengatasnamakan KemenkopUKM

Link Counter: https://instagram.com/p/CHUf7VAj3oq/
 https://portalsurabaya.pikiran-rakyat.com/nasional/pr-22927645/hoax-dari-blt-cermati-dan-telusuri-disini
https://facebook.com/satgascirt.bulelengkab.5/posts/401334761056803",1
[HOAKS] Akun BLT Banpres UMKM Mengatasnamakan KemenkopUKM,1
"NASIB PESANTEREN TERANCAM DENGAN UU CIPTAKER OMNIBUS LAW

[MISLEADING CONTENT]

Berdasarkan aduan yang masuk ke Tim Jabar Saber Hoaks. Beredar sebuah narasi yang menyebutkan nasib pesantren bakal terancam dengan keberadaan Undang-Undang Cipta Kerja (Ciptaker) Omnibus Law.",0
"Pesantren tak memiliki izin terancam sanksi pidana. Narasi tersebut tersebar lewat pesan berantai di aplikasi pesan Whatsapp.

Selengkapnya di https://web.facebook.com/official.jabarsaberhoaks/posts/682000782734511",0
"[Hoax] Nasib Pesantren Terancam dengan UU Ciptaker Omnibus Law https://detax.org/issue/PYt via 
@DetaxId",1
[Cek Fakta] Nasib Pesantren Terancam dengan UU Ciptaker Omnibus Law? Ini Faktanya https://bit.ly/2GUihhl #CekDuluMedcom #CaraBaruMenikmatiMedcom,1
"DISINFORMASI
Nasib Pesantren Terancam dengan UU Ciptaker Omnibus Law

https://facebook.com/satgascirt.bulelengkab.5/posts/378721313318148 

Link Counter:

https://medcom.id/telusur/cek-fakta/Rb1m8L1b-cek-fakta-nasib-pesantren-terancam-dengan-uu-ciptaker-omnibus-law-ini-fa

https://nasional.kompas.com/berita/15165061-menag-luruskan-informasi-ruu-cipta-kerja-bisa-pidanakan-pengurus-pesantren?page=all",1
"DISINFORMASI, Nasib Pesantren Terancam dengan UU Ciptaker Omnibus Law. #follbackNKRI cc 
@kemkominfo
 
@DRCFHUI
 
@medcom_id
 
@kompascom",1
"Rejim kompeni, tp aku yakin pasti Allah kan mengakhiri kekuasaan yg dungu spt skrang ini.",1
Nanas bisa mengempukkan dging karena mengandung acid atau asam yang dapat memecah protein sehingga dapat membuat daging kambing lebih empuk.,1
Kandungan enzim bromelin pada nanas dpt menguraikan serat2 daging sehingga dapat membuat daging menjadi lebih empuk.,1
Parutan buah Nanas atau Kiwi dipercaya dapat membuat daging empuk secara alami.,1
"ahukah Ibu kalau parutan Nanas dapat membuat daging sapi cepat empuk. Mau tahu caranya? 

Baca tips berikut ini ya http://fb.me/18srhSaVV",1
Tahukah Ibu kalau parutan Nanas dapat membuat daging sapi cepat empuk. Coba baca #TipsKitchenArt berikut ini ya bu :) http://fb.me/31BLoio17,1
Buah nanas yang dimasak dengan daging dapat membuat daging menjadi lebih empuk #BeSmart,1
"Tak hanya daun pepaya, buah nanas juga dapat digunakan untuk membuat daging menjadi lebih empuk. #iNewsIntermezzo",0
Ada beberapa manfaat saffron yang bagus untuk kecantikan kulit seperti misalnya menghindari wajah kusam. #Saffron,0
"Saffron ini banyak tumbuh di dataran Iran. Karena jarangnya tanaman ini tumbuh di daerah lain, menjadikan saffron sebagai salah satu rempah termahal di dunia. Selain untuk bumbu dan pewarna masakan, saffron ini biasa digunakan untuk obat tradisional maupun produk kecantikan.",1
"Saffron merupakan sebuah rempah dari bunga saffron. 

Dilansir dari Tokopedia, “Dalam 0,78 gram saffron, mengandung 0,08 g protein, 0,6 mg vitamin C, 0,01 mg zinc, dan 12 mg kalium”

Jadi, memang saffron ini bagus untuk kesehatan, dan kecantikan terutama kulit wajah Smiling face with open mouth and tightly-closed eyes",1
"5 Manfaat Saffron untuk Kecantikan, Bisa Usir Jerawat Lho! http://dlvr.it/S4hjQV",1
"Berikut Beberapa Manfaat Saffron Untuk Kecantikan, Salah Satunya Obat Jerawat
Down pointing backhand index
https://jabarnews.com/read/104490/berikut-beberapa-manfaat-saffron-untuk-kecantikan-salah-satunya-obat-jerawat

#jabarnews #beritalokal #beritahiperlokal #harianjabar #jabartoday #beritajabar #beritajawabarat #jawabarat #jabar #beberapamanfaatsaftron #kecantikan #obatjerawat",1
"saffron udah dipercaya dibidang kesehatan bisa bantu sembuhin luka, sakit punggung dll⁣
⁣
ada beberapa uji coba yang buktiin saffron ini bagus untuk kecantikan",1
Ada beberapa manfaat lemon campur madu untuk kecantikan seperti misalnya menghilangkan ketombe. #Madu,0
"5 Manfaat Campuran Madu dan Lemon untuk Kecantikan, Sehat Juga Loh",1
Madu bisa digunakan untuk kecantikan bibir. Oleskan di bibir Anda sebelum tidur untuk menghindari bibir pecah-pecah.,1
"Air rendaman Asam Jawa  campur madu ternyata ajaib untuk kesehatan dan kecantikan, Wanita pasti kaget. #asamjawa",1
"Selain untuk kecantikan, madu juga dapat berkhasiat untuk membantu penyembuhan luka. ",1
"[WAAA MEMANG SAJA NAK BAGI KULIT DOUBLE PELOLES KAN! Grinning face with smiling eyes]

Hangpa rasa dengan consume #DianzVitamin sahaja dah cukup pelolesWhy not kita tambahkan lagi kepelolesan kulit dengan #DianzDHoneyBooster?Rasa madu yang umphh and sedap diformulasikan khas untuk kecantikan kulit korang tau",1
6 Manfaat Madu untuk Kecantikan yang Mungkin Belum Anda Ketahui,1
Tembakau merupakan salah satu tanaman pertanian bergenus Nicotiana yang digunakan sebagai pestisida dan obat,0
"selain dapat dikonsumsi, tembakau ternyata sering digunakan sebagai pestisida #barutahu | http://id.wikipedia.org/wiki/Tembakau",1
Ternyata air rendaman tembakau + garam bisa digunakan sebagai pestisida alami untuk membasmi rayap lho. #TokoPerhutani,1
Selamat hari tanpa tembakau. tembakau bermanfaat jika digunakan sebagai pestisida nabati,1
"Tembakau dapat digunakan sebagai pestisida, dan dlm bentuk nicotin tartrat dapat digunakan sebagai obat. #TributeToKretek",1
"2. Arsenik: Digunakan sebagai pestisida tanaman, menempel pada tembakau yang sudah menjadi rokok&juga digunakan untuk membunuh TIKUS!",1
"@bem_unsoed
 tembakau mending digunakan sebagai pestisida nabati",1
Adrain mengerjap takjub ketika mendengarkan penjelasan tentang tanaman ini. Ia tidak menyangka manfaatnya seluas itu. https://twitter.com/Mr_Caspian/status/1191708421516484609?s=19,1
Padahal ia pikir aloevera hanya sebatas bagus untuk rambut dan enak dimakan oleh manusia. Ternyata bukan hanya itu. Keren sekali tumbuhan ini.,1
"Selain bagus untuk kesehatan rambut, ternyata aloe vera atau lidah buaya juga bermanfaat untuk kesehatan tubuh, lho! #aloevera",0
"(cont.) 

Maddie membuka bukunya dan mengangguk saat Sir Aaron memasuki kelas dan mulai menjelaskan materi mengenai Tanaman Aloevera / Lidah buaya.",1
"Aloevera bagus untuk kulit dan dapat menyegarkan wajah juga.

Aloevera ini sudah ada sejak ribuan tahun silam dan sering di gunakan untuk penyubur rambut, penyembuh luka, dan untuk perawatan kulit.",1
"Kalau rambut rontok atau kulit kalian kering dan lain lain, bagus untuk menggunakan aloe vera.

Apalagi dengan Aloevera yang asli tanam sendiri tanpa zat kimia yang terkandung di dalamnya.",1
Bagus untuk bulu hidung RT @LiaAlawiyahaini: Bagus untuk rambut RT Retaak_: Macam Aloevera RT LiaAlawiyahaini: Seperti lavender RT Retaak_:,1
Di masyarakat daun kelor dipercaya sebagai sarana melunturkan jimat atau susuk. Namun daun kelor juga bermanfaat untuk kesehatan lho. Apa saja ya?,0
3 Fakta Terbesar Daun Kelor yang Bermanfaat untuk Pangan dan Kesehatan! http://rviv.ly/AqVXE8,1
Terungkap Daun kelor Bermanfaat untuk Kesehatan Mata http://youtu.be/XAB1LtJ63V8?a,1
"Daun kelor mengandung Vitamin A sehingga baik untuk kesehatan mata,selain itu mengandung kalsium yang bermanfaat untuk mencegah osteoporosis",1
Daun kelor yang dulu terkenal daun untuk hal yg sifatnya mistis sekarang malah  bermanfaat untuk kesehatan,1
"Nah, kalu dipikir-pikir sangat bermanfaat juga si daun kelor mistis ini untuk kesehatan. Mau coba mengkonsumsi nggak nih guys? Pasti mau dong, kan demi kesehatan. Kalau ingin tau hal-hal menarik lainnya, pantengin terus ya http://PALA.ID ya. #United #Mourinho #PALA",1
Selain berguna untuk kesehatan sepertinya Daun Kelor satu ini bermanfaat untuk mencerahkan masa depan... Smiling face with open mouth and tightly-closed eyesSmiling face with open mouth and tightly-closed eyesSmiling face with open mouth and tightly-closed eyesSmiling face with open mouth and tightly-closed eyes,1
"Saat Demam Lebih Baik Mandi atau Tidak? Ini Kata Dokter: Tubuh demam dan menggigil, benarkah tidak boleh mand... http://bit.ly/2bzC3MA",0
Saat Demam Tidak Boleh Mandi? Begini Kata Dokter http://ift.tt/2zFGnY7,1
Saat Demam Tidak Boleh Mandi? Begini Kata Dokter: http://DokterSehat.Com– Cukup banyak orang yang… https://goo.gl/fb/AuPzdW,1
"Mandi Saat Sakit Demam Tidak Boleh Sembarangan, Begini Amannya https://hellosehat.com/hidup-sehat/tips-sehat/aturan-mandi-saat-sakit-demam/",1
Boleh Tidak Mandi saat Sedang Demam? https://bertuahpos.com/lifestyle/boleh-tidak-mandi-saat-sedang-demam.html?utm_source=dlvr.it&utm_medium=twitter,1
"Assalamualaikum sahabat Klinik Keluarga. Bolehkah saat demam mandi?. Orang yang demam boleh mandi. Mandi tidak berkaitan dengan proses demam itu sendiri.
.
Tetap disarankan mandi untuk menjaga kebersihan tubuh. Pada… https://instagram.com/p/By7Ytz_Bh9a/?igshid=1psvwk5jre1vs",1
"Krn pisang selalu membuat orang bahagiaSmirking face""
@WOWFAKTA
: Rasa Pisang dapat mengontrol suasana hati dan membantu mengurangi depresi.",1
Buah pisang memiliki kandungan serotonin yang dapat membuat orang merasa bahagia #FaktaKes,1
"Pisang mengandung tryptophan, sejenis protein yang akan diubah tubuh menjadi serotonin. Serotonin dapat membuat kalian lebih santai, memperbaiki mood kalian, dan secara umum membuat kalian merasa lebih bahagia. 
#aetratangerang #aetra #tangerang #infoaetra #tipsaetra",0
"Jalani setiap aktivitas kamu ditemani dengan rasa manisnya Pisang Cavendish yang dapat membuat bahagia! Jangan lupa juga untuk selalu tersenyum secerah warna buah-buahan dari Sunpride ya, Fruitaholic :) #buahpastisunpride",1
"Mengkonsumsi pisang atau alpukat dapat membantu menenangkan pikiran, membuat kita merasa lebih bahagia dan bebas stress!",1
Pisang ini bisa memancing mimpi indah karena dapat meningkatkan mood bahagia dan membuat saraf lebih rileks loh :),1
"Pisang mengandung triptofan dan vitamin B6, yang dikenal dapat membuat yang memakannya merasa bahagia.",1
"""Natal gini banyak permen coklat dimana-mana, tapi takut bikin gemuk"". Faktanya, Coklat bisa menaikkan mood kamu secara drastis, lho! Gimana bisa?

yuk cek di https://riliv.co/rilivstory/coba-makanan-untuk-mood-booster/",0
"Coklat? Coklat bisa menaikkan mood ㅋㅋㅋ RT 
@JungNicolee
: boleh :) hehhehe RT TheKHUNJURING: JungNicolee /puk2/ mau cappucino hangat?",1
saran something yang bisa bikin mood naik dong? amblas bet mood gua hari ini.,1
Coklat terbukti bisa menaikkan mood kak hehe,1
"Katanya makan coklat bisa menaikkan mood,tp sama aja ini",1
"#nontonLipstikTV rasanya seperti coklat yang bisa menaikkan kadar mood seseorang.Lebih tepatnya mengurangi rasa badmood seseorang 
@LipstikTV",1
"Retweet ""
@aryabening
: Semoga coklat ini bisa menaikkan mood yang sedang gundah gulana gulita..""",1
"6 Manfaat Masker Teh Hijau untuk Kesehatan Wajah, Makin Cerah: Manfaat masker teh hijau sudah terbukti ampuh dalam mengatasi berbagai permasalah yang ada dikulit bagian wajah.",0
"Wow, Pevita Pearce Pakai Teh Hijau untuk Masker Wajah: Menurut aktris Pevita Pearce, merawat diri dengan cara ... http://bit.ly/20f2SrK",1
"Masker yang bagus untuk muka kusam. Apaya kira kira? — Teh hijau bagus,innisfree yg sheet mask",1
"6. Masker
Nahh ini dia kayanya yg paling berperan untuk mudarin bekas jerawatku._. untuk masker dulu aku rutin pake DIY masker oatmeal+kunyit+teh hijau. cara buatnya emg  agak ribet tp mantulll:"")",1
Khasiat Teh Hijau untuk Wajah dan Rambut: Teh hijau juga bermanfaat untuk merawat kecantikan alami. Anda bisa membuat masker teh untuk...,1
[VIDEO] Tanya Dokter: Benarkah Oatmeal Baik Untuk Jantung? http://dlvr.it/RlwJFf #vlix,0
"Ikan segar dan oatmeal murni baik untuk dikonsumsi penderita sakit jantung. Sementara itu, baiknya menghindari makanan tinggi lemak dan kolesterol. Berikut daftar selengkapnya. https://bit.ly/3n4tLiY #CNNIndonesia",0
AHHH HARUSNYA DR DULU KITA RAJIN MAKAN OATMEAL RIN BAIK UNTUK JANTUNG <////3 YEOSANG BIKIN PUSING. makasih udah taggggg aku!,1
"Selain baik untuk jantung, sarapan oatmeal juga bisa membuat kamu kenyang lebih lama loh! Yuk, coba memasak oatmeal untuk sarapan hari ini!

https://review.bukalapak.com/food/ini-dia-cara-memasak-oatmeal-untuk-sarapan-sehat-yang-praktis-dibuat-47475",1
"Smoothie Oatmeal Pisang yang baik untuk kesehatan jantung anda, saksikan videonya https://goo.gl/FpLfNp",1
"oiya, oatmeal juga baik untuk kesehatan jantung kamu lho, jangan lupa didukung dgn sedikit jalan pagi ya, seperti mengejar kereta pagi :p",1
"#tahukahkamu Bubur gandum/oatmeal
Oatmeal merupakan salah satu jenis makanan yang sangat baik dikonsumsi untuk menjaga kesehatan jantung",1
"Bingung Gimana Bisa Bikin Kulit Cantik dan Putih, Ternyata Susu Beruang Bisa Lho, .. http://manadokota.com/?open=content&id=657",0
Susu Beruang Bisa Bikin Kulit Putih? Benarkah? https://ift.tt/2KWsOcN,1
"Cara Mėmbuat Kulit Tubuh Putih 1000% Work, Mėmutihkan Badan Mėmakai Susu Bėruang, Tėrnyata Bisa Lho, Bėgini Caranya?! https://inspirasi-suster-cantik.blogspot.com/2018/02/cara-membuat-kulit-tubuh-putih-1000.html?m=1",1
"INi niih Yg Lagi VIRAL
Sabun Bamboo Vs Susu Beruang Panda face
Kenapa suntik Pemutih ?? Kalo Ada Yg Aman & Gk Ada Efek Sampingnya bisa Bikin kulit Kita Kinclong ....
Suntik Putih Bahaya Gess ??
Cuzz Order Ok hand
Sabun... https://facebook.com/100002486359280/posts/2130848580341333/",1
"Masker susu beruang sama masker kopi, buat yg pingin kulit cerah, putih mantul banget, murah juga bisa bikin di rumah, jg kulitnya sensitif sama bahan kimia bisa pake jugaa, Cinta banget lah sama masker ini",1
"Pun putihnya haha 
@RasAjijoh
: Minum susu beruang, barangkali bisa bikin kulit putih",1
"Kalau aku susunya aku taro kapas trus usapin ke muka, kalau kopi aku campurin air Mawar, madu sama bubuk kunyit kalau ada, di gosok pelan dulu baru di diemin",1
"12 Manfaat Asam Jawa bagi Kesehatan, Baik untuk Jantung",0
"Asam Jawa baik untuk kesehatan dan ampuh menyembuhkan penyakit, apa saja? https://mandrigunawanberita.wordpress.com/2020/06/15/asam-jawa-baik-untuk-kesehatan-dan-ampuh-menyembuhkan-penyakit-apa-saja/",1
Asam jawa memiliki sejumlah manfaat yang baik untuk tubuh dan kesehatan.,1
Padahal Asam jawa ini jg memiliki byk manfaat baik untuk kesehatan dan kecantikan. Keampuhannya mampu meredakan penyakit ringan maupun berat,1
8 Khasiat Asam Jawa Untuk Kesehatan | Alami Lebih Baik http://goo.gl/fb/cLbOS3,1
"Kunir asem merupakan perpaduan antara kunyit dan asam jawa dari rempah-rempah pilihan lainnya yang banyak menyimpan khasiat baik untuk kesehatan tubuh.

Selengkapnya baca artikel di:
https://gantari.id/luar-biasa-manfaat-jamu-kunir-asem-bagi-kesehatan-tubuh/",1
"Ungkap 6 khasiat asam Jawa bagi kesehatan!

Asam Jawa adalah buah yang memiliki berbagai kegunaan, baik untuk... http://fb.me/6AnUdS0J3",1
Air mawar emang terbukti punya khasiat untuk merawat kesehatan kulit. Begini cara menggunakannya.,0
4 Manfaat Air Mawar untuk Kesehatan Kulit dan Rambut https://lifestyle.okezone.com/read/2021/03/14/481/2377537/4-manfaat-air-mawar-untuk-kesehatan-kulit-dan-rambut?utm_source=dlvr.it&utm_medium=twitter,1
"Bisa jadi pengganti parfum, air mawar pun ampuh untuk jaga kesehatan kulit. Gimana caranya?",1
"Air mawar memiliki berbagai manfaat untuk kesehatan kulit, termasuk menenangkan kulit yang iritasi dan membantu menyamarkan tanda-tanda penuaan.",0
Tak Hanya Untuk Kecantikan! Ini 10 Manfaat Menakjubkan Air Mawar Untuk Kesehatan Tubuh,1
"5 Manfaat Air Mawar Untuk Kesehatan Anda https://indeksnews.com/5-manfaat-air-mawar-untuk-kesehatan-anda/ lewat 
@Indeks
 News",1
"Manfaat Menakjubkan Air Mawar untuk Kecantikan dan Kesehatan, Seperti Ini Caranya Supaya Hasilnya Maksimal",1
"Kalau mentimun dibuat minuman gimana Dok 
@dr_Phaidon
 ? Bisa mencegah hipertensi? #SalamSehat",0
"chocolate shakeny kopibaba mgkn ;p “
@siitiikaa
: Selain belimbing dan timun, yang bisa membantu menurunkan tensi apa lagi?”",1
"sakjane buah sebangsa timun suri bisa  menurunkan tensi, semangka timun dll",1
"Dok, apakah sdh ada penelitian klinis yg membuktikan bahwa timun bisa menurunkan tekanan darah tinggi atau bahkan membuat drop tensi bagi penderita tekanan darah rendah? Tks sblmnya.",1
Bisa banget.. smoothie timun .. bisa dikombinasi dengan semangka Watermelonsama bagian putihnya semangka ..jika ingin rasa manis..keduanya sama sama berkhasiat membantu menurunkan tensi secara alami..,1
"""
@CDO_2
: Timun dipercaya bisa menurunkan tensi, jadi kalo mau marah-marah jangan lupa sambil makan timun yah #tipsCD """,1
Sekarang tau kalau timun bisa menurunkan hiper tensi,1
"8.)Mengapa demikian?karena Seledri akan melepaskan zat nitrit yang berbahaya, yang bisa beracun bagi tubuh #isehat",1
"Maaf nder tp makanan kaya ayam, jamur, seledri, kentang, dan beberapa jenis lainnya merupakan makanan yg ga boleh dipanasin ulang, nanti susunan kimianya berubah mjd berbahaya, ada yg jd karsinogenik juga. Sedih ya, dahal ak juga suka yg praktis2 gini Loudly crying face",1
"Berikut Ini makanan yang berbahaya bila dipanaskan kembali sampai berkali - kali :
1. Seledri atau bayam
2. Jamur... http://fb.me/4ZyBru1cH",1
"#CoffeeBreak
5. Hindari memanaskan makanan lebih dari 1x krn bs mengeluarkan zat berbahaya. Apalagi masakan yg terbuat dari daging.
Hal yg tdk kalah penting adalah mengetahui jenis makanan yang boleh dan nggak boleh dipanaskan lagi (bayam,seledri, jamur) | https://bit.ly/2TFUNQz",1
"Khasiat seledri selanjutnya yaitu dipercaya dapat mengurangi kolesterol jahat. Penelitian menunjukkan bahwa hanya dua batang seledri sehari yang dikonsumsi, itu dapat mengurangi kolesterol yang berbahaya bagi tubuh 
@FitRadioNetwork
 ",1
"Diet tinggi seledri, chicory & barley bmanfaat bagi penderita penyakit hati krn dpt mengurangi jumlah penumpukan lemak berbahaya di dlm hati",1
"Gerakan Minum Jus Seledri, Tidak Berbahaya tapi Bisa Menyesatkan https://ift.tt/2ljgxUq",0
Manfaat Diet Makan Yogurt Juga Bagus Untuk Kesehatan,0
"Alpukat punya kandungan lemak baik yg mana bagus untuk tubuh dan saat diet, apalagi dimakan saat sarapan. Tapi jgn kamu tambahin dgn pemanis/susu/creamer/yg lainnya krn bahan2 itu yg bikin naik bb. 
Yogurt pun sama baiknya. Jd semua tergantung bagaimana cara kamu mengkonsumsinya.",1
"Betul member aku cakap tak sedap Rolling on the floor laughing
Tapi bagus untuk diet 
Dah lama tak makan yogurt kan
Telan saja laaaa Grimacing face",1
"yogurt cimory original ini bagus untuk diet nggak sih? aku makannya sih per 100 ml aja jadi cuma 100 kalori per 1x konsumsi. tapi rasanya menurutku manis, jd takutnya tinggi lemak atau gmn. udah baca informasi gizi tp kurang paham. infonya dong guis makasiihh",1
Hati-hati Terhadap Peredaran Pembalut Berbahaya Yang Mengandung Zat Pemutih: http://DokterSehat.Com – Pembalut ... http://bit.ly/1HjHFju,1
Kemaren heboh pembalut n pantyliner yg berbahaya mengandung pemutih... Hari ini udah rame TL kalo kemenkes bilang... http://fb.me/7mnowVmTK,1
Waspada Peredaran Pembalut Berbahaya Yang Mengandung Zat Pemutih! http://mdk.to/0BGs-gab,0
"Selain itu, pembalut sekali pakai juga ada yg mengandung zat2 berbahaya yg bisa bikin kanker serviks, misal pemutih. Fyi, jumlah kasus kanker serviks di Indonesia ada di peringkat 2 dunia loh :(",1
"Pembalut setipis ini?? Ini untuk maxi lohhh, bisa nampung banyak walau lagi banyak2nya.. 
Yang jauh lebih penting, terbuat dari bahan2 pilihan, 100% cotton bebas pemutih dan zat berbahaya, tapi justru mengandung... https://facebook.com/1088892586/posts/10214194861320684/",1
"""Dioksin ini adalah zat kimia yang berbahaya. Dia berfungsi sebagai pemutih barang bekas dan dapat menyebabkan kanker serviks.""

""Memang sih di semua pembalut belum tentu mengandung Dioksin. Tapi kita tetap harus selekt",1
#NEWS YLKI: ada sembilan merek pembalut di Indonesia yg mengandung zat berbahaya salah satunya klorin atau pemutih http://bit.ly/1J3oyf1,1
Bagaimana sebenarnya fakta di balik klaim cuka apel untuk diet?,0
Cuka apel diyakini memiliki banyak manfaat untuk kesehatan dan kecantikan. Bahkan juga digunakan dalam program diet. Bunda tertarik mencoba?,1
"Kaya Manfaat, Ini 11 Khasiat Cuka Apel untuk Wajah, Kecantikan, dan Diet",1
Fess manfaat cuka apel untuk diet apa sih? Terus gunainnya gimana? Pake merk ini bisa gak untuk diet? Sorry banyak tanya Face with tears of joy,1
"Manfaat cuka apel untuk kesehatan sendiri sudah lama diketahui dan terbukti di beberapa penelitian. Sebagai contoh cuka apel bisa membantu menurunkan kolesterol hingga membantu diet.
http://amp.gs/RBBq",1
"#Repost 
@tyamihoo

• • • • • •
Ini dia rahasia tubuh ideal aku, untuk membantu diet aku lebih mudah, setiap hari ak mengkonsumsi apple cider vinegar/ cuka apel. Cuka apel dr 
@verdurebali
… https://instagram.com/p/BusOSeeg4C3/?utm_source=ig_twitter_share&igshid=438rjti8rfi2",1
"36 Manfaat Cuka Apel Tahesta Untuk Pengobatan, Kecantikan dan Diet: Manfaat Cuka Apel… https://goo.gl/fb/mt76Ap",1
"Tak hanya telur setengah matang, telur mentah pun berbahaya bagi kesehatan ibu hamil",0
"DUH, TERNYATA MAKAN TELUR SETENGAH MATANG ITU BERBAHAYA

Tahukah Anda ternyata mengonsumsi telur setengah matang ternyata berdampak buruk dan berbahaya bagi kesehatan.",0
Telur Setengah Matang Baik untuk Dikonsumsi?: Mengonsumsi telur setengah matang cukup berbahaya bagi kesehatan. http://bit.ly/122uzFG,1
Mengonsumsi telur setengah matang cukup berbahaya bagi kesehatan.,1
"@LouisaChrista
 WKWKWK ""
@JustCLS2
: Mengonsumsi telur setengah matang cukup berbahaya bagi kesehatan.""",1
Mengapa telur setengah matang bermanfaat namun berbahaya bagi kesehatan ? Telur memang sumber protein yang sangat... http://fb.me/ZwHq8J3O,1
"[Kontroversi]: Telur Setengah Matang, Apakah Bermanfaat atau Berbahaya Bagi Kesehatan...? http://nblo.gs/ZiF97",1
"Ternyata Berbahaya, Benih Sawi Putih Impor Korsel Dimusnahkan",0
Bakteri berbahaya ini yang ditemukan BB Karantina Kemenkes RI pada sawi putih impor https://sumbar.antaranews.com/berita/221706/bakteri-berbahaya-ini-yang-ditemukan-bb-karantina-kemenkes-ri-pada-sawi-putih-impor#.Wp8OuqnsS4k.twitter,0
"agak jengkel deh... cuma gara2 diketahui pada jamur enoki terdapat bacteria genus Listeria lgsg heboh

Ditariklah dari peredaran, ada yg ngomong untung ga knp2 karena abis makan

Sekalian aja sawi putih ditarik juga, kan mereka berdua sama... berbahaya kalo MENTAH",1
tahukah kalian Pantauan KPKP DKI Jakarta sayur yang mengandung residu pestisida berbahaya adlh sawi putih dan kol//mediaindonesia,1
"Round pushpinBOGOR
Tertangkap 4 org PETANI CINA sengaja menanam CABE mengandung BAKTERI BERBAHAYA utk merusak pertanian 🌶Flag of Indonesia dg kerugian sekitar 45 MILYAR.
Tidak hanya menyita bibit 🌶 BAKTERI BERBAHAYA,juga ditemukan bibit Daun Bawang dn Sawi Hijau yg juga berbahaya https://twitter.com/autumnove/status/1257636058075770883/video/1",1
"Kedua, sbg insektisida nabati. Ngga mau dong kita makan makanan dari produk yg ketika perawatannya menggunakan insektisida yg berbahaya?

Lumowa pd thn 2017 membuktikan bahwa cabe lempuyang bs digunakan utk membasmi hama pada tanaman sawi.",1
"Benih sayur tsb berpotensi bw OPTK yg berbahaya. Setidakny ada 3 virus, 6 bakteri, 4 cendawan & 3 jenis biji gulma yg dpt terbawa. Contoh gol. bakteri Pseudomonas syringae pv maculicola yg bs serang lebih dr 25 species tanaman dlm famili Brassicaceae (sawi-sawian) #BenihIlegal",1
"Ga mauuu. Nanti tambah gendut RT @shakiraAlatas
: RT @korantempo
: Jusuf Kalla Ingin Donor Darah Menjadi Gaya Hidup http://bit.ly/bqeRbf",1
"Katanya habis donor darah itu bisa menjadi gendut y??, ada gk buktinya??""",1
"Konon katanya bikin gemuk ... T @bloodforothers
: BFO'ers ada mitos mitos apa lagi ya yg menyebabkan kita males donor darah?",1
Katanya jadi gemuk dan subur ya aku sih enjoy aja@bloodforothrs: BFO'ers ada mitos mitos apa lagi ya yg menyebabkan kita males donor darah,1
"Jadi donor darah itu menyebabkan kita tambah gemuk?? (˘_˘"") http://myloc.me/rQgfD",1
"""Seseorang yang gemuk itu karena pola makan bukan karena donor darah,"" kata Dr. Ari saat diwawancarai Liputan6.com, seperti ditulis Jumat (14/6/2013)",0
"Mau emg gendut? o:) RT @Inovinda
: Aku ga gendut gendut ningan :-(RT @ellanolaela: Donor darah ga rutin bisa menyebabkan kegemukan? Masaa? :/",1
"""Habis makan daging kambing suka pusing identiknya dengan tekanan darah naik. Jadi orang takut makan daging kambing. Jadi sebenarnya itu mitos. Mengonsumsi daging kambing tidak menyebabkan tekanan darah naik,"" kata dia dalam program Hidup Sehat tvOne, Kamis, 30 Juli 2020.",0
Mereka darah tinggi bukan karna makan daging dari gulai kambing tetapi darah tinggi akibat dapat kuah nya saja bukan dagingnya.,1
bakalan banyak orang darah tinggi akibat mengkomsumsi daging kambing,1
"Daging kambing kurban, banyak bikin org darah tinggi. Selain stroke, akibat nyata adalah cepat marah...",1
Mungkin beberapa hari ini banyak orang yang terserang darah tinggi akibat tingginya konsumsi daging kambing,1
"Sabtu minggu libur, senen selasa juga libur, krna darah tinggi naek akibat makan daging kambing..!!",1
"Pusing :@ Akibat daging kambing, darah tinggi gua kumat, bawaannya sensi teruss..!!",1
P+D12:F16enggunaan Monosodium Glutamat (MSG) atau perasa pada makanan yang berlebihan disebut-sebut akan menyebabkan kanker.  mitos ,0
"Lapo kown nggado micin pisan put?? keog repang æ haha RT @putrantoo
: Banyak mengkonsumsi Monosodium glutamat dapat menyebabkan kanker | yah",1
"MSG atau Monosodium Glutamat yang ada dalam bumbu penyedap makanan itu bersifat karsinogenik, dpat menyebabkan kanker..",1
"MSG, monosodium glutamat. selain penyebab kanker juga berpotensi menyebabkan hipertensi http://tmblr.co/Z3WQGwKOVRB9",1
@fkhnbin PAYAHLAH ROYCO YA MONOSODIUM GLUTAMAT JG ITU BAHAY BS MENYEBABKAN KANKER KALO DIKONSUMSI TERUS MENERUS OKAY!,1
"Banyak mengkonsumsi Monosodium glutamat dapat menyebabkan kanker | yah, namanya manusia lagi gak tahan godaan",1
"Kabar tipuan (hoax) itu bisa sekejam info Ahok masuk Islam lantaran agama yang sedang dianutnya terlalu konyol. Tipuan bertajuk “Subhanallah,,, Akhirnya Ahok Mngucapkan Dua Kalimat Syahadat. Ketua FPI Pun Meneteskan Airmatanya”",0
"Sambil menjabat tangan Ahok, dan Ahok mengucapkan dua kalimat syahadat. *bangun kro!*",1
Lihat Ini Rekaman Ahok Mengucapkan Dua Kalimat Syahadat. Ketua FPI Pun Meneteskan Airmata - http://hiburan24.id/2016/11/25/513/,1
Berita Terbaru Hari Ini 2 Februari 2016 - Ketika AHOK Mengucapkan Dua Kalimat Syahadat: http://youtu.be/sd_k_GSNyBY?a via @YouTube,1
Ketika AHOK Mengucapkan Dua Kalimat Syahadat: http://youtu.be/cTYyHvFLjps?a melalui @YouTube,1
Heboh! Ahok Terima Hidayah Satu Langkah Mengucapkan Dua Kalimat Syahadat https://youtu.be/abR-xJe_teU lewat YouTube@,1
"MENGEJUTKAN, Ini dya Video Ahok Mengucapkan Dua Kalimat Syahadat. Ketua FPI Pun Meneteskan Airmata http://fb.me/1z92p9nW2",1
"""Juice Daun Pepaya Untuk Obat Demam Berdarah"" terbukti dapat menaikkan trombosit *for serious info by email http://myloc.me/bPXPD",1
Juice Daun Pepaya Untuk Obat Demam Berdarah: Berdasarkan pengalaman dari seorang anak laki-laki yang telah sembuh ... http://bit.ly/d915x8,1
#teamfollowback #teamfollowback Juice Daun Pepaya Untuk Obat Demam Berdarah http://chilp.it/731711 #teamfollowback #501aday,1
Juice Daun Pepaya Untuk Obat Demam Berdarah http://goo.gl/fb/odcjM,1
Juice Daun Pepaya Untuk Obat Demam Berdarah http://bit.ly/bgWlwF #kaskus,1
"Juice Daun Pepaya Untuk Obat Demam Berdarah"" telah dibuktikan oleh sejumlah orang dan telah dibuktikan oleh para peneliti",1
Narasi daun pepaya sebagai obat Demam Berdarah Dengue (DBD) merupakan narasi yang tidak tepat.,0
"Tunjangan Profesi Guru Dihapus, Jokowi Dinilai Ingkar Janji http://kabar24.bisnis.com/read/20150929/",1
Widadi : Jika Tunjangan Profesi Guru Dihapus Guru Makin Tersiksa http://goo.gl/Ogk0Hy via @BeritajatengNet,1
Simak Hasil UKG Buruk Tunjangan Profesi Guru Dihapus: Hasil UKG bisa memengaruhi Tunjangan Profesi Guru (TPG).... http://bit.ly/1QgnIka,1
"Tunjangan Profesi Guru Dihapus, Pemerintah Sengaja Langgar UU http://sin.do/CtmQ",1
"Tunjangan Profesi Guru Dihapus, Jokowi Dinilai Ingkar Janji | http://BogorUpdates.com",1
"Tunjangan Profesi Guru Dihapus, Pemerintah Sengaja Langgar UU: Anggota Komisi X DPR Teguh Juwarno menyatakan T... http://bit.ly/1iGFWQt",1
"Ketua Umum Pengurus Besar Persatuan Guru Republik Indonesia (PGRI) Sulistiyo mengatakan, menjelang Pemilu Presiden 2014, Joko Widodo berkunjung ke Kantor PB PGRI. Ketika itu Jokowi berjanji bahwa TPG tidak akan dihapus, bahkan akan ditambah.",0
#Berita #Terkini Beredar Kabar Guntur Soekarno Putra Meninggal Dunia  : Ayah mertua Puti Gun... http://bit.ly/1p6Hnv5 via {Tempo} #News,1
"Guntur Soekarnoputra Dikabarkan Meninggal Dunia: JAKARTA – Putra sulung proklamator Kemerdekaan RI Soekarno, G... http://bit.ly/1QiH3A5",1
Beredar Kabar Guntur Soekarno Putra Meninggal Dunia: Ayah mertua Puti Guntur Soekarno Putri yang meninggal dunia. http://bit.ly/1p6Hnv5,1
[Tempo] Beredar Kabar Guntur Soekarno Putra Meninggal Dunia http://bit.ly/1p6Hozl #berita,1
"setelah melakukan konfirmasi melalui sekretaris pribadi Puti Guntur Soekarno Putri, yakni Nani Kusumawardhani, kabar tersebut tidaklah benar adanya",0
Monumen yang diresmikan di TMII adalah Monumen Perjuangan Laskar Tionghoa dan Jawa menentang VOC Belanda tahun 1740-1743. Monumen itu tidak ada hubungannya dengan Po An Tui.,0
"Rudy Razi: ""HANYA DI ERA JOKOWI, PENGHIANAT BANGSA DIMULIAKAN"" Dalam peresmian monumen Po An Tui di TMII, Sabtu... http://fb.me/4qE939Imm",1
"Hanya Di Era Jokowi"" peresmian monumen Po An Tui di Taman Mini Indonesia Indah (TMII), Me",1
Milisi China Po An Tui Pembantai Pribumi Dibuatkan Monumen di TMII Berita Nasional. Dalam peresmian Monumen Po... http://fb.me/8l4g95R0O,1
Ngapain pula laskar Po An Tui dimasukkan sbg salah satu gerakan pejuang pro Republik dalam peresmian monumen perjuangan tionghoa di TMII,1
Aneh! Milisi China Pembantai Pribumi 'Po An Tui' Malah Dibuatkan Monumen di TMII: ilustrasi Dalam peresmian Monumen… http://dlvr.it/KZxKR3,1
"Dalam peresmian monumen Po An Tui di Taman Mini Indonesia Indah (TMII), Mendagri Tjahjo Kumolo mengatakan bahwa... http://fb.me/5PwHDBL9B",1
"I search for kod babi pada makanan. And found the list. And the codes ada dekat cadburry, aiskrim magnum, jelly candies. Urgh.",1
Kod Babi Pada Makanan - Penting Untuk Umat Islam: http://wp.me/pvWQF-31O,1
Kod Babi Pada Makanan. Saya mohon kepada semua umat Islam untuk memeriksa terlebih dahulu bahan-bahan produk yang... http://bit.ly/9glKGc,1
Sila beri penjelasan dan penerangan bagaimana untuk mengetahui kod yg mempunyai Dna Babi pada makanan.,1
KOD BABI pada makanan: petikan drpd WEB.. Salah seorang rakan saya bernama Syeikh Sahib bekerja sebagai pegawa... http://bit.ly/1aRmskD,1
Kode E tidak dapat mengidentifikasikan bahwa bahan tersebut mengandung babi.,0
Pengangguran sdh habis rupanya ya shg bakal keluar aturan kayak gini: Jokowi Siapkan Perpres Demi Permudah Tenaga Kerja Asing http://kom.ps/AFyTg1,1
"Intinya semua akan ditata dengan prinsip dasar. Yang pada dasarnya boleh masuk harus dipermudah. Yang tidak boleh masuk misalnya, pekerja kasar, jangan sampai masuk,” kata Hanif.”",0
Ku melihat pintu pengangguran terbuka lebar. Jokowi Siapkan Perpres Demi Permudah Tenaga Kerja Asing http://kom.ps/AFyTg1,1
Jokowi Siapkan Perpres Demi Permudah Tenaga Kerja Asing - http://Kompas.com https://fb.me/PWFShQaM translate tweet,1
Jokowi Siapkan Perpres Demi Permudah Tenaga Kerja Asing - http://Kompas.com https://fb.me/Jc8JgQLJ,1
Jokowi Siapkan Perpres Demi Permudah Tenaga Kerja Asing - http://Kompas.com https://fb.me/1LOMbKedJ,1
HTI Batalkan Acara International Khilafah Forum 1438 H http://dlvr.it/NyZsGT,1
lensaindonesia: Acara ‘International Khilafah Forum 1438 H’ HTI di Jakarta tak dapat izin polisi http://lensa.in/NyRQlt via lensaindonesia,1
#acara¸HTI¸Metro Jaya¸Polda¸tak dapat izin¸ International Khilafah Forum 1438 H Oleh HTI Tak Men... http://myeffecto.com/r/11aen_tp,1
beredar bahwa karena alasan teknis acara 'International Khilafah Forum 1438 H' yang semula digelar di Balai... http://fb.me/1HIjCYEMO,1
Acara ‘International Khilafah Forum 1438 H’ HTI di Jakarta tak dapat izin polisi http://lensa.in/NyRQlt via ,1
Pusat Penerangan TNI melalui Twitter-nya menyatakan International Khilafah Forum 1438 H yang rencana diadakan malam ini di Balai Sudirman adalah hoax.,0
"“Lamanya proses pembebasan lahan wakaf, sambung dia, karena proses yang tidak mudah. Untuk membebaskan lahan wakaf, BPN harus melakukan inventarisasi, menaksir harga, lalu mencari tanah pengganti. Selain itu, pembebasan tanah wakaf juga harus minta izin Menteri Agama.”",0
Proyek Tol Semarang-Batang Robohkan 164 Masjid dan Masih Bermasalah http://berita360.com/proyek-tol-sem,1
Proyek Tol di Jawa Tengah Robohkan 164 Masjid http://fb.me/79IpDrKen #MCA,1
"Pembebasan Lahan Era Sekarang ?Wajib dpt ganti & musyawarah, duh... : Proyek Tol Robohkan 164 Masjid https://goo.gl/fb/348P68",1
"Duh!! Tanpa Anda Sadari, Proyek Tol di JaTeng Robohkan 164 Masjid!! @jalanislam@duniaislam",1
IRONIS. Proyek Tol Robohkan Ratusan Masjid dan Masih Bermasalah - http://NusantaraKini.com http://nusantarakini.com/2017/07/11/iro,1
"Melansir dari tribunnews.com, diketahui jika informasi tersebut tidak sesuai dari fakta alias HOAX",0
"""Saya sudah titip ke Pak Johnny, bahwa Facebook ditutup dan kita akan bikin sendiri. Kalau Cina bisa, kenapa Indonesia tidak bisa,"" kata Gubernur Nusa Tenggara Timur Viktor Laiskodat. http://ow.ly/8XFQ30pNqiJ",1
Denger kabar facebook akan ditutup langsung otw kesini #HariJadiTwitterSaya,1
"Masa bodoh Facebook akan ditutup,yang penting adalah... #2019GantiPresiden ",1
"Dikatakan: ""Facebook Akan Ditutup Pemerintah."" Tutup, tutup aja. Nanti juga dibuka lagi. #KedaiBukuIslami",1
"Facebook Indonesia Akan Ditutup??? Kalau nantinya facebook akan ditutup, santai aja bro ngga masalah mau semua medsos ditutup karena medsos adalah sarana saja",1
"Selasa, 24 April 2018 pukul 00.00 Facebook akan ditutup Untuk Indonesia",1
TKA Harus Nyaman Tinggal di Sini Dengan Gaji Tinggi”,0
Itu gak masalah yg penting TKI keluarnegri gajih besar besar. TKA.datang ke dalam negri ....sama dan wajar Samahubungan internasional memang begitu wajar.,1
"Tuh... Bego, bukan.. Gaji tinggi itu di sini.. Di sana tetap gaji rendah. Makanya orang sana tdk mau kerja disektor itu, sementara TKI msh mau.. Rendah, kan..?? Beda dgn TKA di sini, mrk digaji lebih tinggi dr orang lokal. Kita tetap direndahkan..",1
"Sungguh biadab pekerja kita dikapal ikan China hanya di gaji 1,7juta setahun,jam kerja s/d 20 jam sehari dan ktika sakit mniggl dibuang ke laut dgn upacara Konghucu. Sdngkan TKA China di Indonesia dbri gaji tinggi dgn ke istimewaannya saat PSBB bisa msk.Ada apa?",1
TKA China RRC Komunies Di Gaji Tinggi Di NKRI Sementara Rakyat Sendiri Di Suruh Jd Ojol ..,1
"Subsidi untuk rakyat di ploroti, TKA kuli di gaji Tinggi. Bener apa keblinger yg buat kebijakan ini ?",1
"Pajak STNK, BPKB 300%, BBM naik Rp.300, 18rb pribumi di PHK, TKA china dikerjakan dgn gaji tinggi, pak pres sehat?",1
"Selamat datang TKA China, silahkan kerja di Nusantara dengan gaji tinggi, biar kami yang sabar",1
"Begitulah semboyan nya Kerja.. kerja .. kerja.. tapi di PHK massal?? Anehnya TKA CHINA banyak dpt kerja di tambang tanah pribumi dgn gaji tinggi alasan tenaga ahli ( tau tenaga ahli tukang LAS ) ,,",1
BMKG menyatakan bahwa berita yang beredar tersebut adalah berita daur ulang yang sudah pernah diterbitkan pada 20 Juni 2017 lalu,0
Yuk go Green! Ngeri sumpah.. Indonesia Akan Didera Gelombang Panas Mematikan http://p.dw.com/p/2ezek?tw via @dw_indonesia ,1
"Heboh Gelombang Panas Mematikan di Indonesia, Ini Kata BMKG Kabar mengenai serangan gelombang panas mematikan itu pertama kali muncul di laman Deutsche Welle (DW) dengan judul Indonesia Akan Didera Gelombang Panas Mematikan. Benarkah?... https://goo.gl/ShJC9D",1
"Duh, panas banget udara beberapa hari ini. Indonesia Akan Didera Gelombang Panas Mematikan http://p.dw.com/p/2ezek?tw lewat @dw_indonesia",1
Indonesia Akan Didera Gelombang Panas Mematikan | Iptek | DW | 20.06.2017 http://snip.ly/6td8d,1
Satu Harapan: Indonesia Akan Didera Gelombang Panas Mematikan http://satuharapan.com/read-detail/read/indonesia-akan-didera-gelombang-panas-mematikan lewat @1harapan,1
Indonesia Akan Didera Gelombang Panas Mematikan | Iptek | DW | 20.06.2017 http://fb.me/31bGKcKGh,1
I just published “Indonesia Akan Didera Gelombang Panas Mematikan” https://medium.com/p/indonesia-ak,1
"Rokok juga mengakibatkan kanker RT @allzarr : Pasta gigi dengan fluoride bisa menyebabkan kanker, wow",1
Ga ush sikatan? Ato pake bahan organik alami? RT @chrieezzz: #FYI Fluoride di odol ternyata karsinogenik yg bisa menyebabkan kanker..,1
"Yg bkin seremnya fluoride bisa menyebabkan kerapuhan pada tulang, mengubah kekuatan dan struktur tulang, bahkan bisa menyebabkan kanker",1
RT @ritarookie RT: @chrieezzz : #FYI Fluoride di odol ternyata karsinogenik yg bisa menyebabkan kanker.jd klo sikat ... http://tmi.me/v2Nb4,1
"#FYI Fluoride di odol ternyata karsinogenik yg bisa menyebabkan kanker..jd klo sikat gigi kumur mpe bersih, jgn ditelen..",1
"Pasta gigi dengan fluoride bisa menyebabkan kanker, wow",1
"Fluoride, pada dosis yang cukup, bisa sangat bermanfaat bagi tubuh.",0
Hitler kabur ke Indonesia. Gajah Mada beragama Islam. Jakarta kota Freemason. Masjid berornamen segitiga = Illuminati. ,1
"Disaat kelen ngedebatin patih gajah mada (gaj ahmada) beragama islam, team akatsuki lagi sibuk-sibuknya bakti sosial https://pic.twitter.com/ko610JJ4yb",1
Teroris gak beragama tapi gajah mada dianggap islam wkwkwkwk,1
"candi BOROBUDUR diklaim peninggalan nabi SULAIMAN, mahapatih GAJAH MADA diklaim beragama Islam... kini pahlawan emansipasi RA KARTINI diklaim memakai hijab :)) #Kelakuan",1
Tak aneh jika Gajah Mada beragama islam Sebab dari sononya udah keblinger dan bertujuan menjajah.,1
"Jangankan gajah mada, patimura sedangkan ibrahim juga beragama islam",1
Baru tau aku...ternyata gajah mada beragama Islam...,1
neh ya tadinya ga gitu percaya sama ibu ibu yg percaya bahwa gajah mada itu beragama Islam dan bernama gaj Ahmada...1,1
Masyarakat Nusantara harus cerdas dalam menangkap informasi yang tidak jelas latar kesejarahannya dengan berbagai bukti yang melingkupinya.,0
Amien Rais terima uang Rp 600 juta. Itu belum membuktikan dia korupsi. Saya mau katakan itu. Praduga tak bersalah itu penting. Kok marah2?,1
Sebarkan..!! Amien Rais Terima Uang Rp 600 Juta Dalam Korupsi Alkes Kementerian Kesehatan Tahun 2005 http://beritaterheboh.com/2017/05/sebark,1
"Gusdur Pasti Tertawa Terbahak Bahak Baca Berita Amien Rais Dapat Jatah Uang Korupsi cuma rp 600 juta, nanggung... http://fb.me/vzsUCNcs",1
Woy sengkuni gmn dgn 600 juta dri korupsi @KemenkesRI Amien Rais: Tuduhan Pornografi Rizieq Tak Ada Seperseribu Kasus Alexis http://bit.ly/2BHVMaC,1
"Mengejutkan, Amien Rais Disebut Terima Uang Korupsi Mantan Menkes Siti Fadilah Rp 600 Juta.",1
Amien Rais Akui Korupsi 600 Juta Lalu Berharap Rakyat Memaafkan https://babatpost.com/2017/06/03/483,1
#TuitBatam WADUH! Amien Rais Disebut Menerima Uang Rp 600 Juta Dalam Korupsi Alkes,1
"Bisa saja, sebentar lagi Amien Rais akan menyusul dgn Kasus Transferan 600 juta, dari Terpidana Korupsi.",1
"Pendiri Partai Amanat Nasional (PAN),Amien Rais, menjelaskan mengenai uang Rp 600 juta yang disebut jaksa KPK berasal dari aliran dana kasus korupsi pengadaan alat kesehatan dengan terdakwa mantan Menteri Kesehatan Siti Fadilah Supari.",0
"“Itu (broadcast) hoax. Bumi pada umumnya terlindung dari sinar kosmik karena adanya magnetosfer,” ucap Clara kepada detikcom.",0
Pesan Berantai Bahaya Sinar Kosmik yang Melewati Bumi Malam Hari ,1
Pesan Berantai Bahaya Sinar Kosmik yang Melewati Bumi Malam Hari http://fb.me/28T5mUF2w,1
Pesan Berantai Bahaya Sinar Kosmik yang Melewati Bumi Malam Hari: Beredar pesan berantai atau broadcast tentan... http://bit.ly/1PH9YQi,1
Pesan Berantai Bahaya Sinar Kosmik yang Melewati Bumi Malam Hari https://m.detik.com/news/berita/31,1
Pesan Berantai Bahaya Sinar Kosmik yang Melewati Bumi Malam Hari https://news.detik.com/berita/d-31451,1
Pesan Berantai Bahaya Sinar Kosmik yang Melewati Bumi Malam Hari http://detik.id/6JSxTW,1
Darah O itu 1. disukai nyamuk 2. Ambisius 3. Orator 4. senang menolong 5. Kekanak2an 6. Tidak total 7. Sombong?? ... #AmbilPostifnyaSahaja,1
"Ternyata Nyamuk Tidak Asal Gigit Orang, Darah O Lebih Disukai! http://bit.ly/1NvQc7P",0
"Oh tidak;( "" @WOWFakta : Golongan darah O lebih disukai nyamuk karena golongan darah O rasanya lebih manis dibanding golongan darah lainnya.""",1
"Ternyata Nyamuk Tidak Asal Gigit Orang, Darah O Lebih Disukai! http://goo.gl/fb/1he7pt",1
"Ah tidak :| "" @WOWFakta : Golongan darah O lebih disukai nyamuk karena golongan darah O rasanya lebih manis dibanding golongan darah lainnya.""",1
Jeruk Nipis/Lemon. Jeruk nipis/lemon salah satu solusi untuk menghilangkan jerawat. Campurkan perasan jeruk nipis dgn madu. Oleskan kewajah.,1
RT @VIVA_log : Menghilangkan Bekas Jerawat dengan Jeruk Lemon http://dlvr.it/Lpym4z,0
"Gorgeous ladies, mengoleskan sari jeruk lemon ke wajah dpt menghilangkan jerawat, meratakan warna kulit dan membuat kulit kamu merona :)",1
"Jeruk lemon dpt menghilangkan jerawat dan bekasnya, bintik dan flek hitam, mencerahkan kulit serta mengurangi komedo.",1
Jeruk Nipis / Lemon. Jeruk nipis atau lemon menjadi salah satu solusi untuk menghilangkan jerawat.,1
Kulit jeruk dan lemon memiliki khasiat untuk menghilangkan jerawat,1
Cara Mengolah Daun Sirsak untuk Obat Asam Urat Segera obati sebelum bertambah pa https://viva.co.id/blog/kesehatan/1099664-cara-mengolah-daun-sirsak-untuk-obat-asam-urat,0
Daun sirsak jg bs digunakan sebagai obat asam urat. Banyak pengobatan alternatif yang menggunakan daun sirsak untuk pengobatan asam urat.,1
"Mangosteen adalah jus herbal yang terbuat dari kulit manggis dan daun sirsak, obat herbal untuk mengurangi asam urat tinggi.",1
8 Manfaat Ajaib Daun Kelor untuk Kecantikan Wajah,0
"Selain ampuh untuk menyembuhkan berbagai penyakit, daun kelor juga nyatanya bermanfaat untuk menunjang kecantikan kulit.  #khasiatdaunkelor",1
Ternyata daun kelor mempunyai banyak manfaat untuk kecantikan loh sahabat muslimah! Yuk simak manfaat tanaman moringa untuk kecantikan rangkuman Muslimahdaily.,1
"Khasiat besar daun kelor untuk anak-anak. Untuk kecantikan, tulang, dan lambung juga bagus banget. Biasanya tidak dijual harus tanam sendiri.",1
"8 Manfaat Daun Kelor untuk Kecantikan, Ketahui Cara Penggunaannya",0
Ada lagi wortel.bagus untuk kesehatan mata kita. #100jutapohon#SMAN1CIKUT,1
"Tidak Hanya Wortel, Ubi Juga Bagus untuk Kesehatan Mata http://okz.me/WYax",0
VIT A banyak didapatkan dari Wortel yang bagus untuk kesehatan mata #PusatDokter,1
"Bukan hanya untuk kesehatan mata, wortel juga bagus untuk menjaga kesehatan hati karena provitamin A-nya akan diubah tubuh menjadi vitamin A",1
"Faktanya adalah wortel bagus untuk kesehatan mata, terbukti Kelinci tidak ada yg berkacamata karena banyak makan wortel",1
"Temulawak, dari Penambah Nafsu Makan Hingga Obat Maag >> http://goo.gl/TsRFxS via @liputan6dotcom",0
"Keknya salah minum jamu deh, laper mulu :( jangan jangan kecampur temulawak penambah nafsu makan",1
"ngemil nder. temenku ada juga yang minum temulawak. soalnya temulawak kan penambah nafsu makan gitu. minum itu rutin, nanti insyaallah banyak makan deh",1
"Herbal Temulawak, Penambah Nafsu Makan, Detox alami untuk liver (hati): http://forumjualbeli.co.id/women/8206-herbal-temulawak-penambah-nafsu-makan-detox-alami-untuk-liver-hati.html#.TuFvyMZZveI.twitter… via @AddThis",1
"minum temulawak, penambah nafsu makan... RT  @novitanuv : nggak milih2 mah, smwanya bkin gak napsu RT @RifkyIsnanto karena makanannya g enak..",1
"angan suka berkeringat, tanda jantung lemah? Lambung? Wow",1
RT @VIVA_log :: Telapak Tangan Berkeringat Tanda Lemah Jantung? http://dlvr.it/7B3KTD,0
Telapak Tangan Berkeringat Tanda Lemah Jantung?: Telapak tangan yang berkeringat bisa disebabkan apabila ia cemas. http://bit.ly/1sstIwM,0
"Nggak benar. ""@pandadud: bener ga sih telapak tangan&kaki srg berkeringat itu tanda jantung lemah?""",1
Wah tangan suka berkeringat tanda jantung lemah (y),1
"Singapura membuka peluang untuk melonggarkan aturan ketat pandemi Covid-19. Singapura memilih untuk berdampingan dengan Corona, anggap sebagai virus flu biasa.",0
"Singapura akan anggap covid-19 sebagai flu biasa. Ya bisa aja sih. Kalo semua masy sudah di vaksin, covid bakal jd flu biasa bagi sebagia",1
"Ini cara Singapura berdamai dengan Covid-19 dan anggap sebagai flu biasa
",1
"Cuma orang bodoh yang bandingin Indonesia sama Singapura  kadang suka gak dipake logikanya yaa, mereka kan jelas jelas udah di vaksin semua, yaa mereka jelas lah anggap Covid-19 cuma sebagai flu biasa. Minimal 80% dari total populasi sudah divaksin, lah kita aja baru 20%",1
Jokowi Minta Kampus Tak Halangi Mahasiswa Berekspresi,0
"I mostly agree with BEM UI recent postings... but not this one. The fact is that many companies i.e LG, Hyundai, etc has decided to move to Indo bcs of Omnibus Law. Investment banks like JP Morgan even stated the support. So, yeah they do bring a lot of jobs for us.",1
BEM UI Faces Cyber Attacks after Posting Jokowi The King of Lip Service,0
such a bold action coming from bem ui Flushed face,1
ending my respect for the courage of bem ui to speak up reprensenting many people including me Clapping hands sign#TheKingOfLipService,1
put my respect for BEM UI. thank you for speaking up,1
Memakan makanan pedas secara berlebihan dapat menyebabkan usus buntu. #faktapendidikan,1
"Jangan terlalu sering makan - makanan yg mengandung pedas, karena dapat menyebabkan penyakit usus buntu.",1
Mitos Jika mengosumsi makanan pedas bisa menyebabkan infeksi usus buntu.#antihoax @blogdokter @anjarisme @infosehatfkui https://health.detik.com/berita-detikhealth/d-4149233/banyak-makan-pedas-bikin-usus-buntu-ini-penjelasan-dokter,0
usus buntu ini menyebabkan aq tida bisa menikmati duniawi dengan makan makanan pedasLoudly crying face,1
"Tahukah tweeps, makan terlalu banyak asin dan pedas menyebabkan radang usus buntu? Kebanyakan makanan di Indonesia mengandung asin dan pedas",1
"Bisa Bikin Gemuk, Ada Berapa Kalori dalam 100 Gram Kerupuk? http://detik.id/6uTVWb via @detikHealth",0
"Nyemilin kerupuk mana bisa bikin gemuk , ampun deh danis",1
Ngemilin kerupuk ajadeh yg gak bisa bikin gemuk wkwkwk,1
Emang iya ya kalau banyak makan kerupuk bisa bikin badan gemuk? Confused face,1
"Katanya kerupuk sama gorengan bisa bikin gemuk. Lah, gue makan kerupuk sama gorengan setiap hari gak gemuk gemuk",1
makan kerupuk bisa bikin gemuk kalau makannya sehari satu karung,1
Tekanan Darah Tinggi Bisa Disebabkan oleh Virus http://de.tk/5wfQq via @detikhealth,0
Tekanan Darah Tinggi Bisa Disebabkan oleh Virus: Hipertensi atau tekanan darah tinggi selama ini dikategorikan p... http://bit.ly/nG1Rq6,1
Tekanan Darah Tinggi Bisa Disebabkan oleh Virus http://bit.ly/p0xsoK,1
via @DetikHealth Tekanan Darah Tinggi Bisa Disebabkan oleh Virus http://de.tk/5wfQq,1
「Tekanan Darah Tinggi Bisa Disebabkan oleh Virus」 http://bit.ly/nHnwpS #Cyber Sulut,1
2.Ubi Jalar: Ubi juga merupakan salah satu makanan yang kaya akan vitamin A yang bagus untuk kesehatan mata.,1
"Tidak Hanya Wortel, Ubi Juga Bagus untuk Kesehatan Mata http://bit.ly/2d8awG5",0
"#sukaberita Tidak Hanya Wortel, Ubi Juga Bagus untuk Kesehatan Mata: Kebiasaan bermai... http://tinyurl.com/zkyuoth http://sukaberita.com",1
"Tidak Hanya Wortel, Ubi Juga Bagus untuk Kesehatan Mata http://bit.ly/2dbc4uL",1
"Maag bisa terjadi akibat peningkatan asam lambung yang disebabkan oleh bakteri, stres dan kebiasaan menunda makan. Selama puasa harus cermat pilih makan & minum ya! #KopiSedetik #Komikstrip",0
asam lambung menggila sejak semalam disebabkan saya yg telah menjadi anak durhaka,1
Maag disebabkan tingginya kadar asam di lambung. Penyakit maag seringkali membuat seseorang bingung untuk mengkonsumsi makanan. Ini nih menu yang harus dikonsumsi. via @detikHealth,0
1 Penyakit maag disebabkan karena naiknya asam lambung melebihi batas normal,1
2. Rasa (sakit) nyeri pada #Maag disebabkan oleh rangsangan asam lambung terhadap lapisan mukosa lambung.,1
Maag disebabkan karena tingginya produksi asam lambung. Asam lambung yg adl asam kuat bs melukai lambungmu jk ada dlm kadar tinggi #AskSusan,1
"Maag disebabkan krn asam lambung yg meningkat jumlahnya,dan efek kafein antara laen adl meningkatkan asam lambung",1
4 Jenis Oatmeal yang Bagus untuk Diet,0
Fess sarapan oatmeal dan sari kacang kedelai bagus gak untuk diet?,1
"bantuin melancarkan pencernaan, jadi bagus untuk yang diet. yang harus itu pokoknya pisang, oatmeal dan susu. kalau bisa susu yang low fat.",1
Hore makan pagi pake oatmeal.. Awal yg bagus untuk diet.. :),1
"Kita semua tentunya tahu oatmeal bagus untuk diet. selain bagus untuk menghilangkan lemak jahat, oatmeal juga bisa menghilangkan kolestrol",1
Heal! Oatmeal sebagai penganti nasi bagus ga untuk diet? Trs makan nya bisa pake lauk gtu ga?,1
"Abis bangun langsung minum air perasan lemon+air hangat+madu(kalo ada), jangan sikat gigi dulu. Bagus untuk diet,sm ngurangin kolestrol . kalo makan malam oatmeal jg bagus nurunin berat badan",1
Ini Manfaat Pisang untuk Kecantikan Kulit http://bit.ly/1K9yI2O,0
PISANG tidak hanya bagus untuk pencernaan tetapi juga berpotensi melindungi serangan virus AIDS,1
"Buah pisang bagus sekali untuk kesehatan,terutama bagi pencernaan dan dapat meningkatkan daya tahan tubuh,buThumbs upThumbs upFolded hands",1
"Makan buah akan lebih baik dikonsumsi sblm makan siang, Pisang atau pepaya sangat bagus untuk metabolisme pencernaan #InfoEsia",1
Pisang bagus untuk pencernaan sm system kerja otak loh hehe,1
buah pisang Bagus untuk pencernaan,1
"Waduh, Ternyata Madu Berbahaya untuk Bayi! https://lifestyle.okezone.com/read/2019/10/08/481/2114145/waduh-ternyata-madu-berbahaya-untuk-bayi",0
"Bila ditanya, rupanya ibunya tersilap berikan air campuran madu setelah anaknya mengalami batuk beberapa hari. Ini silap!",1
" ternyata madu, susu sapi, jeruk berbahaya untuk bayi di bawah 1 tahun",1
"Tiub pernafasan dimasukkan melalui kerongkong. Disambung dengan mesin bantuan pernafasan. Perit! Bila ditanya, rupanya ibunya tersilap berikan air campuran madu setelah anaknya mengalami batuk beberapa hari. Ini silap!",1
Makanan Berbahaya Untuk Bayi : -Garam -Madu -Teh -Putih telur -Coklat http://fb.me/1IsCmFrN1,1
"Guna produk organik ataupun rajin-rajinlah amalkan petua tradisional menggunakan produk semulajadi. Minyak kelapa dara, minyak zaitun, mayonis, telur dan gel lidah buaya adalah bahan yang paling bagus untuk merawat rambut.",1
"Tak Hanya Bagus untuk Rambut, Lidah Buaya Juga Berkhasiat Hilangkan Jerawat Dalam Sekejap! http://bit.ly/2H72fNA #gayaJITU",1
"Tak Hanya Bagus untuk Rambut, Lidah Buaya Juga Berkhasiat Hilangkan Jerawat Dalam Sekejap! http://bit.ly/2H72fNA",1
"Barusan baca-baca salah satu artikel, ternyata lidah buaya tidak hanya bagus untuk rambut, tapi juga sangat bagus... http://fb.me/7kwfiFHCF",1
apa iya stress bisa menyebabkan rambut jadi rontok?,1
apa bener depresi dan stress bisa menyebabkan rambut rontok?,1
"Stress dan beban pikiran yang berat juga bisa menyebabkan rambut rontok lho, Dear. Jadi, hindari hal tersebut dan cobalah lebih rileks ;)",1
"Kalo versi aku, yg bener itu rambut rontok bikin stress, bukan setres menyebabkan rambut rontok.",1
"Do you know? Ketika sedang mengalami stress yang ekstrim, telogen effluvium pd wanita akan meningkat, so menyebabkan banyak rambut rontok.",1
IDI Tak Rekomendasi Obat Ivermectin untuk Pasien Covid-19,0
"BPOM akan segera melakukan uji klinik terhadap penggunaan obat ivermectin, untuk pengobatan dan terapi pasien Covid-19 di Indonesia. Selama uji klinik dilakukan, masyarakat bisa mendapatkan obat ivermectin dengan resep dokter. #CNNIDNewsHour http://cnnindonesia.com/tv",0
"PT Indofarma (Persero) Tbk sedang mempersiapkan produksi massal obat infeksi cacing Ivermectin sebagai obat terapi pencegahan dan penyembuhan pasien Covid-19. Bahan baku obat dari India telah dipesan untuk pembuatan 4,5 juta tablet Ivermectin… https://koran.tempo.co/read/berita-utama/465934/rencana-indofarma-memproduksi-obat-terapi-covid-19-setelah-mengimpor-bahan-baku-ivermectin?utm_source=Digital%20Marketing&utm_medium=Twitter&utm_campaign=dlvrit… #KoranTempo",0
Penelitian ini menekankan bagaimana obat cacing ivermectin menjadi obat tambahan untuk covid-19. Dalam pembahasannya dijelaskan adanya peningkatan yang signifikan secara statistik dalam kelangsungan hidup di antara pasien yang menerima ivermectin bersamaan dengan obat lain.,1
"Emg kaget bgt pas tau erick thohir ngendikan kalau ivermectin buat terapi covid-19.. pertama, ivermectin obat cacing. Kedua,wong pas itu dikasih tugas sama dr buat cari jurnal di pubmed ttg efek ivermectin untuk pasien covid aja susah puoll",1
Penggunaan obat Ivermectin untuk penderita Covid-19 menuai perbedatan di kalangan publik. BPOM memastikan bahwa Ivermectin merupakan obat cacing dan perlu dukungan uji klinis untuk digunakan pada pasien Covid-19. #CNNIDNewsHour http://cnnindonesia.com/tv,0
"Waspadai ketupat yang dibubuhi boraks, untuk mengawetkan tapi berbahaya bagi tubuh. Sidik Kasus, 11:30 WIB. http://bit.ly/okIvrR",0
@rirmdhni bacang mengandung boraks yang berbahaya bagi tubuh manusia #Waspadalah,1
"Bukan hanya itu, tetapi aplikasi tersebut dapat mendeteksi adanya kandungan Formalin ataupun Boraks di dalam makanan kita. Jadi kita dapat informasi dalam makanan tersebut mengandung bahan-bahan yang berbahaya bagi tubuh kita. Dari informasi tersebut kita lebih berhati-hati dalam",1
"Jajan sembarangan bahaya buat kesehatan kita, Sahabat. Banyak makanan yg terkontaminasi zat kimia seperti boraks yang berbahaya bagi tubuh.",1
Cara Mengetahui Bakso Boraks dengan Tusuk Gigi: Kandungan pada boraks sangat berbahaya bagi sistem metabolisme tubuh.,1
Efek Radiasi Sinar Ultra Violet Dapat Merusak Lensa Mata http://brt.st/5YT0,0
2/2. Karena paparan terhadap sinar ultraviolet (UV) matahari dapat merusak lensa dan kornea mata yang menyebabkan katarak.,1
Sinar ultraviolet yang berbahaya dapat merusak kulit dan mata loh. Jangan lupa selalu menggunakan tabir surya setiap hari Bro...,1
2a. Pakailah Kacamata Pelindung UV. Sinar ultraviolet matahari dapat membahayakan mata Anda. Sinar UV dapat merusak jaringan sensitif mata,1
"Selain lavender, tanaman-tanaman ini dapat membantu Anda mengusir nyamuk dari rumah. Serai dan basil di antaranya.",0
"Dengan rutin membersihkan lingkungan rumah, maka rumah akan terhindar dari nyamuk. Setuju? :) #EzyHomeLiving (5/5)",1
Aroma serai akan mengusir nyamuk dari rumah kita. #BasmiHamaAlami,1
Solusi yang terbaik untuk mengusir nyamuk. 10. Minyak Serai. Trust me! Ini berhasil dan wanginya enak banget!,1
"MINYAK SERAI.Teteskan ke air utk mengepel lantai&wangi serai akan mengusir nyamuk,lakukan secara teratur/bisa diteteskan pd bantal & guling",1
"Selain untuk memperkaya aroma dan rasa makanan, serai juga efektif mengusir nyamuk.",0
Pengikut Gafatar Percaya Pulau Jawa Akan Tenggelam http://goo.gl/8TTBrk #Gafatar,0
"GEMPA DI PULAU JAWA,,,,ITU ADALAH PERINGATAN DARI ALLAH ,JIKA KECURANGAN DAN KETIDAK ADILAN DI BIARKAN TERUS ,MUSIBAH BESAR AKAN MENIMPA PULAU JAWA,AKAN DATANG GEMPA BESAR DAN SUNAMI,,PULAU JAWA AKAN TENGGELAM KE DALAM BUMI,,MAKA TOBATLAH KALIAN WAHAI ORANG2 MUNAFIK,",1
Pulau jawa akan tenggelam dalam lautan darah dan air,1
Sudah masuk berita hongkong pagi ini dalam kurun waktu 30 tahun pulau Jawa akan tenggelam,1
Motivasi lulus: ramalan pulau Jawa akan tenggelam,1
"Menurut ramalan cuaca ma2 lemon ,Pulau Jawa akan tenggelam dlm hitungan tahun. Silakan dhitung mulai dr sidoarjo (tenggelam krn lumpur)",1
"5 Manfaat Lendir Siput untuk Perawatan Kecantikan, Berani Coba? http://bit.ly/2QyxK69",0
"Ekstrak lendir siput bermanfaat untuk melembapkan, menenangkan kulit wajah, hingga memudarkan jerawat. Inilah sejumlah manfaat kecantikan lendir siput. #LendirSiput #Kecantikan",0
"@Haidar_Bagir Assalamualaikum ustad, saya mau bertanya, dalam fiqh imam Ja'far ada beberapa ketentuan tdk diperbolehkan untuk makan siput, kepiting, dsb. Apakah memakai lendir siput untuk dunia kecantikan (seperti hand body mengandung lendir siput) juga tidak boleh? Terima kasih",1
Sejuta Manfaat Lendir Siput Untuk Kecantikan http://bit.ly/1L1FUOI #AQfami,1
"4,6 Ton Daging Babi Mengandung Cacing Pita Dimusnahkan di Banten http://dlvr.it/QcSN6w",0
Babi tidak akan mengandung cacing pita kalo rajin minum combantrin.,1
"Larangan di Al Quran sebaiknya gak usah dicocoklogikan ma pemikiran sendiri dan dihubungin ma sains sih mas, soalnya klo gk sesuai ntar bingung sendiri, cth: daging babi mengandung cacing pita, fact: gk cuma babi, sapi/kambing jg mengandung cacing pita",1
"Babi makan dedek, sapi makan rumput Cacing pita ,,hidup di rumput , Kok bisa,,ya,,babi banyak mengandung cacing pita,,?? ( 32 thn dijejali)",1
Next bagi yg non islam jangan makan babi karna babi mengandung cacing pita cacing pita menyebabkan makanan yg kita makan dimakan cacing itu,1
"Replying to @imnotfaatt Haram bro, karena usus 12 jari di babi mengandung cacing pita dan juga di katakan oleh pak ustadz saya bahwa struktur babi itu persis seperti manusia, jadi apabila celengin duid di celengan babi makan sama saja celengin duid de manusia, terimakasih",1
"Virus flu burung bisa mematikan untuk burung dan unggas lainnya. Masalahnya, flu burung juga menular ke manusia. Kenali gejala flu burung.
",0
"Saya pribadi liatnya mafia vaksin itu ada dan flu burung bisa dipatahkan oleh bu Siti dengan argumen dia tidak menular dari manusia ke manusia, gagal di sana mafia vaksin modifikasi virus yg mampu menelurkan manusia ke manusia covid19. Tapi belum tentu itu ulahnya billgates . . .",1
"Riset: Flu Burung Bisa Jadi Wabah Mematikan: Ancaman flu burung meningkat, bisa menular ke manusia melalui udara. http://bit.ly/PHy2Ts",1
"Virus flu burung bisa menyerang babi, virus flu burung yg dibawa babi bisa menyerang manusia. Kalau dari burung ke manusia tdk bs menular.",1
"Ancaman flu burung meningkat, bisa menular ke manusia melalui udara. http://adf.ly/9xro0",1
"#Terpopuler Anggota Paspampres dan polisi terlibat percekcokan di pos penyekatan di Daan Mogot, Jakbar. Kapolres Kombes Ady Wibowo meminta maaf.",0
"Coba diliat dulu bang full video dan ceritanya, jadi polisi ini nyamar pakaian biasa gitu tidak memakai seragam formal, paspampres jg tidak sembarangan bs nunjukkan ID/KTA jadi sebenernya memang sm sm misscom, namun polisinya ngegas, paspampresnya sdh tenang dan jelasin baik baik",1
"Kalo paspampres aja boleh dan bisa nyatronin kantor polisi..., masa rakyat ga boleh nyatronin presidennya??",1
"bangga ampun saya melihat anak muda anggota paspampres, simpulan saya: polisi ramah dan sopan jauh panggang dari api.",1
"Beredar di media sosial, video seorang personel Pasukan Pengamanan Presiden (Paspampres) sempat cekcok dengan personel Kepolisian yang menjaga penyekatan PPKM Darurat. Baca selengkapnya di: https://kompas.tv/article/190868/kronologi-cekcok-polisi-dengan-paspampres-di-penyekatan-ppkm-darurat…",0
"Buntut Ribut ke Anggota Paspampres, Polisi Pakaian Preman Ditiadakan",0
"Presiden di suruh mundur, Wakil Presiden katanya mau mundur dan Menhan paling cocok maju, keluarga Nia Ramadhani dan suaminya Narkoba, Paspampres gelut dengan polisi. Nu acan poe ayeuna Covid merubah jalema jadi zombie, rame!!",1
"Beberapa tabir surya diformulasikan khusus untuk wajah untuk melindungi kulit Anda dari sinar UV berbahaya yang dapat menyebabkan kulit terbakar, penuaan dini, dan kanker kulit. #TempoCantika",0
"Radiasi UV yg tinggi & dalam jangka waktu lama dapat menyebabkan penuaan dini, kanker kulit & sejumlah perusakan lain pd kulit kita.",1
"Kanker kulit diduga kuat disebabkan oleh paparan sinar ultraviolet dari matahari. Sinar UV ini dapat menyebabkan rusaknya sel pada kulit, hingga menimbulkan kanker kulit.",1
Sinar UV yg berlebih dapat menyebabkan kanker kulit,1
Sahabat SMiLe pasti sering mendengar bahaya UV terhadap kulit karena dapat menyebabkan kanker.,1
"Efek sinar UV akan bertambah dan dapat menyebabkan masalah seperti katarak, luka bakar kornea, bahkan kanker kelopak mata.",1
"Vaksin Sinovac COVID-19 Berefek Berbahaya, Brasil Hentikan Uji Klinis",0
Ragam Hoaks soal Vaksin Covid-19: Jarum Palsu hingga Sinovac Berbahaya,0
"Gagal bikin narasi vaksin sinovac berbahaya, beloknya skrg k yg lain. Rapopo, namanya juga org usaha ya pak. Tinggal diridhoi atau kagak sama semesta  belajar dari sejarah (film silat), niat buruk biasanya sih ga kesampean sbb tuhan mmg ga tidur2an aja.",1
Pekan ini hoaks terkait vaksin Sinovac yang berbahaya karena virus mati bisa hidup lagi beredar. Lalu seperti apa faktanya? Simak penjelasan lengkapnya berikut ini. #MetroSiang,0
"Sering menggunakan masker bisa memicu timbulnya jerawat. Untuk itu berikut cara mencegah jerawat karena sering memakai masker. #CegahJerawat 

via 
@detikHealth",0
Banyak yg tak sadar sering memakai masker sembarangan dan berganti-ganti macam masker memicu & memparah jerawat #MaskerWajah #ZhafrahTips,1
Jgn memakai masker wajar sembarangan. Bnyk tg tak sadar srg memakai masker sembarangan&berganti macam masker dpt memicu&memparah jerawat.,1
"Memakai masker dalam waktu lama membuat kulit wajah terus bersentuhan/bergesekan dengan masker. Gesekan ini memicu terjadinya iritasi kulit, sehingga kulit wajah akan meradang dan jerawat pun lebih mudah muncul.

#IndonesiaSehatSiang",1
Berikut ini tips memakai masker mulut agar tidak memicu jerawat dan sejenisnya. #KAMUHARUSTAU #masker #jerawat #VirusCorona,0
"Kelembaban ini yang memicu tumbuhnya bakteri dan bisa menyebabkan jerawat. Tenang, #maskne bisa dicegah dan diobati. Jangan jadikan maskne ini sebagai alasan untuk tidak memakai masker, ya! Jaga selalu kebersihan dan pakai maskermu saat keluar rumah. ⁣Stay safe & healthy Bisep kekar(3/3)",1
Sering menggunakan masker bisa memicu timbulnya jerawat. Untuk itu berikut cara mencegah jerawat karena sering memakai masker. #CegahJerawat,0
"Waspada, Sering Mimisan Gejala Anak Kena Kanker Darah",0
"rg lain mimisan krn kecapean, kanker darah, blablabla. rirry = ketiban ipad kena unjungnya",1
Buat yang sering mimisan ati ati kanker darah lebih baik check k dokter :D,1
"Mimisan, sering pingsan,  kanker darah?? TIIIDDDAAAKKK",1
Takut kalo mimisan terus kena kanker darah -_- ;(,1
"Kalau sakit kepala mikirnya langsung kanker otak, kalau mimisan mikirnya langsung kanker darah. Pengaruh sinetron/film sangat besar. #BD",1
"Memar dan Mimisan Bisa Jadi Ciri Kanker Darah, Penyakit yang Renggut Nyawa Ani Yudhoyono,Cek di Sini",0
"Gara-gara Corona, Belasan Ribu Teken Petisi Skripsi Dihapus",0
Gimana nih skripsi mau dihapus katanya,1
Ih kalo skripsi dihapus otomatis jadi kompre gaksih LEBIH SEREM,1
skripsi mau dihapus (katanya),1
Selebgram TikTok Juy Putri divonis bersalah atas pelanggaran PPKM level 4 dan diganjar kurungan penjara 20 hari atau denda Rp12 juta Baca selengkapnya di https://buff.ly/3iWHffv,0
"yg hajatan di masa ppkm, ada yg sampai dipenjara. ada yg cuma denda. ada jg yg dibiarkan saja. untung2an pokoknya.",1
"Ayo teman-teman PNS, teman-teman yg berpenghasilan lebih, kita jajan saja. Kita beli, kita borong dagangan sedulur2 kita. Mari saling menguatkan.",1
Jejak Hukuman PPKM: Denda Seleb Tiktok hingga Dua TNI Dicopot,0
Sedih bgt sama PPKM level pedes crazy ini. Disatu sisi mau menyelamatkan negara dan masyarakat dari cvddd. Disisi lain perekonomian pedagang kecil jadi lumpuh. Jangan dong ambil uang denda dari mereka. Pemasukan aja minus:(,1
ini duit kebanyakan denda ppkm,1
"PPKM tidak menghentikam lollapalooza, harusnya denda 12jt",1
Vape diklaim lebih aman daripada rokok http://bit.ly/2mLLeOO #SayaPendengarElshinta #ElshintaIsMe,0
rokok lebih aman daripada vape karena rokok terbuat dari bahan2 rempah-rempah alami alias herbal :v assooooonnnn,1
Tapi bukan berarti Vape lebih aman daripada rokok tembakau.,1
Menarik nih. Tujuan awal ngevape itu untuk berhenti menggunakan rokok. Tujuan akhir ngevape itu untuk berhenti menggunakan vape. Biar bagaimanapun tujuan awalnya untuk membebaskan nikotin dalam tubuh. So far sih lebih aman vape daripada rokok.,1
"Seneng bgt 2hari belakangan ini udah gak ngeliat ayah ngerokok lagi, sama sekali. Walaupun jadi minta beliin liquid terus sih karena ayah bosenan bgt kalo rasa nya itu itu doang, tp gapapa udah ada kemajuan. Semoga selamanya bisa lepas dari rokokSmiling face with halo",1
Kmren gua baru tau klo biji apel mengandung sianida. Skrg gua baru tau klo sktar 80% tumbuhan ada dilaut.,1
Biji apel mengandung sianida,1
"Dari anggur yang merupakan racun untuk anjing, hingga biji apel yang mengandung sianida. #userstory https://kumparan.com/inspirasi-shopee/10-sayur-dan-buah-yang-berbahaya-dikonsumsi-oleh-anjing-1rTibjt6zDt?utm_medium=post&utm_source=Twitter&utm_campaign=int",0
"fyi biji apel mengandung sianida gaes,bisa dicoba :)",1
"katanya biji apel mengandung sianida..

bole juga tuh, gue sudah cape dududu",1
Jangan makan apel dengan bijinya. Karena biji apel mengandung sianida Face screaming in fearFace screaming in fearFace screaming in fear,1
"Dari Bir untuk Bayi hingga Rokok untuk Ibu Hamil, 8 Hal yang Sangat Berbahaya Ini Dulu Dianggap Wajar",0
"Kayak rokok juga yaa, berbahaya untuk ibu hamil.... Bahasa tragisnya ""Tol Cikampek Membunuhmu""",1
"Paling benci sama orang yang masih nekat ngerokok di depan umum. Apalagi di deket ibu hamil. Sadar pak/bu, rokok kalian sangat berbahaya untuk janin yang sedang dikandung!",1
"Kamu hamil mba ? :o RT 
@inggkaan
: Hindari rokok karna berbahaya untuk ibu hamil :D #trims",1
"Asap rokok terbukti mengandung banyak zat berbahaya bagi kesehatan manusia, apalagi bagi ibu hamil. Jadi sangat dilarang keras untuk merokok",1
"Bantah Vaksin Covid-19 Mengandung Magnet, Pemerintah: Jangan Sebar Berita dari Sumber Tidak Kredibel http://dlvr.it/S0cgkV",0
kecewa katanya vaksin mengandung magnet tp gabisa nempelin sendok ke pipi,1
Inii sih vaksin mengandung magnet untuk daya tarik menariknya mungkinUpside-down face?,1
Narasi vaksin COVID-19 bikin koin menempel karena mengandung magnet beredar di media sosial. Bagaimana faktanya?,0
"Gemes sama yg nyebar video hoax, vaksin mengandung magnet. Semoga di tangkap biar jera.",1
"Vaksin mengandung magnet.

Itumah kulit lu berminyak anjg",1
"Vaksin mengandung magnet, akhirnya cita-cita gua menjadi Magneto akan segera terwujud.",1
Kurang Minum Bisa Sebabkan Batu Ginjal Hingga Stres,0
"RT 
@VIVA_log
: Waspada, Kurang Minum Air Putih Sebabkan Stroke dan Ginjal http://dlvr.it/CzMcPz",0
"Waspada, Kurang Minum Air Putih Sebabkan Stroke dan Ginjal",1
"For you too!
Aku bukan anak kedokteran jadi gatau vertigo itu bisa disembuhin apa penyakit ""kumatan"" macam asma, darah rendah. Hopefully you always love eating, get good quality of sleeping and take a rest when u feel tired even though u r in very busy schedule. Love u!",1
"Vertigo Bukan Penyakit Turunan, Kapanpun Vertigo dapat Terjadi
",0
"""Secara umum vertigo bukan diagnosis penyakit tetapi adalah gejala dari suatu penyakit."" #kumparanNews",0
"20. Sejatinya vertigo itu bukan penyakit tetapi gejala dari suatu penyakit. Artinya, ada penyakit yg menimbulkan gejala vertigo. #vertigo",1
ternyata vertigo bukan penyakit melainkan gejala dr suatu penyakit :/,1
VERTIGO BUKAN PENYAKIT MENTAL YA ANJINC AH KESAL.,1
"HIV/AIDS Tidak Dapat Disembuhkan, Benarkah? http://okz.me/CXhQS
",0
"Virus HIV/AIDS tidak dapat disembuhkan, begitu pun cintaku padamu tidak ada obatnya #gombalbiologi",1
Ingat!!!!!! HIV/AIDS tidak dapat disembuhkan! Tapi dapat dicegah perkembangan virusnya dengan ARV,1
"Walaupun HIV AIDS tidak dapat disembuhkan, tetapi dapat dilakukan pengobatan untk meningkatkan kualitas hidup penderita HIV AIDS",1
HIV dapat disembuhkan (MITOS) tidak ada obat atau vaksin untuk HIV/AIDS. Pengobatan yg efektif adalah dengan tetap menjaga untuk hidup sehat,1
"Tidak semua PMS dapat disembuhkan. PMS yang disebabkan oleh HIV/AIDS, herpes kelamin dan Hepatitis B adalah contoh PMS tdk dapat disembuhkan",1
"Awas, Dinkes Depok Temukan 34 Jajanan Mengandung Bakteri E-Coli",0
"Jajanan investigasi ""
@infoLengkap
: Menurut tim Investigasi TransTV, batu es di kaki lima Jakarta mengandung bakteri e-coli 20rb/100mL, atau",1
Jajanan Sekolah Mengandung Bakteri E-Coli http://bit.ly/17Vln5,1
"Tuberkulosis atau TBC merupakan penyakit menular yang disebabkan oleh basil dari bakteri Mycobacterium tuberculosis. Punya pertanyaan seputar penyakit TBC?

Twit dengan tagar #AyoSehat. Pertanyaan terpilih akan dijawab dalam program Ayo Sehat.",0
"haha gue udah kebiasaan pake masker. kayaknya kalaupun hari itu beneran dateng, gue kemana2 bakal tetep pake masker. buat prevent debu dll juga",1
"Kita ni lagi gak cuma ngurusin covid19, masih ada dbd, tbc, penyakit menular lainya yg gampang menyebar di saat musim penghujan kaya gini.",1
"Pada bulan FEBUARI DI BUKA,untuk pengobatan penyakit menular yaitu,HIV,TBC,dan penyakit menular lain nya.

Di tangani oleh saya sendiri.",1
TBC adalah penyakit menular mematikan kedua setelah AIDS,1
"Tuberkulosis dikenal dengan nama TBC,penyakit menular langsung,yg disebabkan oleh kuman TB, tetapi dapat disembuhkan.
#TOSSTBC 
@TBIndonesia
 
@challengeTB_INA
 
@KemenkesRI",1
Tahukah kamu kayu manis dapat mengontrol gula darah pada penderita diabetes?Gunakan kayu manis sebagai pengganti gula,0
Kayu manis dapat digunakan untuk mengontrol gula darah,1
"3) Mengontrol gula darah
Kandungan antioksidan dalam kayu manis dapat membantu mengontrol kadar gula darah.",1
"VIRAL 

Pasien dengan diabetes tipe 2 dapat mengontrol kadar gula darah dengan kayu manis.",0
Kayu manis semanis khasiatnya  dapat membantu mengontrol gula darah #gugeltips,1
kayu manis baik untuk diabetesi karena dapat membantu mengontrol kadar gula darah dan perubahan resistensi insulin.,1
"Kayu manis dapat mengontrol level tekanan darah dan kadar gula, sebagai antiseptik dan penyembuh luka, hingga meningkatkan fungsi otak.",1
"5 Jenis Apel yang Bagus untuk Diet, Bantu Kontrol Berat Badan
",0
"Cuka Apel untuk Diet Tidak Menjanjikan, Tapi Bagus Menekan Gula Darah https://gaya.tempo.co/read/1453549/cuka-apel-untuk-diet-tidak-menjanjikan-tapi-bagus-menekan-gula-darah?utm_source=Twitter&utm_medium=Digital%20Marketing&utm_campaign=dlvrit #TempoGaya
",0
"#pelangsingdetox  ""Sari buah apel bagus untuk sistem penceranaan Anda"" cara diet yang aman dennysantoso",1
"klo ditanya orang ""dietnya apa?"". jawabku ""hmm diet gak ya krna aku biasa gak makan nasi"". boong kale wkwk dulu setahun pake beras merah aku sering sakit krna kekurangan gula darah makanya diet kali ini umbi2an, telur, daging, ayam. spaghetty klo mau cheat dikit.",1
"Alpukat bagus untuk diet. Apel, pisang,",1
Tiap pagi rutin minum jus wortel + apel malang + tomat bikin luka-luka di kulit jadi cepet ilangnya. Oia tentunya bagus juga untuk yg lagi program diet Jempolan,1
"Benarkah Vaksin MMR Sebabkan Anak Autisme ? Ini Penjelasan Dokter http://dlvr.it/NzmVgB
",0
"Jangan percaya kabar yang tidak benar, Moms! Penelitian terbaru membuktikan vaksin MMR tak sebabkan autisme.",0
"Vaksin MMR Sebabkan Autisme,  vaksin Mumps, Morbili, dan Rubela (MMR) menyebabkan autisme pada anak",1
"Dear seluruh org tua Indonesia, vaksin MMR TIDAK sebabkan autisme. Saya msh waras, kalau benar sbbkan autisme, gak mungkin saya anjurkan :)",1
Dokter: Penelitian yang Sebut Vaksin MMR Sebabkan Autisme Terbukti Palsu  http://goo.gl/hvJDCH,1
"CEK FAKTA: Hoaks Makanan Kaleng Produksi Thailand Menularkan Virus HIV/Aids: Badan POM tidak pernah menemukan kandungan darah dan virus HIV dalam makanan kaleng, apalagi virus HIV tidak mampu bertahan hidup di luar host (tubuh manusia).",0
#HoaxBuahKalengHIV 6/14 termasuk kandungan darah dan virus HIV dalam makanan kaleng,1
Sekedar info Daftar nama 27 produk ikan kaleng bercacing...  Kami harap agar ibu2 di rumah lebih hati2 dalam memilih produk makanan yg ingin di beli.. Karena virus cacing ini sudah menjangkiti siapa saja Termasuk se orang menteri yg sekarang mengalami CACINGAN,1
"Sbnar.a sih mkanan belo tpi be birus jdi diaa di maukin dalam kaleng hahaha @niinania: Itu virus ? Oh, kukira makanan meyong :D",1
"#HoaxBuahKalengHIV 3/7 
@BPOM_RI
 tdk prnh menemukan hal2 spt yg diberitakan tsb, termasuk kandungan darah dan virus HIV dalam makanan kaleng",1
"BPOM: Tak Ada Gorengan Mengandung Plastik, Tapi Boraks Tambah Banyak http://de.tk/q1htT via 
@detikhealth",0
"Wadpada gorengan mengandung plastik/lilin#balikpapan
",1
#Share4U Bahaya sekali bagi liver bila ternyata selama ini makan gorengan mengandung plastik di dalamnya.,1
[VIDEO] Ditemukan 140 Ton Beras Mengandung Pemutih http://okz.me/CYans,0
"Waspada thd beras mengandung pemutih ya, Bu. Tdk hanya menyebabkan kanker kandung kemih, tp juga asma pada anak-anak. #InfoSehat",1
"Cara mengetahui beras mengandung pemutih, pelicin, dan pewangi http://fb.me/4HWb57PAC",1
#FYI Hati-hati mengkonsumsi beras mengandung pemutih & pewangi penyebab terjadinya kanker,1
Beras Mengandung Pemutih Ditemukan di Demak http://metrotvn.ws/B405669,0
"Hasil sidak BPPOM dipasar = Mie,ikan teri&tahu mengandung formalin,Beras mengandung pemutih pakaian,Kolangkaling mengandung  pengawet",1
BBPOM Surabaya Sebut Garam Mengandung Serbuk Kaca Kabar Bohong http://dlvr.it/PfwSYQ,0
"Menelan Garam yang Mengandung Serbuk Kaca, Waspada Luka di Organ Dalam! http://okz.me/CYp4M",0
"Soal Garam Mengandung Kaca, Ini Penjelasan BPOM - http://bit.ly/2v0Zo1u #faktaberitafakta",1
"Semoga aparat terkait dpt mengungkap & menangkap penebar berita hoax garam mengandung kaca yg telah bikin resah masyarakat banyak .
",1
Waspada ! Ada Garam Mengandung Serbuk Kaca http://fb.me/ycEghcr4,1
"Awas, Ada Garam Mengandung Serbuk Kaca http://dlvr.it/Pf8shb
",0
"Produk Skincare Aman untuk Busui dan Bumil, benarkah,.. yuk kita simak..
Pertama Produk tidak mengandung bahan berbahaya seperti Merkuri, Retinol, dan Hidroquinon, dan Kedua Produk sudah lulus uji BPOM ddan aman untuk Ibu Hamil dan juga Ibu Menyusui.",1
"Ada beberapa kandungan dalam skincare yang sangat berbahaya bagi ibu hamil seperti retinol. #IbuHamil
",0
"Attention!
Ibu hamil sebaiknya tidak menggunakan produk ini karena mengandung bahan Retinol dan Salicylic Acid yang berbahaya untuk kesehatan janin.

#hadalabo #gokujyun #shirojyun #starterpack",1
"Jadi pliis, para bumil, ga perlu maksain diri ya. Kalo ga rasa nyaman dilakukan ya jangan Tangan melipat Santai aja, yang penting ibu dan bayi sehat.",1
"Hati, meski kaya zat besi, mengandung retinol, salah satu bentuk vit A, yg bisa berbahaya bagi janin muda. Bumil muda jgn makan hati dulu..",1
"Karena hati mengandung retinol yang tinggi. Retinol ini adalah bentuk vitamin A yang berbahaya bagi bayi. 
@Harian_Jogja",1
"17 dari 27 negara anggota Uni Eropa menentang keras UU anti-LGBT Hongaria yang disahkan pada 15 Juni lalu. Menurutnya, UU terrsebut primitif dan keterlaluan. #kumparanNEWS",0
Alhamdulillah saya masih hidup di negara yang benar.. Smoga UU LGBT segera disahkan #ILCLGBT,1
"Sama dengan UU LGBT, walau sudah disahkan tapi penentangan tetap marak terutama dari kalangan gereja dan itu biasa. Kebebasan berpendapat sangat dihargai di negara ini apalagi jika disandarkan pada ilmu pengetahuan. Jadi plissss deh bong.",1
"Andai Joko menang, lalu Islam Nusantara & UU LGBT disahkan, Perda Agama dihapuskan & TKA China merajalela. Apakah negeri membaik??",1
"UU LGBT disahkan di amerika?
kiamat sudah dekat kah?",1
Bagi Gadis yg belum nikah ama cowok ayo segera terima lamarannya. UU LGBT udh mau disahkan. Nnt g dapat cowok lho.,1
nungguin yg komen gempa tadi azab gara gara dwp~,1
"Euthalia aconthea (Familia Nymphalidae)
Ulat Bulu Daun (common baron atau baron)

Ulat daun pohon mangga yang dihebohkan dapat mematikan orang dalam waktu 4 jam.",1
"Beredar Broadcast Ada Ulat Mematikan di Pohon Mangga, Ini Faktanya http://detik.id/VIxTDE",0
"@inilahdotcom
 Sorry terkait berita ulat mangga yg mematikan setelah 4 jam terkena gigitan itu hoax banget, minta tolong di drop aja #melawanhoax",1
 Tau hama ulat bulu Probolinggo kan? Konon itu adl serangan biologis utk mematikan panen mangga dsana. Probolinggo itu sentra mangga.,1
"Sama-sama memiliki bisa yang mematikan, bisakah Sobat7 membedakan cobra dengan king cobra? Apa yang membedakan keduanya?",0
"Bisa uler cobra mematikan, kalo bisa uler sarung lebih berbahaya bikin melendung 9 bulan",1
matanya penuh dengan bisa yg mematikan! Melebihi bisa cobra.,1
"Serangan barca itu macam bisa ular cobra, sekali kena mematikan ga bisa ngelak",1
"Mulutnya kaya bisa ular cobra,mematikan !!",1
"bisa cobra memang mematikan, tapi bisaku hanya mencintaimu, ah tahede",1
"Ternyata dirimu lebih berbahaya dari cobra
. 
. 

Bisa cobra mematikan manusia dalam 5 menit. 
Tatapan mu mematikan manusia hanya dalam 10 detik.",1
"Tahukah Anda masker tomat dipercaya dapat mencerahkan, memutihkan dan meremajakan kulit wajah Kita #SXtips
",1
"Friends of Veet, tau nggak kalau kandungan air tomat dapat mencerahkan kulit gelap? #BeneVEET",1
"Tomat dan Yogurt Cocok untuk Turunkan Berat Badan dan Mencerahkan Kulit http://de.tk/6fdNHv via 
@detikfood",0
30. Sabun Tomat – mencerahkan kulit,1
"Guys, efek cantik dari makan tomat adalah mencerahkan kulit, ini cocok banget untuk para wanita yang ingin mencerahkan kulit. #Tomat",1
"Tomat itu bisa mencerahkan KULIT loh, caranya? Usapin aja IRISAN TOMAT ke kulit kamu :D",1
menurut w china minta pulau kalimantan sbg jaminan hutang adlh hoax terkeren di abad ini tai awkwkkwkwkwk,1
"Dan skrg di tengah Pandemi covid-19 yg semakin meningkat dinegara kt ini, hoax2 juga semakin meningkat hebat, seperti hoax covid-19&vaksin, hoax Bansos, hoax PPKM, China minta pulau Kalimantan sbg jaminan hutang Presiden Jokowi, dll.

Apakah warga Indonesia mudah percaya hoax ?",1
Apakah maksud dan tujuannya terkait China yg minta pulau Kalimantan?,1
"Cek Fakta: China Minta Pulau Kalimantan Sebagai Jaminan Utang Indonesia, Simak Faktanya",0
"Apa benar begitu? Saya org Kalimantan apa mesti diam gitu?

""China Dikabarkan Akan Datang ke Indonesia untuk Minta Pulau Kalimantan sebagai Jaminan Utang, Begini Faktanya - Seputar Tangsel"" https://seputartangsel.pikiran-rakyat.com/cek-fakta/amp/pr-142219092/china-dikabarkan-akan-datang-ke-indonesia-untuk-minta-pulau-kalimantan-sebagai-jaminan-utang-begini-faktanya",1
POPULER HARI INI: Cek Fakta China Minta Pulau Kalimantan hingga Rumor Pacar Mesut Ozil Jadi 'Piala Bergilir',1
Mang china ud mmprediksi kayaknya dpikir negri ini g baklan bs byr utang + bunganya.. mk terus2an mngirimkn migran2nya knegri ini krn klo ud wkt jatuh tempo tu utang china akn langsung minta satu pulau byr utangnya tntu buat dhuni rkytnya yg ud mmnuhi trget.dn jatuh pd kalimantan,1
"Risiko 'Matahari Buatan' China Bocor, Bisa Lelehkan Muka Bumi",0
"Matahari buatan China kabarnya bocor, efeknya bakal nimbulin radiasi yg sangat besar. Keluarganya chenle di sanghai gimana ya, semoga mama Zhong, papa Zhong, dan semuanya g knp2",1
"Ini tuh emang udah mau akhir zaman, ya?",1
Baca berita china bikin matahari buatan bukan kek wow hebat tp ngeri njir. Gimana kalau bocor??? Ada ada aja negara maju ini,1
Nyalain matahari buatan china,1
"Lama² bakal ada pacar buatan

Risiko 'Matahari Buatan' China Bocor, Bisa Lelehkan Muka Bumi
",1
Dis! Semoga pemerintah bisa cepet tanggapPleading face,1
"Kata guru SMA geografi gua waktu sekolah. Beberapa tahun yang akan datang jakarta bakalan tenggelam, karna daratan sama lautan lebih tinggi lautan. Tiap tahun juga air mulai naik berapa cm karna, kutub selatan juga mulai mencair karna pemanasan global",1
"Kalau mencair, Kutub Utara dan Selatan dapat membangunkan bakteri purba yang tertidur.",1
Salah satu penyakit dampak es mencair berasal bangkai rusa dari 80 tahun lalu yang tetap terkunci di lapisan es. #kumparanSAINS,0
"Referensi bukunya di The Uninhabitable Earth. Virus yang baru-baru ini ditemukan kalo ga salah Anthrax di Russia, 2018, dari bangkai mammoth yg ketemu dari es kutub yg mencair",1
"Anjrit tadi ada thread dampak tentang kutub utara kutub selatan mencair dengan puluhan juta bakteri belum teridentifikasi, malah ke refresh",1
hah....sumpah gabisa bayangin itu kalo es kutub mencair dampaknya bakal segede apa...,1
"Sule diserang kabar meninggal dunia karena kecelakaan mobil. Kenyataannya, Sule muncul dengan tampilan beda dan mengabarkan dirinya baik-baik saja. #Sule",0
"Ramai Sule Dikabarkan Meninggal Dunia, Begini Jawabannya",0
"CEK FAKTA: Dikabarkan Komedian Sule Meninggal Dunia, Simak Penjelasannya #IkatanCintaTakLagiSama",1
"Banyak netizen yang salfok dengan penampilan Sule, saat dirinya buka suara soal hoaks meninggal dunia.",0
"Sebelumnya heboh petisi Blacklist Ayu Ting Ting dari Pertelevisian yang mendapat dukungan hingga puluhan ribu pendukung. #userstory
",0
Saya telah melakukan hal yg bermanfaat yaitu menandatangani petisi black list ayu ting-ting,1
Terungkap! Petisi Blacklist Ayu Ting Ting Sudah Ditanda Tangani Lebih dari 50.000 Orang http://dlvr.it/S54Sjy,0
"Ayu ting ting di petisi netijen +62
Gue malah bingung style ayu skrg ke korea²an",1
mamaku sampe ikutan petisi save ayu ting ting...,1
"benarkah akan ada gempa mag:8,8 di jawa timur, dan berpotensi tsunami dengan ketinggian 20 meter?
yang kabarnya waspada di pantai laut selatan",1
Tim riset ITB mengungkap potensi tsunami setinggi 20 meter di laut selatan Jawa. Sejarah mencatat ada 20 kali tsunami yang pernah terjadi di sepanjang laut selatan Jawa. #Tsunami #Jawa,0
"Bisa terjadi kalo lempengan di laut selatan dan utara gesekannya barengan, jadi gempa 9.1 sr, nah tsunami 20 meter tuh",1
semoga tahun ini bisa punya rumah yang palkonnya madep laut,1
Produk ponds dan kelly tdk dilegalkan krn mengandung merkuri. Wah ngeri ya -_-,1
"Banyak yang bilang bahwa kri kelly pearl cream mengandung merkuri, Padahal kenyataannya tidak.",1
"Kenapa sih krim Kelly dulu dituduh mengandung merkuri? Kok bisa sih krim Kelly bikin muka glowing? Nah, berikut kami bedah ingredients-nya Face with monocle #TerminalMojok",0
"Berkat dr. Richard ku jd tau mana krim berbahaya, dan ternyata Kelly yg dianggap mengandung merkuri dari dlu karena harganya yg murah justru tidak ada merkurinyaSlightly smiling faceSlightly smiling faceSlightly smiling face",1
"Sodara aku yg pernah pake krim kelly/semacamny yg mengandung merkuri trs kena lupus baru aja meninggal 1-2 minggu lalu
Lupusny jg udh hampir 10 tahun, sekitar 7-8 tahun lahh
Sampe ortuny jual rumah buat biayain dia
Jd ati2 ya ges kalo make krim jgn sembarangan dan jgn krn murah",1
Bukannya kelly mengandung merkuri? Yg tau jawabannya silahkan bantu koreksi,1
"Banyak yang beranggapan khususnya para wanita bahwa terlalu banyak makan timun bisa menyebabkan vagina 'becek' karena keputihan. Benarkah begitu?

via 
@detikHealth",0
ALBINO disebabkan oleh makan timun menyebabkan keputihan pada kulit,1
FAKTA :- Banyak Makan Timun Boleh Menyebabkan Keputihan MELAMPAU :3,1
"Q: bu bidan apa makan timun menyebabkan keputihan| A: tidak, itu hormonal, timun mnyebabkan jd sring kencing. Keringkan dg handuk stelah BAK",1
"Perhatian girls, perempuan tak elok makan timun sebab boleh menyebabkan keputihan. Then keputihan boleh menyebabkan ketumbuhan fibroid. Note",1
Beredar narasi yang menyebutkan pemegang kartu vaksin corona bisa mendapatkan bantuan PPKM senilai Rp 1 juta mulai 1 Agustus 2021. #kumparanNews,0
Viral di WA bantuan PPKM Rp 1 juta buat yang punya kartu vaksinasi. Faktanya seperti apa?,0
"Penerima manfaat sektor Kesehatan: 92,1 juta penerima bantuan iuran Kartu Indonesia Sehat dan 83% persen ketersediaan obat dan vaksin di Puskesmas, meningkat dari 77% di tahun 2015.",1
Cek Fakta: Hoaks Bantuan Rp 1 Juta Bagi Warga yang Punya Kartu Vaksin Selama PPKM,0
"Pemberian dana jaminan kesehatan / KIS dari Rp5,62 T menjadi Rp25,5 T. Penyaluran Bantuan Siswa Miskin meningkat dari Rp4,64 T menjadi Rp14,39 T.",1
"Pada tahun 2015-2017, pemerintah telah membelanjakan anggarannya utk hal yg produktif.

- Infrastruktur: 6 bandara baru; 9.544 km jalan rekonstruksi, pelebaran dan pembangunan baru; 105 bendungan baru; 818 km rel kereta api, 341.500 unit rusun, rumah khusus, dan rumah swadaya.",1
"Untuk melihat dan memahami utang pemerintah secara proporsional, tentu saja harus dibandingkan dalam rasio yang lazim digunakan dalam pengukuran ekonomi suatu negara.",1
"Covid naik lagi, ada jenazah yang sampe terlantar di biarin di teras seharian karena ambulance overload. Pada kemana nih yang kemarin girang nyemangatin video viral pemudik yang lolos penyekatan? Yang mudik? Yang alesan nya belum tentu taun depan ketemu lagi? What you've done?Relieved face",1
"Jenazah Covid-19 Terlantar di Depok, Relawan Pemusalaraan: Maaf, Sistem Antrian https://metro.tempo.co/read/1482148/jenazah-covid-19-terlantar-di-depok-relawan-pemusalaraan-maaf-sistem-antrian?utm_source=Twitter&utm_medium=Digital%20Marketing&utm_campaign=dlvrit #TempoMetro",0
Keluarganya terpaksa mengambil jenazah yang meninggal dengan suspect COVID-19 karena menilai jenazah dibiarkan terlantar dalam waktu lama oleh Satgas COVID-19. #publisherstory,0
Jenazah Positif Covid-19 Terlantar Akibat Menunggu Antrean Tim Pemulasaran http://dlvr.it/S2JMmV,0
"VIRAL 

5 Manfaat Baik Air Jahe, Meredakan Mual sampai Nyeri Haid",0
"Kenapa kiranti bisa sembuhin nyeri haid? 

Karena ada kandungan kunir (kurkuminoid), jahe, kencur yg senyawa alaminya emg bisa meredakan nyeri. Dan ada tambahan gula jawa untuk memaniskan",1
"Selain bisa untuk menghangatkan tubuh, jahe juga banyak manfaat lain loh.. Nah ini manfaat jahe yg lain, sobat...

1. Mengurangi reaksi alergi
2. Menurunkan berat badan
3. Meredakan nyeri haid
4. Meredakan nyeri sendi dan otot
5. Mencegah risiko penyakit jantung",1
"Iris tipis 5 cm jahe, rebus dalam 3 gelas air hingga menjadi 1 gelas, tambahkan gula minum 3x sehari untuk meredakan nyeri haid #tipsRIM",1
"Buat yg sering nyeri haid :) RT 
@drMetiMetiani
: ""Minum air jahe seminggu sebelum menstruasi,meredakan nyeri saat haid""",1
"Sahabat, ada yang tau rumput teki? Ternyata rumput teki jg bs meredakan nyeri haid lho! Caranya dg minum air rebusan umbi rumput teki&jahe.",1
#5 Kandungan air jahe di percaya mampu untuk meredakan nyeri dan kram yang di alami kamu saat haid,1
Ketiga siswa SMAN 2 Palangka Raya itu berhasil menemukan obat kanker dari akar kayu Bajakah. https://kumparan.com/@kumparannews/jokowi-ingin-undang-anak-sma-penemu-obat-kanker-ke-istana-1rfixqwsRCB?utm_medium=post&utm_source=Twitter&utm_campaign=int,0
Dari hasil penelitian terhadap kayu bajakah itu terdapat enam senyawa aktif obat penyembuh kanker dan antioksidan.,0
Jual akar kayu bajakah obat kanker.,1
Akar Kayu Bajakah Kering Obat Tumor Dan Kanker Dari Kalimantan Tengah Asli,1
Herbal kayu bajakah obat kanker payudara,1
"kayu bajakah obat kanker: mengandung fenolik, steroid, tannin, alkonoid, saponin, terpenoid, flavonoid",1
"Walau Patut Diapresiasi, Kayu Bajakah Belum Tepat Disebut Sebagai Obat Kanker",0
Menguap merupakan reaksi refleks untuk memberikan pasokan udara ke dalam tubuh. Karena paru-paru Anda kurang mendapat oksigen. Dengan mengambil nafas dalam - dalam sebagai respon alami akibat tertutupnya paru-paru oleh karbondioksida atau kekurangan oksigen. #DidYouKnow,1
Menguap ni sebab mengantuk ke sebab kurang oksigen?,1
Mau tanya dokter Koko. Benarkah menguap itu tanda kurang oksigen didarah?,1
Katanya kalau suka menguap artinya kurang oksigen mi Face with rolling eyes,1
Menguap kadang sebab kurang oksigen inda semestinya sbb ngantok rayang,1
alau kerja pagi mesti mengantuk sbb oksigen dlm kepala kurang. Kes tu menguap beratus kali Smiling face with open mouth and cold sweat #CariAkuDiSyurga #TeamLisa,1
"Menguap mungkin membantu mendongkrak jumlah oksigen yang masuk ke dalam otak dan mengeluarkan kelebihan karbon dioksida. Beberapa percaya bahwa menguap berfungsi untuk membawa udara dingin untuk mendinginkan otak, kurang lebih seperti fungsi radiator pada kendaraan.",1
Sirih adalah daun yang memiliki efek terapi tinggi. Bisa mempercepat penyembuhan luka dan anti bakterinya mencegah infeksi.,1
"Manfaat Sirih Hijau diantaranya dapat menurunkan gula darah pada penderita diabetes, menurunkan kolesterol dan tekanan darah, penangkal kanker, mempercepat penyembuhan luka bakar dan masih banyak lagi.",1
"""Pumpkin pernah baca di suatu buku atau web. Jadi, daun sirih itu dapat mempercepat penyembuhan luka. Kan waktu kita luka tubuh merespon agar segera menghentikan pendarahan tersebut walaupun dengan kecepatan yang berbeda - beda.""Ujarnya berhenti sebentar.",1
"Khlorofil pada daun sirih berkhasiat sebagai antiradang, antioksidan dan mempercepat penyembuhan luka  #alami",1
Mempercepat penyembuhan luka bakar #sirih,1
"Mempercepat penyembuhan luka

Stres oksidatif yang tinggi penyebab radikal bebas bisa memperlambat penyembuhan luka. Daun sirih mengandung polifenol yang termasuk dalam kategori antioksidan. Komponen ini meningkatkan aktivitas enzim pencegah radikal bebas. #kumparanFOOD",0
"Manfaat daun sirih baik sirih hijau atau sirih merah untuk kesehatan;
1. Menurunkan gula darah pada penderita diabetes tipe 2.
2. Menurunkan kolesterol dan tekanan darah.
3. Penangkal kanker.
4. Mempercepat penyembuhan luka bakar.
5. Membantu menurunkan depresi.
",1
DIY Sampo Campuran Aspirin yang Tak Merusak Warna Rambut  http://lifestyle.liputan6.com/read/2340098/diy-sampo-campuran-aspirin-yang-tak-merusak-warna-rambut,0
Sampo pewarna yg tidak merusak rambut,1
Kandungan Sampo Ini Merusak Rambut Anda http://fb.me/6nHP8tz2g,1
"semua sampo merusak rambut q,,,",1
Sampo bayi formulanya lembut utk rambut & tdk akan merusak warna rambut #haircaretip,1
"Kenapa Minuman Soda Dapat Membuat Perut Buncit? http://de.tk/63QC7c via 
@mytranstweet",0
terlalu banyak soda membuat perut buncit oenyoe,1
Minuman berkarbonasi atau soda.  berpeluang membuat perut menjadi buncit. Cowok ni sasarannya. Solusinya hindari sajalah...,1
Saya ga suka soda tp nyut e tetep buncit :(( RT @WRPdiet: Mitos/Fakta: minum soda bisa membuat perut buncit?,1
Hal ini disebabkan pemanis buatan dalam soda membuat perut lebih cepat buncit dan membuat rasa lapar lebih mudah datang.,1
Hal ini disebabkan pemanis buatan dalam soda membuat perut lebih cepat buncit dan membuat rasa lapar lebih mudah datang,1
"Kebanyakan soda dapat membuat perut tambah buncit?

Sepertinya iya. Tambah buncit lagi dah -_-",1
"Bukan Hanya Liur, Ini Senjatanya Komodo: Liur komodo yang mengandung 60 bakteri mematikan dikenal sangat berb... http://bit.ly/2fcyYRT",0
"Serangga batang tidak bergerak hampir sepanjang hari

 Air liur komodo mengandung 50 bakteri yang mematikan #kpt",1
"#faktanya air liur komodo mengandung banyak bakteri yang sangat berbahaya.
",1
"Uniknya air liur komodo mengandung bakteri yang sangat mematikan, tetapi mereka mampu bertahan #evolusi",1
Air Liur Komodo mengandung bakteri yg mematikan????wahaha serem-_-,1
Air liur Komodo mengandung sejuta bakteri menular yang berbahaya. Infeksi bisa mematikan jika tidak diobati.,1
Liur komodo mengandung ribuan bakteri.. Jd jgn skali2 kpikiran bt ngelap mulutny walo dy ngeces kmana2!!,1
Tau video viral uang koin tertempel di lengan seseorang lalu diklaim menempel setelah diletakkan persis di area bekas suntikan vaksin Covid-19 lalu menyebut vaksin tersebut mengandung magnet. Ada yang share di grup wa kalian belum? bantu lurusin yuk. Itu hoaks gaes #Ready4Vaksin,1
[Hoaks] Vaksin Covid-19 Mengandung Magnet Karena Koin Bisa Nempel pada Lengan Bekas Suntikan,1
"Ketua Technical Advisory Group on Immunization (ITAGI), Sri Rezeki Hadinegoro mengatakan, lubang jarum suntik yg digunakan utk vaksin sangat kecil sehingga tdk mungkin bisa dilewati partikel magnetik. Jadi berita bahwa vaksin Covid-19 mengandung magnet itu hoaks. #StayFitForLife",0
"Pria Berbaju Kostrad Sebut Vaksin Covid-19 Mengandung Magnet, Dokter Bongkar Komposisinya",1
"Ini Penyebab Uang Koin Bisa Menempel di Lengan, Bukan Karena Vaksin Covid-19 Mengandung Magnet https://tribunnews.com/nasional/2021/05/28/ini-penyebab-uang-koin-bisa-menempel-di-lenganbukan-karena-vaksin-covid-19-mengandung-magnet… via @tribunnews",1
Memakai emas sampai lengan dapat menyebabkan kanker yang membuat otaknya harus di potong ketik 1 untuk setuju,1
"Selamat maroko tp inget Maroko dapat menyebabkan kanker, serangan jantung. Impotensi dll RT @detikcom : Puasnya Maroko Usai Dapat Medali Emas",1
Tragedi Teluk Buyat jgn sampai terulang Pembuangan limbah tailing Merusak biota laut Menyebabkan kanker kulit dari sisa Air Raksa Penderitaan rakyat... Tragedi Newmont tambang emas,0
Pond's Gold (kalo ga salah) mngandung mikropartikel (or smthg lke that) emas. Bknnya emas bisa menyebabkan kanker ya? Enlighten me pls,1
"#Buang emas dirumah ini !!! *Dapat menyebabkan kanker, serangan jantung, impotensi dan gangguan kehamilan dan janin.#SERAMMM",1
"!!! RT 
@desyc
: Karena lipstick yang berubah hitam ketika dioles di cincin emas mengandung zat yang menyebabkan kanker.",1
"Kata siapa air dingin/es bisa bikin gendut? Air dingin/es bisa bikin gendut kalau rasanya manis ya Healthizen! Face with monocle

#senisehat #SelasaSambat #tipsdietsehat #infosehat #informasisehat #dietsehat",0
"""Mitos : Air Es Bikin Gendut / Gemuk & Perut Buncit?"" => http://goo.gl/W6T5c via 
@Shareaholic",1
Ini nih bnyk yg bilang kalo air es bikin gendut. padahal kalo air es nya ditambah susu gula kopi ama boba baru bikin gendats,1
"Tapi lebih banyak yg bilang ada hub nya kalau minum air es bikin gendut. Face with tears of joy

Jadi kesimpulannya...

Minum air es kaga bikin gendut,  asal kaga ketelen ampe perut.",1
"Sudah keterlaluan sekali lagu kebangsaan indonesia diganti liriknya dengan kata-kata yang tidak pantas!! 

RESPECT FOR INDONESIA RAYA SONGS AND INDONESIAN HOMELAND !

#IndonesiaRaya 
#Malaysia",1
Lagu Indonesia Raya sudah diganti dengan lagu Mars Perindo....,1
"[SALAH] Video “lagu Indonesia Raya..sudah diganti ya?” 

BUKAN diganti. Lagu Indonesia Raya di video itu adalah lagu Indonesia Raya 3 stanza yang memang sesuai dengan UU 24 tahun 2009 tentang Bendera, Bahasa, dan Lambang Negara, Serta Lagu Kebangsaan. Video itu merupakan ...",0
"Lagu Indonesia Raya sudah diganti lagu presiden, di hari peringatan",1
"ternyata syair lagu Indonesia Raya sudah diganti dari yg asli, syair aslinya bukan seperti sekarang yah!",1
Lagu Indonesia Raya Sudah Diganti http://cirt.bulelengkab.go.id/verifikasi/detail/2717-lagu-indonesia-raya-sudah-diganti,1
Tak benar penerima vaksin corona bisa dideteksi melalui bluetooth.,0
"PENERIMA VAKSIN CORONA DAPAT DIDETEKSI MELALUI BLUETOOTH
Beredar sebuah klaim penerima vaksin corona bisa dideteksi dg bluetooth, krn vaksin yang disuntikan mengandung microchip atau magnet. Info tsb tdk benar. Legkapnya di: https://bit.ly/2TylUQB
#Bluetooth #hantamhoaks #JSH",1
"Kenapa sih jajanan jaman 90'an udah jarang diperedaran?

Karena dulu belum atau bahkan gak ada istilah ""generasi micin"" atau hoax ""kebanyakan makan micin jadi bego"".

Sekarang orang tau nya itu jajanan yg menyebabkan kebodohan. #Gosip90an",1
kebanyakan micin menyebabkan kebodohan,1
"Banyak mengkonsumsi micin itu bisa disebabkan dan bisa menyebabkan kebodohan.

Sekali makan sekilo, misalnya.",1
"FYI sampe sekarang belum ada penelitian yang membuktikan micin itu menyebabkan kebodohan dan lainnya, bilangnya jangan bawa stigma negatif ke bola kita, tapi sendirinya juga bikin stigma negatif ke micin cuma gara gara rame generasi micin itu bego yang belum tentu kebenarannya Wajah tersenyum dengan mata tersenyum",0
"Hahaha. Itu micin kan MSG, kebanyakan makan micin menyebabkan kebodohan Wajah dengan air mata bahagia",1
"Coba cek di google nama penyakit GERD , itu yg menyebabkan beberapa kematian mendadak",1
"Tanda silang dalam kotak negatifKEMATIAN MENDADAK...☠Tanda silang dalam kotak negatif

Benarkah slalu karena JANTUNG...Ornamen tanda tanya merahOrnamen tanda tanya merahOrnamen tanda tanya merah

Jadi ingat dgn penyakit yg Ane idap slama 10 tahun hingga kini yaitu #GERD_MAAG (asam lambung naik)

.

Di saat kumat itu nyesek nya ampe ke ulu hati… https://instagram.com/p/B8uqnkUFPiK/?igshid=18y0q8ghj7023",1
"Inget ya ""GERD TIDAK MENYEBABKAN KEMATIAN MENDADAK.""
Saluran jantung sama lambung itu beda jadi ga bisa itu asam lambung masuk jantung. Karena memang dekat posisi organnya, jadi gejala mirip. Usia tua dgn keluhan gerd wajib direkam jantung ya untuk menyingkirkan diagnosis lain.",0
"Presiden Donald Trump meninggal dunia akibat COVID-19. “Karena penyakit COVID-19, Presiden Donald Trump meninggal dunia di usia 74 tahun”. Informasi diunggah pengguna Twitter foxnewes. Cek faktanya==> http://dlvr.it/RjsrcL",1
"#TRENDING Viral, Prediksi 'The Simpsons' Donald Trump Meninggal COVID-19?",1
Bulan ni Donald Trump meninggal.,1
besok donald trump meninggal dipnggil Almarhum donald trump bodoh kelal,1
nglegok.com/index.php/Pria India Pemuja Dewa 'DONALD TRUMP' Meninggal Akibat Serangan Jantung,1
"Kabar Duka - Sahabat Donald Trump Meninggal Karena Covid-19, Presiden AS Sempat Cerita Soal Chera",1
Twitter dengan tegas menghapus cuitan netizen yang berisi harapan agar Presiden Amerika Serikat Donald Trump meninggal dunia akibat Covid-19. https://inews.id/news/internasional/twitter-hapus-cuitan-netizen-yang-berharap-donald-trump-meninggal-akibat-covid-19 #iNewsid #Internasional,0
"Menjijikkan, Kader PDIP Minum Bekas Air Cucian Kaki Megawati via 
@Bamzcoid
 - http://mediamuslim.org/2016/12/menjijikkan-kader-pdip-minum-bekas-air.html,,TOLOL DAN EDIOT,LEBIH BAIK CUCI KAKI IBU LOE",1
Lebih jorok lagi kader PDIP.. Air bekas cucian kaki si megawati dibuat minum. Kan TOLOL..,1
"Kalo gw sih Jijai amat ih : Kader PDIP Minum air cucian kaki Megawati....hihihi
http://m.wartabuana.com/detail.php?id=38093",1
Hah..Ada Kader PDIP Minum Air Bekas Cucian Kaki Megawati? Ini Lihat Fotonya http://bitly.com/1dKtolB,1
"Menjijikkan, Kader PDIP Minum Bekas Air Cucian Kaki Megawati http://fb.me/1yVn0cbPh",1
Yg minum air cucian kaki Megawati Anda rekrut jadi kader PDIP ya?,1
Cara Menggugurkan Kandungan Dengan Nanas Muda: Cara Menggugurkan Kandungan Dengan Nanas Muda Cara Menggugurkan K... http://bit.ly/XUwGqI,1
Jumpa nanas boleh menggugurkan kandungan je hahahahaha,1
"Cara Menggugurkan Kandungan Dengan Buah NANAS,PEPAYA,DURIAN: Cara Menggugurkan Kandungan Dengan Buah - Berbagai… ",1
Karna nanas itu menggugurkan kandungan dan nanas itu pula menggugurkan isi perut saya yg langsung keluar… [pic] — https://path.com/p/AIgFQ,1
"Sebenarnya belum ada penelitian yg mengatakan bahwa dengan hanya makan Nanas bisa menggugurkan kandungan. Hem malah, Nanas itu mengandung banyak serat sehingga sangat bermanfaat untuk menjaga kerja saluran cerna. 
Konseling kehamilan tidak direncanakan cek http://bit.ly/HotlineSamsara",0
odol atau biasa disebut pasta gigi yg biasanya digunkn untuk gosok gigi. kali ini saya coba untuk di pakai menyembuhkan jerawat di kepala :3,1
"Tp odol yg kluar dgn digosok, bukan dipencet RT""
@yudi_114
: Menyembuhkan Jerawat Dengan Cepat Memakai Odol""",1
"cuci muka pake odol?? shock RT 
@sofianuruladni
: Pasta gigi membantu menyembuhkan #jerawat karena mengandung ... (more) http://tm.to/E0Ce",1
"Hey 
@edhoabdullah
 
@Jnyitzlicious
 bisa cuci muka pake odoL skrg RT 
@InfoFollowers
: Pasta Gigi Bisa Menyembuhkan Jerawat http://bit.ly/fXodT8",1
Bkn nya bakar lemak mlh menimbun lemak.. *grauk grauk lontong cap gomeh dan es campur* #arisankeluarga,1
Es susu roti coklat risoles ! Menimbun lemak untk musim hujan ;;),1
"sebelum bandung jd sedingin es jd investasi lemak dri skrg ye? hahaa RT @fajriahmuthi: bagus riiin, menimbun lem (cont) http://twt.im/uZo4p",1
Berhentiii makan xg menimbun lemak :( berhenti makan xg gga sehat n terntunya berhenti minum air es segala xg bentuk es yooo isookk akuu :D,1
Artinya dwiki makan mie setan gak ajak2 menyebabkan usus buntu trs besoknya di podcast doraemon,1
Makan Mie goreng 31 bhungkus menyebabkan usus buntu,1
"sampe saat ini tidak ada data dan penelitian valid yg menyatakan mie instan menyebabkan usus buntu. 

tapi ini jgn dijadiin alesan buat makan mie sebanyak-banyaknya yah bund apalagi ditambah jarang makan buah atau sayur yg mengandung serat.",0
"Kebanyakan makan mie usus buntu masuk rumah sakit
Bisa menyebabkan kematian klo bnyk bnyk",1
kebanyakan makan mie menyebabkan kematian contohnya usus buntu,1
"Minum air putih hangat kk, untuk melarutkan sisa lemak di tenggorokan biar gak mudah haus. 
(Katanya) Face with tears of joy",1
"Air hangat melarutkan lemak
Translate Tweet
Yess
0%
Kl cmpur sabun mungkin Kissing face with closed eyes
100%",1
#MitosDiet: Minum air hangat bs bantu melarutkan lemak. Air pada suhu berapapun = 0 Kal. Cara terbaik Bakar Lemak adl olahraga kardio.,0
"Diantara 3 mitos tentang makanan adalah,
1. Minum air dingin setelah makan dapat memicu kanker
2. Konsumsi sayap dan leher ayam dapat memicu kanker
3. Konsumsi mie instan dan cokelat dalam waktu bersamaan dapat menyebabkan keracunan",0
"Wajib Diketahui Bahaya Makan Sayap Ayam Menyebabkan Kanker
https://goo.gl/LUuaN0 http://fb.me/67GjPgnfJ",1
"Bukan.a ceker ayam and sayap ayam juga dapat menyebabkan kanker kisata yah min tepatnya kista coklat 
@wowfakta",1
"kesehatanmuslim.com HOAX:  Makan sayap dan ceker ayam suntik menyebabkan kanker http://bit.ly/1t4vOCD 
@KesehatanMuslim",1
"pasti air mentah ,beli es lgsg pilek. :(",1
"pantesan jadi pada pilek , org aku slh ngambil air astaga mana air mentah yg buat mnum !! :->",1
"Kereeeeen. Sehat banget mesti. Kirain karena boba susah di cerna
Kalo ku tak bisa minum es yg air nya mentah. Misal es rasa rasa terus air campuran nya mentah. Auto pilek tunai gk pake nanti. Sama saja Face with tears of joy",1
"Joke in the early pandemic. ""korona ga berani deketin orang indo, pilek sampe blablabla gapapa, minum es air mentah ga mati"". Pake masker buat nutupin muka kucel dibercandain, ""korona ya?"". Now, those are not funny at all.",1
"Harus air Mateng air galon , klo air mentah banyak bakterinya nti bisa pilek Kya kucing aku",1
"Banyak orang percaya bahwa emping yang berasal dari melinjo bisa menyebabkan asam urat. Padahal yang menyebabkan asam urat dari emping bukanlah melinjonya, tapi proses penggorengan dengan minyak yang menaikkan kadar lemak pada emping.",0
"Emping asam urat...
Mete mblenger...

Cen sing larang ki kudu di adohi
Squinting face with tongue",1
"Goreng emping, hello asam urat",1
"Asam urat,,pake emping",1
asam urat emping,1
"kan di blg ular ""takut"" ular kena garam mati",1
Katanya garam takut sama ular ya,1
oh iya ular takut garam,1
"Biasanya ular kena garam kristal takut
Gesek kulit",1
"Demi Allah
Garam
Takut ketemu ular om",1
Garam nya takut sama ular,1
Mengonsumsi makanan pedas menyebabkan Maag sebenarnya adalah MITOS. Rasa nyeri akibat makanan pedas sebenarnya bukanlah disebabkan oleh gangguan pada asam lambung.,0
"Terlalu sering makan pedas menyebabkan maag akut, gejalanya seperti muntah,mual,diare",1
Hindari makanan terlalu pedas agar asam lambung tidak naik dan menyebabkan maag #TipsMily,1
Makanan yang terlalu pedas nantinya akan membuat asam lambung kamu naik dan menyebabkan maag kambuh.,1
Kerokan bisa menyembuhkan penyakit masuk angin.,1
kerokan adalah cara ampuh menyembuhkan masuk anjing,1
"Manfaat kerokan 
Kerokan dipercaya bisa membantu untuk proses penyembuhan pada seseorang yang mengalami masuk angin. kerokan ini dilakukan dengan gerakan ringan serta durasi yang singkat, dapat langsung membantu menyembuhkan masuk",1
mengkurep lalu kerokan bisa menyembuhkan,1
kerokan ibu always selalu menyembuhkan..,1
"Bilang aja gini 
""Kalo takut diawasin karena vaksin itu mengandung chip, mama make smartphone emg ga takut diawasin? Kan di dalem smartphone ad gps yg secara nyata mama bisa liat kegunaanya dan bisa track jg. Jgn karena banyak berita vaksin ngandung chip mm jd takut sementara -c",1
"Dalam film! Air minum bisa meledak???! Bagaimana dgn vaksin? Tidakkah mungkin bisa meledak? Atau mengandung bahan chip? Sehingga semua manusia masuk dalam monitor Tiongkok? Tiongkok memang hebat! ""Tuntutlah ilmu sampai kenegeri China""!!!",1
"""Vaksin itu bahaya karena mengandung chip""
Besoknya malah beli saham blue chip.

Nggak nyambung itu indah.",1
vaksin mengandung magnet/chip dsb apalah itu(?) .... bapaknya lagi keringetan kali bisa nempel tu coin 1000an td nyoba nempelin trnyata bisa nempel kok padahal blm vaksin hahahaha,1
"Aku lebih memilih dipecat dari PNS daripada suntik vaksin yang bahannya juga haramin darah dan mengandung chip.
Tujuan komumis adalah agar manusia bisa diperlakukan seperti hewan, ini pernah dicoba saat lenin berkuasa.",1
"BAGAIMANA SEBUAH HOAKS DIBUAT DAN MENYEBAR?

Kita ambil sebuah contoh kasus hoaks yang banyak didebunk di atas. Yaitu hoaks vaksin covid19 mengandung chip.",0
Nomor satu penyebab kanker kulit adalah dari paparan sinar matahari. Kita sebagai warga negara Indonesia yang tinggal di negara dengan musim panas sangat panjang tentunya hal ini… https://instagram.com/p/BkY9E_Egrdn/?utm_source=ig_twitter_share&igshid=8c11dvf62l4b,1
Jenggot dan kumis ampuh untuk mengurangi risiko kanker kulit di area wajah dari paparan sinar matahari.,1
"Fungsi :
Melindungi kulit dari paparan sinar matahari yang dapat berpotensi menyebabkan kanker kulit.",1
"Pernah dengar gak kalau pembalut bisa menyebabkan kanker serviks? Ternyata itu mitos loh. Semua pembalut sama baiknya asal kita ganti dengan teratur, bahkan kalau 2 jam sudah terasa basah sebaiknya langsung diganti #MenstrualHygieneDay",0
"berita beb, katanya pembalut yg beredar di indo gak ada yg aman,semuanya mengandung klorin bisa bikin keputihan sampe kanker",1
Tissue dan Pembalut Dapat Menyebabkan Kanker https://blog.kusonime.id/tissue-dan-pembalut-dapat-menyebabkan-kanker/,1
"""Jangan makan coklat/kacang mulu nanti jerawatan!""

Eits, nih ya, mimin kasih tau. Menurut penelitian American Academy of Dermatology untuk urusan kulit menyatakan bahwa kacang dapat menyebabkan jerawat hanyalah mitos dan tidak benar. 

#KlopSaluto #EnaknyaGaBisaStop #Saluto",0
Ya Allah deg2an bgt panen jerawat setelah td siang makan banyak bgt kacang rebuss di kantorWeary face,1
nope bestie. justru kacang penyebab jerawat Smiling cat face with heart-shaped eyesKissing cat face with closed eyes,1
"Jika makan kacang menghasilkan jerawat, maka makanlah jerawat agar menghasilkan kacang",1
"mikir kenapa jadi breakout, dari jumat sampe kemarin udah minum chatime 2x minuman family mart 2x ditambah brownies dan ngemil kacang mede

jerawat:",1
"Yg seminggu lalu vaksin bareng ma gw di polsek Andir Bandung.
Selamat vaksin anda di sponsori BANK NCP.
telah masuk di antara sel darah kalian aliran aliran RIBA RIBA CLUBS.
Rolling on the floor laughingRolling on the floor laughingRolling on the floor laughing",1
"Pada dasarnya yg bikin bank riba itu sistem bunga, bunga termasuk riba, dan udah jelas banget tertera dalil di Al-quran larangan riba. Lebih jelasnya cari di google aja:)",0
"pertanyaan apakah minum kopi itu baik atau buruk bagi kesehatan mungkin jawabannya  sama dengan pendapat ulama perihal bunga bank itu riba atau tidak

selamat pagi dari Banda Aceh ..",1
"Gmn ummat mau kaya,dikit2 riba,Bank itu haram.
Lebih baik miskin tdk berhutang tdk dilaknat Allah...
Ada ummat yg bgitu? 
Banyak...Grinning face",1
Jual kentut. Kan bau kentut bisa mencegah kanker.,1
mad.. katanya  bau yaa kentut napi yg satu sel dgn mu.. tapi Itu bagus loo untuk anti kanker.,1
peneliti menemukan fakta bahwa setiap  bau kentut yang dikeluarkan mengandung gas hidrogen sulfide. Senyawa  kimia ini ternyata mampu mencegah kerusakan mitokondria. Yaitu sel-sel  yang terbentuk dari salah satu gejala yang mengakibatkan kanker. #sebarkankebaikan,0
"Fakta Unik, Mencium Bau Kentut Suami Bisa Cegah Kanker dan Panjangkan Umur Istri http://dlvr.it/PzpNNH",1
Menghirup Aroma Bau Kentut Bisa Memperpanjang Usia Dan Mencegah Kanker: Menghirup Aroma Bau Kentut Bisa… http://dlvr.it/D74bCr,1
Skripsi ditiadakan.,1
"barutau skripsi udah ditiadakan, diganti jadi apaa ilmiah gitu",1
"Tiba tiba ada keajaiban, ""untuk lulusan 2022 dan seterusnya, skripsi ditiadakan *ketok palu*"" 
Hiyaa mimpi dulu kawan",1
skripsi ditiadakan loh!,1
Skripsi ditiadakan tapi di ganti TA wkwk,1
"#3 nah ini yang lebih penting , jangan terlalu sering kuku cantik-mu itu terkena bahan kimia misalnya kutek yang bisa merusak kukumu (1)",0
"Ayooo, sista"" yg mau bergaya tapi takut dompet jebol, bisa order dkita, kutek sm hairchalk ngga merusak rmbt sm kuku, jamtgn ori & murmer ;)",1
"Njirr soda gembira,  bikin cacing perut loncat"" haha",1
"Yakali buka puasa lgsg minum soda,  itu cacing lgsg almarhum haha",1
Cacing lu demo je kalo lu minum soda,1
Ngajarin soda dan cacing diperut km ngedance Thumbs up,1
"Babi kalau disiram pake soda kan keluar cacing pita yak. 

Terus berati. 

Cacing pita kalau disiram pake soda keluar babinya yak.",1
siram aja dek kalo ketemu org ini pake soda biar keluar cacing pitanyeee,1
"Daripada yang memakai softlens! Mereka itu ibarat batu akik yang meredup! Merusak mata! Tidak alami!  (""¬_¬)--o)*з*)ː̖́. '-')/plak",1
Yg bahaya itu kalo gak ada uang utk sekedar beli mie instan dan nasi,1
"Bahaya makan mie dan nasi secara bersamaan 

Selain rasanya yang enak, mi juga mudah di olah sehingga para orang tua juga tidak…",1
"iya min bahaya bisa bikin kekenyangan,apalagi mie instan goreng dengan nasi dan telorDrooling face",1
hair mask untuk apa? Eits jangan salah dulu kamu harus tau bahan kimia yang terkandung dalam obat smoothing permanen itu sangat merusak rambut kamu dan wajib banget treatment hair mask khusus untuk smoothing agar rambut kamu kembali ternutrusi dan di obati kembali dengan hair,0
Bawang Putih Ternyata Bisa Sembuhkan Kanker Begini Cara Mengkonsumsinya Jangan Salah Kapra http://kupang.tribunnews.com/2019/04/05/bawang-putih-ternyata-bisa-sembuhkan-kanker-begini-cara-mengkonsumsinya-jangan-salah-kapra,1
Sembuhkan Kanker Paru dengan Bawang Putih http://bit.ly/2d3WWlm #QurbanDemiBangsa,1
"#MostPopular Ragam Hoax Kesehatan Terkait Bawang Putih, Sembuhkan Kutil Hingga Kanker",0
"Habis minum es , keselek boba , boba ya gamau kluar , dan skr kepalaku pusing . Hmm jd takut bobanya menyumbat ke otakku :(",1
Aku worried boba itu akan menyumbat di dada aku sehingga aku tida bisa bernafas seperti yg di beritakan di media sosyal itu. insecureLoudly crying face,1
Auto mati soalnya boba dapat menyumbat usus,1
"Pelopor usus buntu, boba tsb menyumbat sirkulasi usus Smiling face with open mouth and smiling eyes",1
sosis itu sebenarnya dibuat dari usus babi yang isinya dari daging babi giling + darah yang dibekukan,1
Heet segala sosis sekarang dari daging babi,1
"Itu lho,saos oren yg spt digambar. Saus yg konon kabar terbuat dari tomat busuk yg udah berulat wkwkwk",1
"Ya, mereka kebal pasti..
Wong makan pakai saus sambal yg produksinya dari cabai dan tomat busuk aja masih pada sehat wkwkw",1
wah iya! Pakai saus dari tomat dan cabe busuk makin gress.,1
Saus Tak Sehat dari Cabai dan Tomat Busuk http://bit.ly/xVtGfq,0
"Stres juga berpengaruh di kulit lho. Salah satunya bisa menimbulkan jerawat yang timbul karena hormon kortisol. Hormon yang satu ini timbul akibat stres dan ternyata meningkatkan produksi minyak. Coba untuk menenangkan diri dan bersikap relaks.

#Kliniksyifa
#Healthandbeauty",0
"Memulai chat ada unsur ekspektasi di dlmnya. ekspektasi kalo ga sesuai sama realita menyebabkan kepikiran. kepikiran jadi stres. Stres bisa menimbulkan jerawat.
jadi jgn chat duluan nanti jerawatan:)",1
"facial merusak wajahku yang mulus :'( 
nyesel pki bgt, andai penyesalan dtang di awal, q g akn kyk gni ..
# syittt.. !!!",1
Haduh nungguin in trans bintaro ini bener-bener merusak hasil facial kuu!! #panasgilak,1
"Begitu merasakan sakitnya Facial, yg terbesit dipikiran jahat gw : mbak2 ini mau menggagalkan pernikahan gw dng merusak wajah tampan gw!",1
Emg klo org yg foto pake background koran bakal pendek umur?,1
tiap hari mau liat foto haruto yang baru tapi tiap ada foto baru umur gue pendek sebulan,1
 jgn foto mulu y com nanti pendek umur wkwk 'Smiling face with open mouth and tightly-closed eyesSmiling face with open mouth and smiling eyesFace savouring food (with komariyah) [pic] — https://path.com/p/3F5rUy,1
ini cewe gak bisa normal sedikit apa kalo foto? inget umur makin pendek,1
"Trus jg pernah dgr, kalo d foto akan memperpendek umur. Bukanny pendek umur, panjang umur it kan cuma Allah yg tau. Hmm.. masi blm paham.",0
"Katanya » kebanyakan foto bikin umur jadi pendek, setiap satu jepretan jatah hidup berkurang sejam (¬_¬"") emg iy ?",1
"*aot warning spoiler

Makanya jangan foto bertiga, yang di tengah mati kan",1
"Kata orang2 jaman dulu kalau foto bertiga yg tengah mati duluan.

Kata orang2 jaman sekarang kalau foto bertiga yg pinggir mati duluan.",1
"dulu : jangan foto bertiga, ntar yang tengah mati
sekarang : jangan foto bertiga, ntar kena tikung",1
"pepatah zaman dahulu''
 kalau foto bertiga, yg tengah mati duluan
 
tapi sayangnya aku punya banyak nyawa Smiling face with sunglasses https://instagram.com/p/BmKreXOgy4Z/?utm_source=ig_twitter_share&igshid=1ki153xvgx9j7",1
"Hati"" mitosnya foto bertiga yang tengah mati duluan",0
"Mitos ""klo foto bertiga yg bakal mati duluan yg di tengah"" itu ga berlaku buat levi ackerman",1
Emang kenapa foto bertiga? Yg tengah bakal mati? Yang kanan kiri emang bisa abadi?,1
"ya emang kalo pake bawang putih tuh gak boleh lama2 dan harus langsung dibersihin. kalo gak, jadinya kayak luka bakar gitu. ngelupas kulit nya. tapi emang bikin jerawat cepet mateng. dulu aku pake saleb yg buat luka gitu sembuh",0
Itu lari tengah malam gak bakalan kenap paru-paru basah?,1
"Makan daging ular ktnya bisa menyembuhkan penyakit. Kt org yg prnh mkn, asmanya sembuh dan gaperlu pk kcmt lg. Wah mau, kynya enak",1
"Mimpi ngelihat ular tp nggak gigit ,pertanda apa? RT""
@PenafsirMimpi
: Mimpi sembuh dari penyakit,",1
"Penyakit sembuh nyawa hilang"" @iniFAKTAnya_: Bisa ular seperti mamba jameson dari Kamerun, dapat digunakan untuk mengobati penyakit jantung.",1
"Pria Ini Gunakan Ular Kobra untuk Obati Penyakit Putrinya: Bukannya sembuh, anaknya malah dilarikan ke rumah sakit http://bit.ly/1Rt0ZWg",0
Tinjauan sistematis kasus di 26 negara tunjukkan anak lebih kebal terhadap Covid-19.,1
"Data IDAI memperlihatkan, hingga 18 mei, hampir enam ratus anak positif Corona. Dan lebih dari 3.300 anak dalam status pasien dalam pengawasan. Karena itu, ikatan dokter anak Indonesia membantah, bahwa anak ebih kebal terhadap paparan virus Covid-19. https://youtu.be/eWMv-8F0IFw",0
"Kasus Unik, Anak Kecil Kebal Covid-19 Meski Orang Tua Positif",1
Tapi yang anak kecil lebih kebal covid emg bener sih,1
keren yak anak jendral di indo pada kebal covid semua jadi kaga perlu make masker,1
Lebih tepatnya dana haji diinvestasikan utk dikorupsi,1
"Menteri Agama, Yaqut meminta agar Badan Pengelola Keuangan Haji (BPKH) menginvestasikan dana haji untuk membiayai pembangunan di Indonesia.",0
"Dear Pak 
@jokowi
 , jika Tagline #NKRIHargaMatiTidakPakeMaskerBisaMati diganti dengan *Ayo Vaksin,Biar Lepas Masker Segera* boleh gak ??? Tagline negative kayanya udh ga mempan ! #Giselle #Selingkuh sama #Ngabalin",1
Masih. Tp udah boleh lepas masker kalau udah vaksin dan ditempat terbuka,1
Kalo setelah vaksin jaminannya boleh lepas masker gini kan jadi semangat vaksinnya,1
"selamat bagi yg udah di vaksin..
moga sehat sll..
klo udah di vaksin, boleh donk lepas masker & ngga perlu jaga jarak??..",1
"AKU CINTA INDONESIA 
AKU PATUHI PROKES

Ayo vaksin biar segera kita lepas masker",1
[] kaga vaksin. minum pil. pil kb,1
"emg bosen kenapa ? jgn d vaksin pake pil KB aja haha RT 
@tiewyantiew
: hrs d vaksin anti bosen kali yaa?? haha. RT 
@WindaGifmore
: bener bgt",1
CEK FAKTA: Belum Ada Data Valid Soal Larangan Minum Pil KB Sebelum dan Setelah Vaksin: Klaim bahwa larangan meminum pil KB sebelum dan sesudah vaksin covid 19 akan menyebabkan pembekuan darah adalah tidak benar. Wanita yang minum pil KB bisa mendapatkan…,0
vaksin atau suruh minum pil kb :(,1
"Kalau di tanah air, kmrn om saya dan saudara, saya kasih minum teh daun pinus plus jahe Kang, Alhamdulillah cepat sehat di test Swab trs negatif Folded hands",1
covid teh dia tidak ingin ikut menyebar droplet,1
"Hai #SobatLitbang, seperti yang kita tahu, Covid-19 dapat menyebar melalui percikan droplet saat bersin, batuk, maupun berbicara. Nah, memakai masker adalah salah satu cara yang paling efektif untuk menahan penyebaran droplet tersebut. Namun, tidak semua jenis masker aman dipakai",0
"PPKM diperpanjang sampai akhir juli, tahun ini qurban domba hago.",1
ppkm ga felleng akhir tahun sisan ta? Magak lek ate ngejurno wong2.,1
Aku uji kekuatan dengan cebong siapa yang lebih tahan menghadapi PPKM sampai akhir tahun…,1
PPKM ... pemberlakuan pembatasan kegiatan mencintai sampai akhir tahun See-no-evil monkeyPensive face hiks,1
Ppkm dua minggu diperpanjang sampai akhir bulan nanti diperpanjang lagi. Tahu gitu dari dulu langsung aja psbb 3 tahun wkwkwkwk,1
makan due biji durian dan akhirnye tewas,1
"PNS tewas makan durian (ˇ_ˇ"")​ #posmetro",1
Bukan obat buat covid yaa. Itu buat infeksi sampingan karena bakteri. Covid kan virus. Kenapa harus pake resep karena lihat dlu keadaannya. Biasanya antibiotik dipake klo ada pneumonia nya,0
"Hoaks Ojol Dilarang Angkut Penumpang di atas jam 9 Malam.

Ooh pantes kemarin langsung pada buru2 pulang, dipikir jam 9 udah gak ada ojol lagi.",1
"AYO VAKSIN !!
 Yang TOLAK vaksin anak PKI, 
Yang doyan Bikin Framing vaksin bikin MATI,  OTAK sesat pikir, BAJING*N!!
@na_dirs
 
@Ayang_Utriza
 
@ainunnajib
 
@sudjiwotedjo
 
@drpriono1",1
"Berdasarkan hasil uji klinis, vaksin Sinovac terhadap ratusan anak dinyatakan aman dan bermanfaat melindungi anak dari Covid-19",0
"Mending gak usah divaksin tau gitu mah, di vaksin gak ngaruh malah positif covid juga kan, lebih parah lagi banyak kasus kematian gegara abis di vaksin.",1
"Ndak usah ppkm,,Tutup saja pertamina
Pertamini..

Dah kelar",1
"#MGTNews PT Pertamina (Persero) menegaskan tidak menutup layanan pengisian bahan bakar minyak (BBM) di SPBU selama PPKM Darurat. Sebelumnya, beredar kabar bohong (hoax) SPBU Pertamina tutup sementara dari 12-17 Juli 2021.",0
PPKM - LIBURKAN PERTAMINA. KALO NIAT TUTUP JALAN. Kasihan pedagang kecil dan Mobil logistik.,1
"PPKM bisa lancar kalo pom pertamina tutup smpe tgl 20

ya mau gmn, transportasi aja pake BBM
trus klo mau pergi2 bensin gaada juga pada mager tu jalan kaki",1
Kalo mau PPKM terus mah mending tutup pertamina sekalian. Orang orang ga bisa apa apa. Percuma jalan di tutup pertamina jalan mah. Jalan tikus banyak,1
/kle pertamina tutup jam 9 juga ya ton gara2 ppkm?,1
"Nih yg mau mudik gw kasih tips, mendingan lu ganti plat nomor lu yg warna biru ada gambar jangkar.
Dijamin gak dicegat , percaya dah 100% tokcer.",1
Plat kendaraan di ganti warna merah aja See-no-evil monkey,1
"Ganti label aja lah teransportesionnya, trus kasih plat warna kuning gitu…",1
Lu ganti plat aja pake warna merah. Nanti juga tu bocah anun sama lu,1
"Kalau mau bebas ganjil genap tinggal ganti plat jadi warna kuning, so simple…",1
"Yg salah warna plat nya, coba ganti warna jingga 

#HakimMKDalamSorotanRakyat",1
"Plat nomor ganti warna putih, knalpot taro sebelah kiri.",1
"Swab antigen bekas, vaksin palsu.

Indonesia Smiling face with 3 hearts",1
Cape deh sumut..ga ada jera2nya. Kmrn swab antigen bekas skrg jual vaksin ilegal,1
"memanglah sumut ini dr kmrn bikin geleng2 kepala bah

di bandara, alat swab pake yg bekas 
skrg vaksin dicuri

betullah gotham city Expressionless face ",1
"Bansos dikorupsi, Swab bekas, Vaksin dicuri dan lain sebagainya. INDONESIA",1
"Jgn lupa, swab pake alat bekas",1
"Oyi sam, sekalian tambah free swab antigen bekas",1
"Kopi apa yg bikin darah tinggi? Dan diusir emak?

Kopinta duit 2 juta beli kolor",1
Yg ada air putih yg bikin darah tinggi...klo kopi belum denger ada dokter bilang begitu.,1
hati2 minum kopi bikin tekanan darah tinggi,1
"Lu bikin kopi campur garem, auto darah tinggi",1
"Kopi mahal bikin darah tinggi...
.
.
.
.
.
.
.
.
.
.
.
.
.
Pas bayarnya. .",1
kartu sakti... apa2 kudu pakai kartu vaksin.... bikin sim. ktp. kk.,1
"Iyakan kalo bikin ktp harus ada kartu vaksin. Nah, divaksinkan harus ada ktp. Kituweh terus sampe firaun hudang deui da bingung.",1
"Memang kalo presidennya ganti pandemi ini selesai
Trus ganti Wapres minta turun juga trus sampai prabowo jadi presiden?#MakzulkanPresidenGagal",1
"Ma'ruf Amin mundur, Prabowo jadi Wapres.
Jokowi dilengserkan MPR, Prabowo jadi presiden.

Anjay akhirnya.",1
"Mau2nya Pak Prabowo disetir Qodari, jadi wapres lagi Face with tears of joy cc 
@Gerindra
  
@prabowo",1
"Prabowo - Jokowi bisa, skr kan jadi presiden, msh bs jadi wapres. 
10 th berikutnya gantian istri2 mereka, kayak di pilkada2.",1
"Ntar klo udh pakai kompor listrik semua, diam2 PLN naikkan tarif listrik dan rakyat pun kena prank Smiling face with open mouth and smiling eyesSmiling face with open mouth and smiling eyes",1
PLN Tidak Naikkan Tarif Listrik Non Subsidi. Pemerintah mendorong agar PT PLN (Persero) terus melakukan langkah efisiensi operasional dan meningkatkan penjualan tenaga listrik.  https://mediaindonesia.com/read/detail/389259-pln-tidak-naikkan-tarif-listrik-nonsubsidi,0
"Ya pasti ketahuan kalau 
@pln_123
  menaikkan listrik.
Karena memang naikkan tarif diem2  , pln tiada ahlak",1
#PLN naikkan tarif semena-mena,1
"Kasih tiket taman safari gratis, dan suruh nginep 2hari bareng kudanil",1
Belum ada nih yang nyebar bercandaan tiket gratis dufan/taman safari/trans studio tapi tanggal 29 februari.,1
Mereka lebih suka gratisan.. suruh aja sekali-kali ke taman safari jalan kaki gratis tiket masuk,1
"taman safari memberikan promo menarik, gratis tiket masuk khusus pengunjung yg mengendarai motor

buruan, mumpung macannya belum dikasih makan",1
Katanya tiket taman safari gratis kalo naik motor trus ke kandang macan:(,1
Kebal covid tapi gak kebal gigitan nyamuk,1
"Goldar O kebal covid, tp ga kebal gigitan nyamuk anjrit",1
Goldar O kebal covid tapi ga kebal gigitan nyamuk sama masuk angin wkwkwk,1
Katanya goldar O kebal Covid ? dah goldar O trus anak banten udah tinggal leha leha,1
Goldar o kebal sama covid tapi gak kebal rayuanmu,1
"Goldar aing O nih, kebal covid euy wkwkwk. Gausah social distancing, ke bioskop gausah pake masker. Edan gini",1
CEK FAKTA: Hoaks Gigitan Nyamuk Bisa Tularkan Covid-19 ke Manusia: WHO melalui situs resminya juga menjelakan Covid-19 tidak dapat menyebar melalui gigitan nyamuk. http://dlvr.it/RfW5LK,0
Beredar informasi bahwa siswa wajib swab test sebelum masuk sekolah saat sekolah mulai dibuka awal Januari 2021. Informasi itu tidak benar.,0
"Tusuk jempolnya pake jarum. Biar stroke,  entar juga diem sendiri",1
"16. (5). Vaksin human papillomavirus (HPV) bikin menopouse lebih dini

Vaksi HPV punya cara kerja yang sama dengan jenis vaksin lainnya, yakni dengan merangsang pembentukan antibodi, sehingga tidak berkaitan dengan hormon atau menopouse.",0
Vaksin HPV sebabkan menopause dini . Vaksin  kanker  serviks  HPV  yang  ditunjukan  kepada  anak  SD  ini  akan menyebabkan efek samping berbahaya  yakni menopause dini pada anak-anak itu nantinya ketika  dewasa,1
"Waduh, Kul-nya Gk lulus donk pak 
@jokowi


Kalau pak 
@jokowi
 SMP lulus th 1977, seharusnya SMA lulus th 1981 donk?

Kok ijazah SMA yg ditumpuk di KPU saat pilpres 2019, terbit th 1980

Ijazah Palsu yo Pak???

[Saran] : Kalau ngibul lain kali yg serius pak, jgn guyon, Tuhan gk suka",1
Modal ijazah SMA PALSU aja bisa JADI RTRolling on the floor laughingFace with tears of joyRolling on the floor laughingFace with tears of joyRolling on the floor laughing,1
CEK FAKTA: Tidak Benar Meniup Campuran Air dan Antiseptik Dapat Membersihkan Paru-Paru: Cara tersebut justru tidak boleh digunakan. Adapun langkah yang bisa dilakukan untuk melonggarkan pernapasan bagi pasien positif bisa melakukan prone position,0
"Karena itulah akhirnya banyak penduduk yang akhirnya memilih soda sebagai pengganti air, dan rata-rata mereka meminum 2 liter soda/hari. Akibatnya angka kematian akibat diabetes meningkat 30% antara tahun 2013 - 2016, dan menyebabkan kematian lebih dari 3.000 orang tiap tahunnya.",0
"bang.........""
@YogiBlomTobat
: minum soda itu bahaya dan bisa menyebabkan kematian kalau di minumnnya dari hidung....""",1
"Seandainya g menyebabkan kematian, udah gw tuang nih soda api ke dalem idung ! http://myloc.me/jxitc",1
Es krim sering d kaitkan penyebab batuk/pilek pdhl batuk/pilek itu krna virus&bakteri. #pokojangTrivia @MamyPokoID,0
Mitos unik mengenai eskrim adalah Es krim penyebab batuk pilek.… https://instagram.com/p/BBPLyVQId67C5GMmTrzhpx6BGAxZN0XKA9a2GE0/,1
"Selama ini es krim dianggap sebagai penyebab flu, batuk, dan pilek.",1
"kalian tau obat rhinos gak?? se bagus itu ya ?? aku flu gak sembuh2 anjir kesel :( iyah awal nya kan emg aku gak bisa kena debu tapi ujung2 nya masa bersin2 tiap hari , capek Wajah menangis kencangPatah hati",1
"Gue selama ngekos kek harus siap sedia obat maag, tolak angin, bear brand, obat flu, counterpain biru dan obat diare. Gue anaknya gampang bgt masuk angin, drop, maag kambuh, diare grgr nekat makan pedes, flu grgr debu dan misuh misuh capek grgr praktikum lahan.",1
"trs coba km liat kondisi rumah kamu nder manatau byk debu trs dingin gitu gak. soalnya kl di kasus Jino, dia kena debu/dingin pst nnt mulai2 bersin trs kl dibiarin jd flu beneran",1
"Klo ini s7 ane,kyknya hnya buat nakutin spy kesanx horor bngt ini barang,lah org flu yg biasa²(sdh brtahun² sblmnya sering flu)kena debu flu,kena dngin flu bgitu di cek lngsung psitif (Tertawa berguling di lantai) jdi aneh kn ini pnyakit",1
dri debu bs berubah jdi flu buat gw. hal yg paling menjengkelkan ketika flu adalah hidung mampet dan ada sesuatu yg mengganjal di tenggorokan (dahak mungkin ?). klo ada dahak tu kyk kepengen keluarin tp susah.,1
semoga cuma alergi debu.. plis jangan flu plis.... sengsara banget dari tadi malem bersin2 muluWajah menangis kencang,1
Hampir sebulanan skip minum vitamin sama kalsium. Kena debu dikit lsg flu. Gigi bentar2 nyeri.,1
"Orang orang :
Sakit gigi karna kebanyakan makan manis, panas dalem, giginya berlubang
W :
Sakit gigi karna main kerumah oma

Literally baru sampe rumah oma trus duduk trus langsung sakit gigi wkwk berkali kali kaya gituu wkwk pas pulang ya sembuh wkwk",1
"Handak makan yg manis manis tapi gigi berlubang, makan ayam ja ngilu gigi :(",1
Makan manis membuat gigi berlubang,0
Makan makanan manis dapat membuat gigi berlubang semakin parah. Hal ini karena gula yang menempel di gigi menjadi makanan bakteri,0
"Proses terjadinya gigi berlubang karena sering makan makanan & minuman manis dan sisa makanan dan minumannya mengendap di gigi.

@medikidsclinic 
@mhdcclinic

#MedikidsBekasi #WhatMillenialParentShouldKnowAboutChildrenTeeth",0
Mulai timbul jerawat karena kurang tidur http://myloc.me/5c1VH,0
Slah satu penyebab jerawat karena kurang tidur.,0
"Malam ini perdana pake serum azarine yang buat acne + brightening. Ringan banget masa:')
Kebetulan lagi tumbuh beberapa jerawat, ga tau karena kurang tidur atau karena kemarin nyoba gel aloevera autumn hm. Kita lihat apakah beberapa hari ke depan keadaan muka membaik Wajah lega",1
Bersama dokter cantik & baik hati Wajah menangis kencangHati merah. Perawatan lagi di dr.chen_aesthetic. Treatmentnya masih sama buat ilangin bekas jerawat & karena shooting setiap hari kurang tidur sama makeup terus… https://instagram.com/p/BvBUzK-gq-M/?utm_source=ig_twitter_share&igshid=j4hftdjl9l3t,1
Perut sekarang makan cili ke padas ke confirm terus sakit perut cerry berry. Hmm taktau ke cili tu for life! Makan tak pedas mne syok doe Wajah mengantuk,1
"sdh tau padas meolah sakit perut ,ya tetap haja",1
"timbul sakit perut.. umaa mulut padas, perut sakit.. buruk derita nih damn...!",1
Makan bakso padas padas sampai meler hingus dan sakit perut :-$,1
Okay now im regretting makan padas dari td pagi sakit perut terukWajah kecewa namun legaWajah kecewa namun lega,1
Pleading face dari semalam perut titew sakitt. Ingatkan sebab padas rupanya mmg takleh makan. Tapi sambal sedap tapi sakit Wajah murung,1
"Kada cuman padas di lidah dan sakit di perut, saat puup pun pantat terasa panas. #musnahkancabe :/",1
"[POSISI TIDUR YANG SALAH BIKIN WAJAH JERAWATAN]

 Hi sist?? perlu diketahui bahwa penyebab jerawat juga berasal... http://fb.me/2WzgNfAYk",0
" Posisi #Tidur yang Bikin Wajah Jerawatan

Kesehatan Wanita - #Jerawat yang bermunculan di wajah biasanya akan... http://fb.me/1unR0s9u4",0
Posisi #Tidur Ini Bikin Wajah Anda Berjerawat http://goo.gl/fb/MpxA8 #lifestyle #jerawat #kesehatan,0
"Posisi Tidur yang Bikin Wajah Jerawatan: Jerawat tak cuma disebabkan karena kulit berminyak, atau minimnya perawatan kulit. Ternyata…",0
"Malming pake baju tidur udah,obat jerawat udah,gosok gigi udah,kunci pager udah,atur posisi siap2 bikin pulau dibantal",1
"ini posisi jerawat ga bgd dh, jadi bikin tidur ga nyaman",1
"dibilangnya god ya, tapi kan cuma di dalem game jadi ya jangan dianggep serius(?), ya inti nya sih emang bahaya ya kita anggep mereka god beneran, jadi kalo kamu mau cari aman mending gausah main sih nder, apalagi gacha aja emang udah haram :(",1
"Tanda peringatanspoilerTanda peringatan
sotus sadis tp kayak make sense dia pas jd senior juga gitu bahkan ga ragu buat ngadain game yg bahaya karma dari nanno cuma nginjek harga dirinya aja sih sakit fisiknya ga separah pas dia ke nanno",1
HAHAHAHAHA bahaya kalau phone laju nnti budak buat main game,1
"Bahaya bdk ni, semua game kena racun",1
"gapernah bisa main game genre ginian, langsung lemah jantung",1
"Dampak Negatif Game Online Bagi Anak

1. Kecanduan
Tidak jauh berbeda seperti dampak negatif gadget, game online juga memiliki kecenderungan dampak negatif yang ditimbulkan. Kecanduan merupakan dampak negatif nomor... https://facebook.com/GDmelamine/posts/2225486834152144",0
"Berasa mandi secepat kilat Wajah tersenyum berkacamata hitam,efek tidur larut malam bangun jadi kesiangan",1
Badan udah mulai gk fit 2hari ini:& efek tidur larut malam kali yah,1
"Yaah ampun mata udah itam kyak mata panda efek tidur larut malam mulu -,-",0
"efek tidur larut malam trus bangun siang, jarang makan jdi kaya gini :&",1
Efek tidur larut malam kek gini -___- jam segini baru bangun :D wkwkwk,1
Baru tau kalo salah satu manfaat buah salak itu bs meningkatkan kecerdasan otak. Tau gt aing dr dulu makan salak aja yg banyak ga usa belajar.,1
"Manfaat buah salak ialah sebagai buah yang berfungsi untuk kesehatan mata, hal ini disampaikan oleh dr. Hendrawan Nadesul",0
"Manfaat Buah Salak 

Manfaat Buah Salak sangat banyak dan salah satunya mempunyai serat yang tinggi #TipsCharncoll 
 http://ow.ly/i/5GnXm",0
"Diomelin kak roos. Betul betul betul!? RT 
@anisa_saga
: apakah ada dampak negatif kalo terlalu sering makan ayam goreng?",1
Dampak akut sering makan ayam=paha n pinggul mu bagai ayam.ayo toleh,1
Sepertinya dampak akibat makan mie instan setiap hari mulai terasa di otakku,1
Dampak makan mie instan pedas yang berkepanjangan,1
emang dampak makan mie terus apaan dah?,1
Baru beberapa menit perut lah saket. Cak mano kedepannyo ini.?? #dampak makan mie,1
Sedang memikirkan dampak makan mie pake telur dgn mie tdk pake telur. Luar biasa jauh sangat sekali perbedaan kepuasannya,1
"Wajah berteriak ketakutan menghambat pencernaan
Duhduh parah banget ya dampaknya, salah satunya ini nih, dampak makan mie instan keseringan salah satunya menghambat pencernaan, dikarenakan nutrisi yang akan masuk menjadi terhambat dan jadinya pencernaan menjadi terganggu",0
"Wajah berteriak ketakutan gagal ginjal
Mie instan mengandung zat yang berbahaya bagi ginjal, yaitu proplene glycol. Akibat zat berbahaya ini, kerja ginjal menjadi terganggu, sehingga mengakibatkan kamu terkena gagal ginjal.",0
Ternyata manfaat dari makan tempe tidak hanya diakui di Indonesia lho.,1
Banyak manfaat makan tempe ni. Antaranya hang jadi fanatik kepada bola sepak secara bermusim.,1
"Dosen S2 ku meneliti manfaat tempe untuk mencegah Alzeimer untuk disertasi Doktornya. 
Ayo makan tempe !",1
selamat sore Kriukers. mimin mau share manfaat makan tempe nih. yuukk cek TL :),1
"#DIYtempe Wida Winardo founder Indonesian Tempe Movement bercerita soal sejarah hingga manfaat tempe. ""Kalau makan tempe tiap hari seperti memberikan pelindung pada pencernaan"" #belajarmenempe",0
Ternyata garam bisa mengobati sakit gigi #Fakta,0
"Benarkah Kumur Pakai Air Garam Bisa Mengobati Sakit Gigi?: Air garam bisa meredakan sakit gigi dengan baik. Tapi,… http://dlvr.it/MrkcyS",0
"Air garam bisa mengobati sakit gigi bukan krna sifatnya yg antibiotik, tapi krna sifat bakteri yg tdk tahan dgn suasana ekstrim asin",0
Coba aja sakit hati bisa diobati semudah mengobati sakit gigi dengan air garam.,1
"Garam mempunyai yodium yang tinggi. Bisa mengobati sakit gigi. Satu sendok makan garam + segelas air hangat, kumur-kumur selama 30 detik.",0
"Ampuh Turunkan Kolesterol, Ini 6 Manfaat Jeruk Nipis Campur Serai #JerukNipis via 
@jpnncom",0
"Manfaat jeruk nipis di artikel ini untuk kesehatan kulit wajah ya, dok.

Nah ada manfaat jeruk nipis untuk memasak, air jeruk nipis yg dicampurkan di air yg kita gunakan untuk memasak nasi di magic jar bisa menghindarkan nasi cepat berbau dan berwarna kekuningan.",0
"Manfaat jeruk nipis untuk kesehatan itu banyak banget lho...
Apalagi kalo ditemenin sama bakso babi Wajah babi",1
"Apa aja sih manfaat dari kuaci itu sendiri, berikut ulasannya Wajah tersenyum dengan mata tersenyum#IM3OoredooSumatera #IM3OoredooJBI #UnlimitedYoutube",1
"Buah dari kesabaran sungguh manis, yups! semanis manfaat kuaci bagi kesehatan tubuh kita Wajah tersenyum dengan mata tersenyum#IM3OoredooSumatera #IM3OoredooJBI #UnlimitedYoutube",1
"Okla aku blanje skit mcm mana bunga matahari berdiri tegak kononnya hahaha punyala byk point yg dia boleh bagi mcm warna ke,besar ke,kuaci dia boleh bagi manfaat kt org ke,tp berdiri tegak juga dipilihnya ahahaha apoTertawa berguling di lantaiBunga matahari",1
Untuk itu siang ini mimin mau bahas tentang manfaat kuaci bagi kesehatan Wajah tersenyum dengan mata tersenyum#IM3OoredooSumatera #IM3OoredooJBI #UnlimitedYoutube,1
"tgh2 makan kuaci, ttiba ad org post pasal manfaat kuaci. kena sgt timing tuh. biji bunga matahari contain folic acid. #tweetilmiah",1
Manfaat Kuaci: Menurunkan Kolesterol Hingga Penyakit Jantung #manfaat kuaci https://dokterbabe.com/artikel/manfaat-kuaci,0
Wuih ternyata manfaat kuaci banyak jg. Padahal kalo makan kuaci cuma iseng ngupasin kulitnya hahaha,1
Ekstrak kulit manggis mengandung banyak manfaat bagi tubuh apalagi dikonsumsi saat sahru #SahurKawaii,1
Manfaat Buah Manggis: Jaga Imun Hingga Turunkan Berat Badan,0
"Tak hanya lezat disantap sebagai pencuci mulut, manggis ternyata memiliki sejuta manfaat yang baik bagi kesehatan keluarga lho, Moms!

-A thread-",1
"Ternyata, manggis merupakan salah satu buah yang kaya antioksidan. Antioksidan sendiri mampu menetralkan radikal bebas yang bisa menyebabkan penyakit kronis. #kumparanMOM http://bit.ly/3bWmKuX",0
"Kandungan antioksidan tersebut sangat baik untuk menjaga kesehatan dan keelastisitasan kulit. Bahkan, mengonsumsi manggis secara rutin juga dapat melindungi kulit dari sinar UV dan menangkal radikal bebas yang bisa menyebabkan kanker. #kumparanMOM http://bit.ly/3bWmKuX",0
"4 Manfaat Air Kelapa yang Kaya Elektrolit, Cocok Diminum Setelah Olahraga https://cantik.tempo.co/read/1476860/4-manfaat-air-kelapa-yang-kaya-elektrolit-cocok-diminum-setelah-olahraga?utm_source=Twitter&utm_medium=Digital%20Marketing&utm_campaign=dlvrit #TempoCantik",0
Ada beberapa manfaat rutin minum air kelapa hijau campur madu yang bagus untuk kesehatan. #kelapahijau,1
Enak ini jamu kenyang,1
"Air kelapa diketahui memiliki manfaat yang sangat baik untuk tubuh, terutama dalam membantu menghidrasi, menjaga kekebalan serta membunuh racunracun yang ada pada tubuh manusia.",0
"Boleh dicoba ne....
8 Manfaat Rutin Minum Air Kelapa Hijau Campur Madu, Khasiatnya Bikin Kaget #kelapahijau via 
@jpnncom",1
These “manfaat air kelapa” group whatsapp messages since last year will truly be the death of me.,1
“Air kelapa dapat menghilangkan virus corona dalam sekejap” KALO BEGITUUU CERITANYEEEE COVID UDAH PUNAH BARENGAN AMA SEMUA POHON KELAPA DI DUNIA DARI KEMARENNNNNN,1
"Siang Semuanya..
Jangan terlambat makan siang ya.

Punggung tangan dengan jari telunjuk mengarah ke kanan Yuk nyimak CERDAS : 
      ""Manfaat buah -
       PISANG Pisang""

#IndonesiaSehat
#TipsSehat

Pisang Kenapa penting dan
      sebaiknya selalu ada
      dirumah ??

Ternyata buah pisang disiapkan menjadi obat alami berbagai penyakit.",1
"Manfaat Buah Pisang
- Mengatasi anemia
- Kaya akan magnesium
- Baik utk pencernaan
- Hormon Bahagia
- Mematikan sel kanker
- Menurunkan tekanan darah
- Tinggi serat 

Nah, sudah tahu kan manfaat buah pisang. yuk mulai mengkonsumsi buah supaya tetep seger moodnya.",0
Setelah olahraga tubuh tentunya sangat memerlukan asupan nutrisi yang tepat guna menjaga dan meningkatkan stamina bagi kesehatan tubuh. Berikut ini manfaat dari kandungan buah pisang setelah berolahraga. #TempoGaya,0
"#IndonesiaSehat
#programfolback
@DibaaKey
 
@TheArieAir
 
@1802_kimmi
 
@wiwikherma
 
@Dr_Luck15 
@tjhinfar21
 

Manfaat konsumsi buah pisang setiap harinya ternyata dapat membantu menurunkan berat badan dan masih banyak lagi manfaat yg penting banget buat kesehatan tubuh kita",0
"Minggu pagi cocok buat olahraga #SobaTani dan makan buah khususnya pisang..bnyk manfaat, simak ya..",1
Ini Dia Jutaan Manfaat Buah Pisang Untuk Kesehatan Kita,1
Manfaat Buah Mangga untuk Kesehatan Jantung hingga Pencernaan,0
"Manfaat Buah Mangga, Tingkatkan Imun hingga Kaya Antioksidan",0
"Ikutan nitip yah, Semua manfaat buah bisa didapat di Rujak Aceh Mangat, 6 buah lokal berkualitas, Mangga, Kweni, Salak, Bangkoang, Nenas & Mentimun, akan berikan kesegaran, 100% Yummy. So bagi temans yg penasaran buat cobai, pls grab it soon, open po for delivery 1 sep, thks",1
"Manfaat Buah Mangga.
1. Mencegah jerawat
2. Menyehatkan kulit
3. Meredakan inflamasi kulit
4. Mendorong terbentuknya kolagen
5. AHA menghilangkan sel kulit mati
6. Mencegah kanker
7. Menambah berat badan
8. Mengatasi masalah pencernaan
9. Menyembuhkan anemia
10. Menunda penuaan",0
"1. Usus lebih sihat

Mangga mengandungi serat prebiotik yang bagus untuk bakteri baik dalam usus. Manakala usus yang tidak baik boleh merosakkan kondisi kesihatan dan sekiranya usus bermasalah, penyerapan makanan tidak boleh berjalan seperti biasa.",0
"Kombinasi 2 buah ini,Buah Bit dan Semangka punya manfaat yang sangat baik untuk menjaga kesehatan pembuluh darah kita
.
Buah bit dikupas lalu di blender dengan daging semangka, kasih garam dikit yaaa, kl kurang manis bisa tambah madu atau kurma secukupnya
.
Silakan cobaaa",0
"6 Manfaat Buah Semangka untuk Bayi 6 Bulan ke Atas, Menjaga Kesehatan Jantung",0
"Sederet Manfaat Buah Semangka, untuk Jaga Kesehatan Jantung Hingga Kecantikan Oke Banget https://jpnn.com/news/sederet-manfaat-buah-semangka-untuk-jaga-kesehatan-jantung-hingga-kecantikan-oke-banget baca juga berita lainnya di https://bolabanget.id",0
"Manfaat Buah Semangka
1. Semangka Anti Penuaan Dini
2. Menjaga Kelembapan Kulit
3. Mengurangi Sebum(Minyak) pada Wajah
4. Meremajakan Kulit
5. Pencegahan Sariawan
6. Mengurangi Resiko Hipertensi dan Stroke
7. Anti inflamasi dan Antioksidan",1
"Mari biasakan hidup sehat biar jauh dari narkoba. salah satunya dengan cara membiasakan diri mengkonsumsi buah. berikut manfaat buah kedondong. mari bersama. (via 
@BNNCegahNarkoba
) #stopnarkoba ",1
""" Manfaat Buah Kedondong (lumayan Gan bisa bikin senyum simpul) http://bit.ly/sOU5kl",1
"Manfaat buah kedondong sangat banyak, diantaranya menyembuhkan bronkitis, meringankan sakit maag, menyembuhkan disentri,menyembuhkan radang telinga dan masih banyak lagi. Ada yang suka makan buah ini?",0
Manfaat Buah Kedondong Untuk Obat Awet Muda: http://yobuah.blogspot.co.id/2017/07/manfaat-buah-kedondong-untuk-obat-awet.html,1
"Manfaat Buah Kedondong Untuk Obat Batuk, Obat Sakit Perut Dan Diare.",1
Manfaat meminum susu sebelum tidur : 1.mempermudah penyerapan kalsium 2.tidur lebih nyenyak 3.penunda lapar,0
"Manfaat meminum susu kedelai bagus untuk kesehatan,bs djdikan sbg pngganti susu sapi,bnyk khasiat dn lumayan enak jg sih..",1
"Apa manfaat kayu tembusu
Untuk meredam keras suara
Apa manfaat meminum susu
Untuk memendam terik cuaca

#JumatBerkah #V5PlusCashback
#Pantun",1
Tubuhmu akan merasa santai setelah bekerja. Ternyata cukup banyak ya manfaat meminum susu hangat. Apakah Kamu suka minum susu? :),1
Tahukah kamu manfaat meminum susu sebelum tidur? Tapi jangan lupa untuk menyikat gigi setelahnya. :D #HealthForLife,1
"ANJRIT!!!! RT 
@Rezzaldy
 manfaat meminum susu basi, penting! http://rotten.com/",1
Ternyata salah satu manfaat meminum kopi di pagi hari adalah memperlancar BAB.,1
memang terkadang ada manfaat meminum kopi. tapi jangan pake es kan jdnya lu masuk angin :],1
Badan Sehat Ideal: Apa Sajakah Manfaat Meminum Kopi Hitam ? https://yesbadansehatideal.blogspot.com/2020/11/apa-sajakah-manfaat-meminum-kopi-hitam.html?spref=tw,1
Salah satu manfaat meminum kopi adalah membangkitkan semangat. - min ahli qohwah-,0
Banyak manfaat meminum teh di pagi hari. Untuk memberi semangat hidup mengisi aktifitas sepanjang hari. #bicarateh #tehIndonesia,1
"Manfaat meminum teh di pagi hari adalah meredakan alergi musiman. Sudah minum teh pagi ini, Travelers? #SMLAsk",1
Manfaat Meminum Teh Setiap Hari https://goo.gl/fb/FJnGML,1
"Manfaat Meminum Teh Sebagai antioksidan untuk menangkap radikal bebas dalam tubuh, juga ampuh mencegah berkembangnya sel kanker dalam tubuh.",0
Salah satu manfaat meminum teh hangat d sore hari ialah......................menghilangkan dahaga~,0
"salah satu manfaat mandi pagi , bisa optimal pake skincare pagi nya hahaha Tertawa berguling di lantai",1
"Tahukah Anda, untuk mendapatkan manfaat dari mandi sehat pagi hari adalah pukul 04.30 s/d 05.00 dengan menggunakan air biasa, bukan air hangat.",0
Manfaat mandi pagi itu biar sorenya ga usah mandi lagi hahahah,1
Ayo jangan malas mandi pagi! Salah satu upaya untuk bikin tubuh menjadi lebih segar sepanjang hari dengan mandi di pagi hari. Ini manfaat lainnya untuk kesehatan: #ManfaatMandiPagi ,0
Manfaat mandi pagi tydack berlaku di negara dingin,1
"Manfaat mandi pagi
- Badan seger
- Wajah terlihat fresh 
- Badan kerasa bergairah
- Mata ga ngantuk
- pagi pun jadi semangat",0
"""
@blogdokter
: Selama tdk bermasalah dg suhu dingin, dampak mandi malam palingan hanya kedinginan. :) 
@Evyliciouss
""",0
"Naaahhh RT 
@blogdokter
 Selama tdk bermasalah dg suhu dingin, dampak mandi malam palingan hanya kedinginan. :) 
@Evyliciouss",0
lah gua juga suka keram nih coyRT @ntalulabby: hahah iye jangn nikutin gua dampak mandi malam=sekarang kaki gua jadi k... http://9v88.twa.im,1
"syukurlah, dok :) RT 
@blogdokter
 Selama tdk bermasalah dg suhu dingin, dampak mandi malam palingan hanya kedinginan. :) 
@Evyliciouss",0
"Super sekali *prokprok* :v RT
@MirzMiraMiya
: Tema ceramah malam ini DAMPAK MANDI MALAM : FLU dan di bawakan oleh Ibu E. Sugiarto. Bole jo mam",1
"tp ada yg bilang bisa rematik lho dok ""
@blogdokter
: Selama tdk bermasalah dg suhu dingin, dampak mandi malam palingan hanya kedinginan",0
Manfaat mandi malam : resik,0
"Banyak orang yang meyakini bahwa kita tidak boleh mandi malam hari karena akan memicu reumatik. Tapi apakah ini benar?

Ternyata ini termasuk mitos, guys. Sampai saat ini belum ada penelitian yang membuktikan bahwa mandi saat malam hari berkaitan dengan munculnya reumatik",0
"Melansir Klik Dokter, faktanya, kebiasaan mandi malam hari malah memiliki manfaat, seperti membantu tidur lebih cepat, mencegah jerawat, kulit jadi lebih sehat, serta mencegah kontaminasi bakteri",0
"Langsung search bahaya dan manfaat mandi malam hari, padahal ya udah sering mandi malem2 wkwk",1
jangan mengulas manfaat tidur siang doang. mbok sekali-sekali kasih artikel manfaat tidur sampai siang dong,1
Sebuah studi yang dipublikasikan pada jurnal Heart menunjukkan bahwa tidur siang bisa menurunkan risiko penyakit jantung. Hasil ini membuat kita memikirkan kembali manfaat dari tidur siang.,0
Tapi masih banyak yang beranggapan bhwa org dewasa atau pekerja yg tidur siang adalah lemah atau tidak profesional. Pdahl slah satu manfaat tidur siang adalah dapat mengembalikan tingkat fokus seseorang. CMIIW,0
"Slogan 'tidur itu ibadah' saat berpuasa ternyata punya manfaat lho. Meski singkat, tidur siang bisa membahagiakan, meningkatkan fokus, dan memulihkan energi. #ManfaatTidur ",0
Ada beberapa manfaat luar biasa buah naga untuk kesehatan tubuh seperti misalnya menjaga tekanan darah tetap stabil. #buahnaga,0
"Manfaat Buah Naga 
-Turunkan berat badan 
-Tingkat kesihatan jantung 
-Menyihatkan sistem pencernaan
-Tingkatkan daya tahan tubuh 
-Awet muda",0
"Ragam Manfaat Buah Naga, Bisa Sembuhkan Sel Tubuh Rusak",0
"Beberapa manfaat dari buah Naga Merah:

- Menyehatkan jantung
- Menstabilkan gula darah
- Meningkatkan sistem kekebalan tubuh

Tapi jangan makan berlebihan ya, karena sesuatu yang berlebihan itu tidak baik.",0
"Manfaat penting buah naga bagi kesehatan tubuh:
1. Mencegah Kanker  
2. Bagus untuk Jantung
3. Mencegah Diabetes

Buah yang mudah dimanfaatkan buat apa saja; langsung dimakan atau sebagai campur dengan buah lain. Mantap!",0
"Suka banget buah ini
Wajah tersenyum dengan mata bentuk hati

Manfaat Buah Naga untuk Mencegah Kanker dan Diabeteas http://dlvr.it/RBqjCZ",0
"Buah naga memiliki berbagai nutrisi yang baik bagi kesehatan tubuh lho, Sahabat. Beberapa manfaat buah naga untuk kesehatan, seperti:

1. Meningkatkan fungsi kekebalan tubuh
2. Membantu menurunkan risiko diabetes.

(1/2)",0
"Manfaat Olahraga Pagi, Tingkatkan Fokus hingga Bakar Lemak",0
Emng manfaat olahraga pagi jam segini udh ngantuk,1
Pernah sama dokter disuruh olahraga pagi dan dalam hati langsung ku tolak. Hari ini baca artikel perbedaan manfaat olahraga pagi dan sore langsung tertohok. Keknya dari kemaren salah deh olahraga sore terus. Pleading face,1
"Manfaat Olahraga pagi di Rumah:

Hati putihMeningkatkan Suasana Hati. 
Hati putihMembuat Stamina Meningkat. 
Hati putihMengontrol Nafsu Makan. 
Hati putihMeningkatkan Kualitas Tidur. 
Hati putihMeningkatkan Fokus. 
Hati putihMenjaga Kestabilan Tekanan Darah.",0
"Menyimak 
@dr_Phaidon
 di @wideshotmetrotv utk #TipsSehat nya khususnya manfaat olahraga malam..mantab dok! :D #FitnessKu",1
"next information ^^
manfaat olahraga malam,

Membuat Kita Terlihat Awet Muda

Salah satu manfaat olahraga yang... http://fb.me/7NrHbCRg7",1
30 menit lagi akan aku share manfaat olahraga malam.,1
"Kurmate, Manfaat olahraga malam hari tidak hanya untuk kesehatan, ada manfaat lain seperti interaksi sosial.",1
Dampak bahaya makanan cepat saji bagi kesehatan biasanya muncul dlm waktu yg lama sebagai akumulasi kebiasaan makan yg buruk. #inforsabm,0
"Makan cepat Saji itu Lezat dan Manis, Tapi dampak Untuk tubuh tidak ada Baiknya.",0
"..bukan malah merazia seperti itu, kenapa mesti Warteg. Nggak sekalian rumah makan atau restoran cepat saji saja yg punya dampak lebih",1
"akhirnya memutuskan memberhentikan Faizan nonton upin ipin, sedikit bawa dampak negatif karna tiap makan ayam goreng yg bagian paha dia narasi upin ipin dulu ada kali 2-3 menit baru gigit ayamnya. lamaaaa membuat mamak kesel, dampak positifnya anak uwe jadi fasih bahasa melayuWajah dengan air mata bahagia",1
lagi ngerjakan tugas.. mau nulis kulit kayu kok yang ketulis kulit ayamWajah menangis kencangWajah menangis kencangWajah menangis kencangWajah menangis kencangWajah menangis kencangWajah menangis kencangWajah menangis kencangWajah menangis kencangWajah menangis kencang.. apakah ini dampak makan ayam goreng tdi yaWajah murungWajah murungWajah murung,1
Dibawain ayam goreng 5 biji dan seorang ibu mulai khawatir dampak buruk yg mungkin terjadi di masa depan krn anaknya makan ayam potong terus2an  Wajah dengan air mata bahagiaWajah dengan air mata bahagiaWajah dengan air mata bahagia,1
Dampak Makan Ayam Goreng Menaji Gemuk:          Masalah obesitas kerap dikaitkan dengan makanan. Seper... http://bit.ly/Ld3Vkz #iNetwork,0
"Puasa Puasa RT 
@hunterisma
: enak tuh ayam goreng :9 RT @lizzieluvee Gawat, morning sick. Dampak makan ayam goreng pedas semalam",1
"Dampak 2jam keciplak kecipluk di kolam brhasil meningkatkan gairah makan yg luar biasa, sate ayam ☑ tempe mendoan ☑ ayam goreng mentega ☑",1
ini dampak makan steak masih berasa diperut -_-,1
"tiba2 mau makan chicken steak.
*dampak uts,nafsu makan menggila",1
"makan berapa porsi :)) RT 
@pensiil
: Kenyang atas dampak steak abuba itu maksimal ya..",1
"Iya geng. Enak. Tapi dampak hajab kali aku RT 
@DelvinaTanjung
: 
@icasilalahi
 steak tikus yang kita makan tadi? Enak ya rupanya",1
"Ketemuan sama ayank 
@icanachie
 diwaroeng steak n shake.. Hahhaaa,, dampak ngambek 3 hari niy makan nyaa banyak,,",1
"Tajil: puding coklat. Lanjut makan berat: soup, kakap fillet, steak, hati ayam, & sayuran. Hasil akhir: KENYANG PARAH! Dampak: NGANTUK! -_-""",1
"Wah siapa tuh? Makan dulu yuk di Waroeng Steak hehehe RT""
@AstieQueen
: Dampak buruk bngt seehh klo ada lo,,,jereng !!!!""",1
Dampak dr makan sate kambing #pusing hikh kenapa td ga sadar lok itu sate kambing,1
"Dampak makan sate malem"".......otw ruang semedi deh  
@gustia_ayu
 
@perD4NA
 
@aya_nataya
 
@ArvanUtama
 
@aciiku",1
Dampak Kebanyakan makan sate bikin 7 keliling.,1
"mayan, dampak makan sate padang",1
"eeh, kok dampak dari makan sate embeek tadi malam kok baru kerasa ya,",1
"#EhKauTauGak Dampak dari makan Sate Klathak Pak Pong di malam hari,adalah skip kuliah jam 7 #truestory",1
"pusing,lieur,leuneung,jangar,euy dampak makan sate sapi,kambing!!",0
Ohhh oke. Beneran baru tau ternyata ktp bukan indikator legal age. Kirain selama ini ya 17 taun krn dah boleh nyetir dan dapet ktp brarti dah legal. Walaupun tetep bukan brarti dianggep dewasa sih krn ya gmn”kedewasaan orang gabisa diliat dr umur. Makasih infonya Wajah tersenyum dengan mata tersenyum,0
"Menurut gw indikator seseorang bisa dikatakan ""Dewasa"" bisa dilihat dari cara mengatur perasaan, menyikapi masalah, tutur kata dan tindakan, pola pikir.",0
indikator lelaki dewasa dan independen #3 : bisa boker jongkok dengan bersih,1
"2010, tahun kelulusan masa SMA (kita anggap sebagai indikator dewasa), secara tidak sengaja diterima Universitas ternama di luar Kota.
Sebagai bocah yang sebelumnya hanya bermain dalam satu lingkup pertemanan tentu merasa tidak nyaman dengan keadaan",1
umur bukan indikator dewasa..... #manakaraktermu,0
"Indikator menjadi dewasa :
Membuat slide presentasi cukup background putih.",1
"gua tu masi batuk². jadi tiap malem selalu minum obat, salah satu efek samping obatnya itu cepet ngantuk.",0
"gua minum sirop obat batuk malah ngantuk, terus batuknya malah jadi tambah tambah Wajah tidak senang",0
"Akuuuu. 
Tapi kadang ada hari-hari dimana aku malah pilek beneran sampe kesiang ga berhenti2 pileknya/bersin, jadi minum obat intunal, berhenti deh pileknya bbrp jam kemudian, cuma bikin ngantuk banget obatnya.",0
"Balik lagi dengan habitat depression disorder tiap malem, dan jam segini belum ngantuk padahal udah minum obat. Jujur capek harus nelen anti-depresan, capek harus anxiety berlebihan, capek harus mikir ini itu, capek hidup sumpah.. wkwk mau jadi enceng gondok aja bisa ga sih :)",1
"aku suka soalnya kalau bikin ngantuk, jadi ada alibi buat blg ""aku tidur abis minum obat"" jadi ga di marahin Tertawa berguling di lantai",1
Efek makan crispi jamur pedes banget bibir sampe merah eh pedesnya nempel dihidung (˘̩̩̩.˘̩̩̩ƪ),1
"bener aja kata dey pasti paginya sakit perut,- efek semalem makan gorengan pedes,jamur krispi pedes cus minumnya bigcola. ya gini:&",0
"Efek makan jamur crispy terlalu banyak . Jadi muntah muntah gini ,- shiiittt !!",0
"Efek abis vaksin ke 2 siang ini : 
Es krim abis 200 ml, tape ketan 1 cup, buah sepiring, tahu baso 2 pcs, jamur tiram goreng setengah piring dan masih pengen makan lagi Wajah menangis kencang",1
"Kalo pingin jadi pintu itu efek orang lagi makan jamur tletong, bukan lagi sedih",1
efek makan jamur pedes dan ngerasain perut kaya ada mercon gini :(,1
"Efek makan jamur, ludo main dengan bebas hambatan",1
Efek banyak makan jamur tai sapi ya kaya  gini..susah liat org akur..#ulinanjing,0
"Pernah denger podcast yg nyeritain pengalaman efek makan jamur itu, katanya pas ngeliat lampu, tisu trs apalagi gitu di puja puja wkwk",1
"Wajib Tahu, 7 Manfaat Sehat Makan Jamur Putih selain Cegah Kanker -  http://bit.ly/2BQbjm1 #kanker #cancer",0
"http://sollyez.com :  Wajib Tahu, 7 Manfaat Sehat Makan Jamur Putih selain Cegah Kanker: Jamur… https://goo.gl/fb/sQsPP7",0
 manfaat makan jamur adalah mencegah kulit dari radikal bebas dan membuat kulit tetap terlindungi #infopenjas,0
"Manfaat makan jamur adalah sebagai anti-kanker, anti-diabetes dan penghambat HIV.
Maka dari itu badan saya sehat dan bugar. Mari makan jamur",0
"
 Salah satu manfaat dari makan jamur adalah bisa membantu menjaga kondisi tubuh agar tubuh tetap prima selama musim hujan.E281",0
"Cegah Diabetes hingga Kanker, Ini 5 Manfaat Menakjubkan Rajin Makan Jamur Tiram: Tak banyak yang tahu, ini beragam manfaat kesehatan jika makan jamur tiram.",0
"Mengurangi bau amoniak pada kolam ikan
meningkatkan nafsu makan
menekan pertumbuhan jamur patogen
mempercepat proses pertumbuhan

* manfaat bagi ternak
 meningkatkan Mafsu makan dan pertumbuhan ternak",1
Manfaat daun seledri bagi kesehatan -Tekanan darah tinngi -Diare -Rematik -Mata kering -Tida nafsu makan... http://fb.me/ZKbCK2cF,0
"Itu di makan ato gmna carax mas?""
@IndraQ
: Membersihkan Ginjal Cukup Rp. 1000 (manfaat daun seledri) http://memobee.com/membersihkan-g…""",1
"Tidak Makan jg :
Cabe, Seledri, Tomat, Wortel, Toge, Kecombrang, Lengkuas, Lada, Ketumbar, Kol, Labu, Daun Singkong, Tahu, Tempe, Tepung Terigu, Ikan laut, Ikan Darat dll (Biji Gepeng / Bulat Kuning Emas)

Lain wkt Di Makan lg Menu tsb
skrg lg Program (Diet)

Semoga Bawa Manfaat",1
"Share ah, siapa tau ada manfaat buat yang baca ha ha ha.
Jadi, gw udah 4 tahun nih jadi manusia yang suka sayur, segala sayur, padahal dulu sebelum gw kuliah mana ada dalam kamus gw makan sayur. Daun bawang dan seledri pun dibakso gw sisihin singkirin, mati matian gak mauWajah dengan air mata bahagia",1
"Membahas manfaat & bahaya makan udang, khasiat daun seledri, nyeri sendi, dan otot wajah lumpuh. Nantikan Ayo Hidup Sehat Plus jam 13.00 WIB hanya di tvOne & streaming di tvOne Connect, android http://bit.ly/2CMmL5z & ios http://apple.co/2Q00Mfc #AyoHidupSehattvOne",0
"Manfaat makan Roti 4 lapis d malam hari,meningkatkan kualitas Hidup *JempoLdGoyang",1
"bergaduh dengan pasangan anda tidak membawa apa apa manfaat, dengan itu mari kita makan roti sardin",1
"Roti dan makanan berkarbohidrat kerap dihindari pelaku diet. Padahal dengan makan roti saat sarapan bisa berefek positif pada penurunan berat badan.

Studi terbaru dari Tel Aviv University, Israel mengungkap manfaat dari makan selembar roti saat sarapan.… https://ift.tt/2vOUhpQ",0
"kecoa, klo nyamuk ada manfaat nya klo kecoa gtau dehh
Kutip Tweet
ang^^gustD
@geniusyoongiiii
 · 22j
Membalas @bertanyarl
Yang mau kalian musnahkan kecoa atau nyamuk",0
"bisa ga nih nyamuk2 menghilang dari bumi, apasih manfaat nyamuk ada di bumiWajah letih",1
"Nyamuk itu manfaat nya apa sih?.. penasaran aku tuh..? Setiap hari di semperin Mulu ,udah kenyang pergi tanpa ada kabar,Wajah meringisWajah menguap",1
"Makanya kisah di agama kristiani digambarkan iblis menyamar dalam bentuk ular. Memang ud dari sononya nder manusia takut ular. Untung manusia mengalami evolusi, jd mereka berusaha menaklukkan alam, berikut fauna2nya sehingga dapat menjadikan manfaat buat manusia",0
"""Tidak ada makhluk hidup yang tidak memiliki manfaat sekalipun itu ular yang berbisa""",0
Tkda orang yg nak sengaja lepaskan ular ke kebun dia kalau dia tkda ilmu bkenaan manfaat ular tu utk kebun dia. Kunci dia ilmu.,0
Yuk share sedikit manfaat ular bagi ekosistem tinggal kita. berikut beberapa alasan kita sebaiknya mulai #SaveOurSnake,1
"betul ular kawat. ular ini buta juga. gausah dimatiin nder. kamu buang aja ke selokan. dia ga berbisa, ga bisa gigit kamu juga. manfaat ular ini tu dia makanin rayap jadi jgn dibunuh ya, tolong.",0
"Jual Semut Jepang Di Jogja: Budidaya Semut Jepang     Manfaat Semut Jepang, Jual Semut Jepang, Semut Jepang Mu... http://bit.ly/1xOMzCi",1
"Manfaat semut jepang bagi kesehatan selain mengobati stroke juga dapat mengobati banyak penyakit sepeti di bawah, dan berikut cara mengkonsumsi yang benar http://dlvr.it/Q61bJc",0
Manfaat Semut Jepang untuk Diabetes: Manfaat Semut Jepang untuk Diabetes Semut merupakan serangga anggota kelu... http://bit.ly/1SWIfz4,0
Jual semut jepang untuk berbagai penyakit: Manfaat semut Jepang: 1.Meringankan & mengobati penyakit jantung 2.... http://bit.ly/1Pkyrws,0
"Semut Jepang dan Kasiatnya Manfaat Semut Jepang Semut Jepang! Ya, siapa yang menyangka serangga ini mampu menyembuhkan berbagai penyakit.",0
Manfaat semut jepang bagi kesehatan selain mengobati stroke juga dapat mengobati banyak penyakit sepeti di... https://fb.me/1pFvPn6Qy,0
"Tidak ada yang sia-sia dalam hidup ini. Nyamuk yang katanya tidak berguna saja bisa jadi manfaat bagi Cicak. Ekosistem alam dan rantai makanan untuk hewan lain dan pasti ada manfaatnya.
Apalagi kamu!",0
"Kalo aku kebalikannya Wajah letihWajah letih
Cicak itu dibenci banget, dia hewan merugikan ga ada manfaat samsek
Kecoa juga
Tp lebih takut kecoa sih, jijik, geli, semua, sampek ketemu kecoa aku langsung jerit dan buru2 lari Wajah letih",1
"
 manfaat cicak selain makan nyamuk apa ? Hewan itu random ish",0
"Ayo Bunuh Cicak, Karena Berpahala

Cicak adalah hewan menjijikan yang tidak memberikan manfaat bagi manusia... http://fb.me/3Y0Ru8dV5",0
"Nabi ibrahim as ketika di bakar
Ada semut yg membawa air Untuk memadamkan api
dan cicak yg meniup untuk menjadikan api semakin besar.
Kita tau kedua hewan tidak akan memberi manfaat atau mudorot atas usaha mereka.
Tapi kita tau kepada siapa mereka berpihak.",0
"yeekk,hewan melata >< ""
@SdiindaC
: RT 
@tituts
: Seperti cicak. Mana kurang diperhatikan, tapi selalu memberi manfaat.""",0
"[Fun Fact] 

Bawang Putih Bukan Sebagai Obat COVID-19

Bawang putih memiliki banyak manfaat bagi kesehatan, yaitu: meredakan infeksi, radang, dan pilek. Selain itu dapat menurunkan risiko kanker dan juga menurunkan kadar kolesterol.",0
"2. Menjaga Kesehatan Jantung
Manfaat bawang putih juga dapat melindungi penderita kardiomiopati (penyakit kronis pada otot jantung). Penelitian riset yg dipublikasikan Journal of Agricultural Food menyebutkan bhw komponen yg ada dlm minyak bawang putih dapat menyehatkan jantung.",0
"3. Mencegah Flu

Anda sering terkena sakit flu? 
Cobalah mengonsumsi bawang putih. Dari studi yang dipublikasikan oleh American Family Physician, konsumsi rutin bawang putih dapat mengurangi frekuensi penyakit influenza sekaligus mencegahnya.",0
"4. Menurunkan Risiko Osteoarthritis 

Riset membuktikan wanita yang rutin mengonsumsi bawang putih dlm menu harian mengalami penurunan risiko osteoarthritis .  Osteoarthritis adalah peradangan sendi yang pada umumnya berkaitan dengan penuaan.",0
"Bismillah
Sdh bnyk yg rasakan manfaat dari Kapsul Extract GarliJintam ini. Perpaduan istimewa Bawang Putih & Habbatsauda.
Khasiatnya dikupas tuntas dlm Thibbunnabawi-nya Ibnu Qoyim al Jauziyah. 
Jg kshtn tubuh dan imunitas anda.
Hrg 70k. Sdh ber POM TR
Pemesanan : 085211818180",1
"Bawang Merah dan Bawang Putih di Indonesia

Tak hanya membuat masakan terasa lebih gurih dan nikmat, banyak manfaat lain dari bawang merah dan bawang putih.",0
"Manfaat Makan Bawang Merah, Salah satunya Turunkan Gula Darah #1newstainment",0
"Korang jom 6 ogos ni ada agihan bawang merah lagi ! 

korang tajalah sikit dengan sini okay? sedikir pemberian kita, banyak manfaat kepada orang ramai Hati merah jom sedekah",1
"In syaa Allah sekiranya 3 Masjid ini dapat penuhkan keperluan bawang merah & kentang ini, setiap minggu 2100 keluarga yang akan terima manfaat dari bantuan ini. ",1
"Manfaat bawang merah, melindungi mata hingga cegah sakit maag",0
"Untuk merasakan manfaat pisang sebagai penurun darah tinggi, Anda dapat membuat jus pisang yang ditambahkan dengan beberapa bahan lainnya. 
Berikut resep membuat jus pisang untuk obat tekanan darah tinggi 
Pisang uli 1 buah atau 100 gram 
Jeruk nipis 1/2 buah",0
Ada beberapa manfaat minum air kunyit hangat untuk kesehatan tubuh seperti mencegah penyakit jantung. #airkunyithangat,0
Tahukah Bunda bahwa kandungan senyawa curcumin yang terdapat pada kunyit dan temulawak memiliki manfaat yang baik jika dikonsumsi saat pandemi karena mampu meningkatkan kebugaran pada tubuh. Mau tahu apa itu curcumin dan manfaatnya? Yuk intip pada gambar #dapurkobe #tepungkobe,0
"Setiap pagi, Presiden Jokowi mengonsumi jamu sebelum memulai aktivitas.

Jahe, temulawak dan kunyit yang ditumbuk dan diseduh air panas tiap hari. Ramuan ini dipercaya memberi manfaat pada tubuh.",1
"Meski tak sepopuler jahe atau kunyit, tapi manfaat lengkuas untuk kesehatan tak bisa dipandang sebelah mata. Iya, sama kayak manfaat Jungkook di hidup aku, tak bisa dipandang sebelah mata Wajah lega",1
"REKOMENDASI MINUMAN HERBAL UNTUK TINGKATKAN IMUNITAS TUBUH

Halo, Lur! Tau nggak kalo minuman herbal banyak sekali manfaatnya?

Ini dia beberapa manfaat minuman herbal mulai dari Madu, Temulawak, Kunyit Asem, dan Brotowali. Selengkapnya, bisa cek di slide berikut ini yaaa",0
Jahe yang diseduh dengan air hangat ternyata punya banyak manfaat. Mulai dari mengatasi berbagai gejala Covid-19 hingga redakan nyeri haid.,0
"Ekspektasi : nyari susu jahe + madu biar dapet manfaat nya
Realita : Susunya pake kental manis, madu nya pake madurasa sasetan.",1
"Minggu2 gelar lapak semoga ada yg berminat beli.mnuman herbal,dri rempah2 alami.membantu imun tubuh di msa2 pandemi.rsa enak hrga bersahabat bnyak manfaat.yg syg orang tua,untk drah tinggi,diabet,asam urat,tungkak lambung,yg lg insoma jga cocok lho jahe marah nya.tinggal seduhWajah tersenyum dengan mata tersenyum",0
"#gemukalami  ""Salah satu manfaat jahe adalah memperlancar sistem pencernaan"" tips diet sehat tanpa obat kvinjulio",0
"Yuk Membuat ECO ENZYME, Cairan Sejuta Manfaat

Eco enzyme merupakan cairan hasil fermentasi campuran antara sampah organik berupa sayuran atau buah-buahan dengan molase atau gula tebu bisa juga aren.

Eco enzyme memiliki beragam manfaat, diantaranya :",0
"Di balik manisnya air tebu ternyata juga ada manfaat 'manis' untuk kesehatan tubuh. Manfaat air tebu disebut bisa untuk detoks dan diet, benarkah? #AirTebu",0
"13 Manfaat Air Tebu Murni untuk Kesehatan, Bisa Turunkan Berat Badan: Manfaat air tebu untuk kesehatan dan kecantikan dipengaruhi oleh kandungan berbagai nutrisi.",0
"[MANFAAT AIR TEBU]
1. Merawat Kulit. Air tebu mengandung asam glikolat yang memberikan antioksidan pada kulit. Air tebu dapat membersihkan radang dan infeksi kulit, serta mengurangi tanda penuaan

#WiratechID #WhereAFact #ResepEsKopyorTebu",0
"#TheHighTea
Selain menyegarkan, sari tebu jg memiliki manfaat sehat :
1. Rendah Kalori
2. Bebas Lemak
3. Meningkatkan Metabolisme
4. Membantu Pencernaan
5. Baik u/ Kesehatan Hati
6. Mengobati Jerawat
7. Mengurangi Bau Napas&Karang Gigi
8. Melawan Kanker",0
"Manfaat Batang Tebu untuk mencegah penularan Covid-19. 
Simak! 

Pangkas Batang Tebu, kira kira 75cm-1m
Cuci hingga bersih
Memarkan bagian ujung kira kira 10cm
Samplukkan ke Cangkem orang orang ngeyel yang Tidak Mau Pakai Masker! 
#TXTSOC 
#PakaiMasker",0
"6 Manfaat Rebusan Daun Sirsak, Salah Satunya Mengobati Kanker Kelenjar Getah Bening",0
"9 Manfaat Daun Sirsak, Obati Asam Urat hingga Kanker",0
"Bisa dibilang, sirsak adalah salah satu buah favorit masyarakat. Berdaging buah berserat dengan rasa sedikit asam tapi segar, ternyata buah yang berasal dari Karibia ini mengandung banyak manfaat untuk kesehatan Anda. #VADSInfo

Read more https://bit.ly/2EDSSqw",0
"Simak 15 Manfaat Daun Sirsak, Tingkatkan Kekebalan Tubuh hingga Pengobatan Kanker",0
"Buah-buahan selalu memiliki manfaat yang bisa jadi belum diketahui banyak orang sebelumnya. Salah satunya adalah buah sirsak yang ternyata memiliki banyak khasiat, terutama sebagai obat herbal penyakit kanker.

#PertanianIndonesiaMaju 
#panganuntuknegeri",0
"15 Manfaat Daun Sirsak, Mulai Dari Cegah Kanker Hingga Redakan Nyeri Punggung https://plus.kapanlagi.com/15-manfaat-daun-sirsak-mulai-dari-cegah-kanker-hingga-redakan-nyeri-punggung-number-e4c643.html#utm_source=adie&utm_medium=sosmed&utm_campaign=sosmed",0
"Haeju adalah jus segar berbahankan buah alami tanpa bahan pengawet dengan kandungan gizi yang kaya manfaat untuk tubuh. 

Haeju memiliki beberapa varian buah:

1. Kedondong
2. Belimbing
3. Mangga
4. Sirsak
5. Jambu

Treat yourself better! Wajah akan mencium",1
"Urung tua, nek nganti ngeshare manfaat mengkudu po herbal herbalan baru tua",1
Jus mengkudu punya banyak manfaat sehat. Mulai dari tingkatkan imunitas tubuh hingga sehatkan jantung. Ini manfaat jus mengkudu! #ManfaatMengkudu ,0
"Kandungan nutrisi yang memperkuat manfaat buah mengkudu
Kalori: 47.
Karbohidrat: 11 gram.
Protein: kurang dari 1 gram.
Lemak: kurang dari 1 gram.
Gula: 8 gram
 Vitamin C, B7 (biotin), B6 (folat), dan E
Beragam mmineral, seperti magnesium, potasium, dan kalsium.",0
"Meski pahit, buah mengkudu memiliki banyak manfaatnya bagi kesehatan. Salah satunya untuk pengidap diabetes. Ini manfaat lainnya: #Mengkudu 

via 
@detikHealth",0
"Vinmori Api Api Api UDAH TAU KAN YA MANFAAT MENGKUDU??
Sering di sebut sbg obat DEWA SAPU JAGAT
Ga… https://instagram.com/p/BfZ5hxEAh4x/",1
"RT 
@VIVA_log
: Manfaat Labu Siam untuk Kesehatan dan Kecantikan http://dlvr.it/B6Q7Wd",0
"Ampuh Atasi Asam Urat, Ini 6 Manfaat Labu Siam untuk Tubuh #labusiam via 
@jpnncom",0
Ada beberapa manfaat labu siam untuk tubuh dan salah satunya adalah baik untuk kesehatan jantung. #labusiam,0
"Memiliki Rasa yang Manis, Ini Manfaat Labu Siam untuk Ibu Hamil | Klik http://bit.ly/2Q9HinY",0
Manfaat Labu Siam (Waluh) https://goo.gl/fb/FjWLkZ,1
Salah satu manfaat labu siam untuk membantu menurunkan berat badan karena memiliki kandungan serat yg tinggi dan rendah kalori. #CombiShare,0
"Mencegah kanker hingga menyehatkan jantung, ini manfaat bunga pepaya yang jarang diketahui orang",0
"7 Manfaat Bunga Pepaya untuk Kesehatan, Lawan Radikal Bebas hingga Atasi Diabetes",0
"Manfaat Bunga Pepaya
.
Mengandung vitamin A danC, kalsium, dan fosfor.
Enzim papain yang… https://instagram.com/p/BXWuOOBhsuo/",0
"Apa saja manfaat bunga pepaya dan temukan fakta toilet di 
@droz_ttv
 road to HUT TRANSMEDIA ke 14 pkl 8.30 WIB",1
"Mencegah kanker hingga menyehatkan jantung, ini manfaat bunga pepaya yang jarang diketahui orang https://gaya.tempo.co/read/1282003/4-manfaat-bunga-pepaya-ini-jarang-diketahui-orang?utm_source=Digital%20Marketing&utm_medium=Facebook&utm_campaign=Gaya_Ika",0
KUMPULAN TUTORIAL MEMASAK TERLENGKAP | PUSATNYA TUTORIAL MEMASAK TERUPDATE | TUTORIAL TOP BANGET: TIDAK DI SANGKA MANFAAT BUNGA PEPAYA BAGI KESEHATA... https://kompilasitutorial.com/2019/09/tidak-di-sangka-manfaat-bunga-pepaya.html?spref=tw,1
"JANTUNG PISANG
Hampir semua bagian pohon pisang bisa digunakan dan memiliki manfaat.
Termasuk bunga pisang atau lebih akrab disebut sebagai jantung pisang. 
Jantung pisang bisa kita konsumsi sebagai pengganti lauk pauk.
Bahkan punya banyak manfaat medis dan sebenarnya.",0
#TuitPalembang Ini 8 Manfaat Tersembunyi dari Bunga Pisang yang Mungkin Belum Anda Ketahui #Palembang #Tuit,1
"Berikut ini tujuh manfaat dari bunga pisang untuk kesehatan:

1. Anemia

Bunga pisang kaya… https://instagram.com/p/BGYmHRxLOkL/",0
"Keripik ini bukan hanya enak tetapi punya manfaat banyak loh.. Manfaat bunga jantung pisang :
Paku pinmelawan radikal bebas
Paku pinmenyembuhkan infeksi Paku pinmengatasi anemia
Paku pinkaya serat
Paku pinbaik untuk diet 
Dan masih banyak lainnya.. Penasaran?  Yukk di Order. 
IDR : 12k",0
"(Dengan catatan jeraminya tdk berpenyakit )
Baik utk campuran MOL pisang.

3.MOL Aneka Buah
Manfaat & Kandungan :
Sbgai perangsang bunga & buah
Meningkatkan kualitas buah seperti daya tahan & menambah rasa manis buah.
Jenis bakteri yg terdapat seperti pseudomona sp.Bacillus s,",1
"Manfaat beras kencur:
- meningkatkan nafsu makan
- mengatasi batuk
- menyegarkan badan

Salam #PewiraUsahaPemula 
@OfficialAsoppsi",0
"Lebih bagus bau kencur, manfaat untuk orang lain,  dari pada bau tanah kaya elu Ruhut.",1
5 Manfaat Jamu Beras Kencur: Atasi Batuk hingga Stres,0
"12 Manfaat Kencur untuk Kesehatan, Bisa Bikin Langsing lho! http://dlvr.it/RStxTV",0
"Manfaat Kencur, Cegah Radang Tenggorokan Saat Puasa",0
"Manfaat Kencur⁣
(Kaempferia galanga)⁣

kencur, diyakini dan sudah⁣
dibuktikan nenek moyang dulu⁣
sebagai obat pengusir batuk.⁣
tambahkan madu supaya manis.⁣
minum 2 kali dalam sehari⁣
⁣
Order rempah dan madu organik di 081326966765",0
Tim Riset Covid-19 Kaji Manfaat Jambu Biji Cegah Virus Corona,0
"Manfaat Jambu Biji, Bantu Atasi Batuk Hingga Demam Berdarah https://gaya.tempo.co/read/1489254/manfaat-jambu-biji-bantu-atasi-batuk-hingga-demam-berdarah?utm_source=Twitter&utm_medium=Digital%20Marketing&utm_campaign=dlvrit #TempoGaya",0
"Manfaat Jambu Biji Merah, Tingkatkan Imun Tubuh Tangkal Corona Covid-19",0
Buah jambu biji dipercaya dapat meningkatkan trombosit pada penderita demam berdarah dengue (DBD). Namun banyak lagi manfaat buah jambu biji. Apa saja?,0
"Simak manfaat jambu biji merah yang mengandung serat, vitamin C, antioksidan, dan masih banyak lagi.",0
"8 Manfaat Jambu Biji Merah untuk Kesehatan, Meningkatkan Imunitas hingga Cegah Kanker",0
"Selamat pagi. Hari ini MinTani ingin berbagi info tentang khasiat buah srikaya. Srikaya ternyata miliki manfaat bagi ibu hamil, yakni meminimalisir risiko kelahiran prematur. Selain itu, biji srikaya bila ditumbuk dan dioleskan untuk membasmi kutu rambut. Ada yang sudah mencoba?",0
"#SobaTani, pasti pernah mengonsumsi buah srikaya. Buah dengan nama ilmiah Annona Squamosa ini berasal dari daerah tropis dan memiliki manfaat bagi ibu hamil.
#PanganUntukNegeri",0
"Sobat Herba suka memakan buah srikaya? Rutin mengonsumsi buah srikaya sangat baik bagi kesehatan karena buah ini memiliki banyak manfaat, di antaranya:
1. Menurunkan kolesterol tinggi
2. Memperlancar pencernaan
3. Mengurangi risiko diabetes
4. Membantu mengatasi diare #serbaherba",0
"Yap, buah srikaya ternyata memiliki banyak manfaat untuk kesehatan tubuh. Buah srikaya akan membantu kulit menjadi lebih kenyal dan bercahaya. Termasuk meregenerasi kulit dan mencegah stres oksidatif.",0
"Manfaat Super Srikaya bagi Kesehatan, dari Jantung sampai Mata https://goo.gl/pyc1CP",0
Post Edited: Segudang Manfaat si Srikaya http://wp.me/p3P5Yc-sT,1
"Manfaat Habbatussauda, Jintan Hitam Penyembuh Segala Penyakit",1
Manfaat Jintan Hitam dan Pare untuk Penderita Diabetes,0
"Berikut adalah sejumlah manfaat jintan hitam bg kesehatan&kecantikan Anda:
1. Menurunkan berat badan
2. Menjaga kecantikan kulit 
3. Mengatasi infertilitas pada pria
4. Mengatasi re.atoid arthritis 
5. Meredakan alergi pada salura  nafas
6. Mengurangi diabetes
7. Mengobati asma",0
"[ MANFAAT JINTEN HITAM ]

Manfaat Jintan Hitam Bagi Kesehatan

1. MAmpu Untuk Mengobati Asma
2. Herbal… [pic] — https://path.com/p/4ujvAB",0
Semua manfaat Jintan Hitam Bisa Anda peroleh dengan mengkonsumsi Produk AXXA SO PLUS http://fb.me/6azOfCxJt,1
"Beberapa manfaat jintan hitam yang perlu diketahui :
1. Menguatkan sistem kekebalan tubuh
Jintan hitam/Habbatus... http://fb.me/6iSB86Rdl",0
"Bismillah..Beberapa manfaat 
1.Kapulaga
2. Kayu manis 
3. Kayu Secang
4. Bunga lawang 
Jangan lupa selalu #pakemasker 
 jk Keluar selalu #Cucitangan 
 #JagaJarak dan jk tdk ada keperluan 
#dirumahsaja dulu untuk sementara waktu.",1
Manfaat Kapulaga Bisa Mengusir Bau Mulut Lho http://okz.me/W5gd,0
"Manfaat Kesehatan Kapulaga, Menurunkan Tekanan Darah Hingga Cegah Bau Mulut https://cantik.tempo.co/read/1413718/manfaat-kesehatan-kapulaga-menurunkan-tekanan-darah-hingga-cegah-bau-mulut?utm_source=Digital%20Marketing&utm_medium=Twitter&utm_campaign=dlvrit #TempoCantik",0
Manfaat Kapulaga 1. Mengurangi stres 2. Melancarkan pencernaan 3. Mencegah infeksi 4. Obat nyeri 5. Baik untuk tulang 6. Menjaga kesehatan ginjal dan saluran kencing 7. Mengobati batuk dan pilek 8. Kesehatan mulut dan tenggotokan,0
"Beranjak sebentar dari keriuhan pikiran. Kopi, wedang uwuh plus kelakar seorang kawan ttg manfaat wedang uwuh yang selalu menyinggung hati.

'Manfaat kapulaga untuk keluhan hati'

...*terdiam

'Oh liver kali ya?'

'Iyalah'",1
Manfaat Kapulaga Bisa Mengusir Bau Mulut Lho: Kapulaga dikenal sebagai rempah pemberi aroma sedap pada masaka... http://bit.ly/2eJWydF,0
"Mengonsumsi makanan tertentu dipercaya bisa tingkatkan daya tahan tubuh anak. Yuk, cari tahu manfaat madu, temulawak dan lysine.",0
"""mempelajari sturuktur fungsi & manfaat sabun temulawak"" kok malah ke sabun temulawak Wajah menangis kencangWajah menangis kencangWajah menangis kencang",1
"Temulawak banyak digunakan di Indonesia sebagai bahan jamu. Temulawak mengandung protein, karbohidrat, dan minyak atsiri yang terdiri dari kamfer, glukosida, turmerol, dan kurkumin. Berikut ini beberapa manfaat temulawak untuk kesehatan tubuh.",0
"WEDANG PANCANAKA
Kombinasi manfaat jahe, kunyit,
temulawak, sereh, kayu manis & cengkeh

Higienis tanpa Pengawet, Pewarna,
Perasa, MSG, / bahan kimia

Bermanfaat menjaga kesehatan dan
meningkatkan daya tahan tubuh

DM - http://wa.me/+6281802031333
#PewirausahaPemula 
@OfficialAsoppsi",0
"HATI-HATI
Banyak yg share info ttg manfaat temulawak untuk kesehatan. Tapi tdk ada yg info ttg bahaya temulawak.

Jangan sesekali campur temulawak dengan soda gembira. Bahaya. Bisa sebabkan keceriaan yg berlebihan. Akhirnya kecapean. Akhirnya sakit. 

Gitu aja. 
#janganserius",1
"Di balik fungsi lengkuas sebagai bumbu masakan, rimpang dengan nama latin Alpinia Galanga ini juga memiliki manfaat untuk kesehatan tubuh. Jika selama ini penambah stamina pria yang dikenal hanya obat kuat,lengkuas jg memiliki khasiat yang sama&sangat baik dikonsumsi 

Utas Malam",0
"5 Manfaat Lengkuas, Tingkatkan Kesuburan Pria",0
"rempah-rempah, gak mikir lama aku langsung video call jungkook untuk ngabarin kalau aku punya lengkuas, jungkook pun akhirnya mencari manfaat lengkuas di google, akhirnya kita berdua pukul 3 pagi lewat video call sama-sama numbuk lengkuas lalu diseduh air panas dan minum bareng.",1
"8 manfaat lengkuas, dari cegah kanker hingga mengontrol asma",0
"Manfaat Lengkuas: Mengobati panu, serta bersifat antifungi dan anti bakteri #TOGA",1
Manfaat lengkuas (II) menghilangkan bekas luka dan menghilangkan bekas jerawat membandel,0
"•~

　　""Sedangkan manfaat daun kemuning adalah sebagai berikut : "" 

¤ Melembutkan kulit
¤ Menurunkan berat badan",1
"•~

　　""Manfaat bunga kemuning adalah sebagai berikut : "" tulisnya kemudian di papan tulis.

¤ Meredakan sakit gigi
¤ Menghancurkan batu ginjal
¤ Mengobati infeksi saluran kemih
¤ Mengatasi haid tidak lancar
¤ Meredakan nyeri akibat rematik
¤ Mengobati bisul & memar",0
"18. #BerbagiManfaat Naah! Sekarang percaya kan, banyak banget manfaat dari KEMUNING ini twips :)",1
1000 Manfaat Daun Kemuning Bagi Kesehatan: http://IndoNews.co.id – 1000 Manfaat Daun Kemuning Bagi Kesehatan –... http://bit.ly/1oDZJ56,0
"Sambil leyeh2 begini jadi kepikiran browsing manfaat bunga kemuning,yg jelas bgt sih jd aroma terapi alami",1
Tanaman kumis kucing memiliki manfaat untuk meringankan beberapa penyakit. Kumis kucing juga sering dijadikan obat saluran kemih hingga meringankan batuk.,0
"Tak Banyak yang Tahu, Ini 6 Manfaat Kumis Kucing bagi Kesehatan, Di Antaranya Menyehatkan Jantung http://dlvr.it/RlHMZH",0
Manfaat Kumis Kucing untuk Kesehatan Ginjal dan Saluran Kencing https://dicari.in/2018/02/10/manfaat-kumis-kucing-untuk-kesehatan-ginjal-dan-saluran-kencing/,0
"15 Manfaat Kumis Kucing untuk Kesehatan, Bisa Menurunkan Berat Badan!",1
"19.Kumis Kucing
Manfaat kumis kucing antara lain mengobati penyakit ginjal, diabetes, asam urat dan hipertensi. Untuk mendapatkan manfaat ini, kamu bisa merebus 4-5 lembar daun kumis kucing dan maminum air rebusannya setiap hari.
*PeTa
#IndonesiaBerdoa
#IndonesiaBerdoa",0
Manfaat Kumis Kucing Untuk Batu Ginjal http://asikaja.com/manfaat-kumis-kucing-untuk-batu-ginjal.59169.html,0
"Manfaat Kumis Kucing Untuk Obat Batu Ginjal Herbal. BACA SELENGKAPNYA >> 
http://tinyurl.com/h8h9dy6 http://plurk.com/p/lzd8ar",0
"~  BUNGA KENOP ~

Nama ilmiah ""Gomphrena globosa L""
Manfaat :
1.Kehilangan nafsu makan
Siapkan 5 gram bunga kenop Rebus dengan 700 ml air, biarkan mendidih dan tersisa 500 ml air. Berikan minuman ini pada anak anda, untuk diminum di pagi dan petang hari dengan takaran 1 gelas.",1
"3. Bunga kenop cocok digunakan sebagai obat herbal untuk mencegah timbulnya penyakit dalam tubuh.Bukan hanya bunga bulatnya,hampir semua bagian tanaman mulai dari daun,akar,dan batang tanaman bisa menjadi ramuan obat.Manfaat bunga kenop di antaranya adalah,melawan sel-sel kanker,",0
Bunga Kenop yang biasa menjadi bunga hias ini memiliki  banyak manfaat bagi kesehatan  seperti radang dan sesak napas,0
"Malam Tweeps, 
Tanaman Kangkung Ternyata Memiliki banyak Manfaat untuk Kesehatan Kita. Yuk Kita Simak apa saja Manfaatnya #InfoSehat

Kangkung dapat Mencegah Insomia, Mencegah Sembelit, Mencegah Anemia, Anti Diabetes Mellitus, dan Meningkatkan Daya Tahan Tubuh #BanggaJadiPetani",0
"Selain manfaat kangkung yang dapat mencegah dalam menyerap gula dalam tubuh ini, tentunya anda juga dapat menikmati manfaat nasi tanpa perlu khawatir.

#4GTUTUPHARI",1
Manfaat kangkung yang pertama. Dapat mencegah sariawan. Kangkung mengandung antiseptik alami yang dapat membunuh kuman pada gigi. #Kangkung,0
"Manfaat kangkung untuk mencrgah anemia dan meningkatkan kualitas otak
#opakdemaiainsalatiga
@astri360
 
@dema_iain_s",0
"Manfaat kangkung :
1. Pencegah Anemia Punggung tangan dengan jari telunjuk mengarah ke kanan Kangung ndue zat besi sing iso merangsang sel darah merah, dadine cocok ngge mencegah kurang darah …",0
"Sebagai orang Indonesia, kita pasti sudah tidak asing lagi dengan kangkung. Manfaat kangkung bagi kesehatan sangat banyak seperti jenis sayuran hijau lainnya.
Kangkung kaya nutrisi yang bisa menyehatkan tubuh, termasuk kulit dan otak.
#lifestyleOne #InfoSehat",0
"Bismillah

Minuman kaya manfaat 
- 1 batang Kayu manis
- 5 Cengkih
- 3 buah Bunga lawang / pekak
- 1 Sdm madu

Rebus semua kedalam 250 ml air, tunggu hingga hangat . lalu masukkan madu.

Ramuan ini sangat bagus untuk ginjal. dan meningkatkan kesehatan hati.",0
"Untuk Anda yang ingin merasakan manfaat jangka panjang terutama untuk mencegah kanker, kombinasi keduanya juga oke, lho. 

Sebab, kayu manis sendiri memiliki komponen antikanker sehingga mampu menghambat pertumbuhan sel kanker dan mencegah penyebaran ke organ lain",0
"#rokokelektronik  ""Kayu manis memberikan manfaat penurunan berat badan"" cara menguruskan badan dengan cepat dimasbeckdong",0
Salah satu manfaat kayu manis adlh  untuk menurunkan berat badan. Penelitian dari University of Michigan Life Sciences Institute menemukan bahwa kayu manis mengandung zat yang disebut dengan Cinnamaldehyde. Zat ini berguna untuk membantu pembakaran lemak yg menumpuk di dlm tubuh.,0
"Air rebusan kayu manis salah satu minuman kaya antioksidan yang menghidrasi tubuh. Selain itu, juga kaya vitamin D dan kalsium. #TempoCantika",0
"Manfaat Minum Air Rebusan Kayu Manis, Menyehatkan Jantung dan Pencernaan https://cantika.com/read/1489845/manfaat-minum-air-rebusan-kayu-manis-menyehatkan-jantung-dan-pencernaan?utm_source=Twitter&utm_medium=Digital%20Marketing&utm_campaign=dlvrit #TempoCantika",0
"Banyak  manfaat kayu manis ni sebenarnya :) http://po.st/Ozhxeb via 
@mstaronline",1
"Manfaat Gula Merah, Bantu Menangkal Sakit Saat Cuaca Ekstrem http://detik.id/6hwPEE via 
@detikHealth",0
"Bismillahirrohmanirrohim
Manfaat Jahe merah dan gula aren yang terdapat dalam Jahe aren SARI RAOS
order dm
Ikut promo
@eaa_01
 
@AirinSoekma_02
 
@Grup_Alpha
 
@OwnerRaos",1
"Manfaat Jahe merah dan gula yang terdapat dalam semua Produk Jahe Aren SARI RAOS
Diproduksi dan dikirim dari Saketi Pandeglang Banten
order DM
@axdwin
 
@ownersariRaos
 
@Adinda_Zahran1
 
@Catatan_ali7
 
@BERKARYA_NET
 
@Hadi_Mawardi_
 
@riznatakusumah
 
@GibranMedia
 
@RAMujiyono",1
"Wedang Jahe buat hangatin badan. 
Jahe Merah banyak manfaat demi kesehatan apalagi ditambah sereh dan pemanis alami gula aren. 
Cocok meredakan gejala pilek dan batuk serta menemani suasana agar hangat",0
"Manfaat Gula Merah bagi Kesehatan, Selain Memaniskan Makanan. Manfaat gula merah dikenal sebagai sumber energi yang baik .",0
"7 Manfaat Jahe Merah& Gula Aren untuk Kesehatan:

Meningkatkan Daya Tahan Tubuh. 
Hangatkan Tubuh.
Redakan Demam dan Flu. 
Meredakan Nyeri Haid.
Lancarkan Pencernaan.
Meredakan Sakit Kepala. 
Cegah Obesitas. 
#PewirausahaPemula 
@OfficialAsoppsi
 
@ajengcute16__
 @mac4n_utara",0
"nak try guna kuasa twitter juga,sebarkan manfaat susu kambing,jadikan makanan sunnah itu amalan.",1
"10 Khasiat & Manfaat Susu Kambing Etawa, Gurih dan Penuh Nutrisi",1
"Ini manfaat susu kambing, ayo monggo segera di order",1
"Alhamdulillah,,awali pagi dengan bersyukur dan menebar manfaat susu kambing etawa SuperGoat. 
#PewiraUsahaPemula 
@ajeng_cute16
 
@AsoppsiOfficial",1
"Rasulullah SAW ternyata suka susu kambing, sunah ini bisa diikuti umat muslim karena susu kambing mengandung banyak manfaat. Susu juga tercatat dalam Al-Quran. Berikut penjelasannya: #Susu

via 
@detikfood",0
"Menyehatkan saluran pencernaan dan baik untuk pengidap diabetes. Ini manfaat susu kambing. #TempoGaya
https://bit.ly/3bh0XA7",0
Susu Sapi Mempunyai Banyak Manfaat Terutama Untuk Meningkatkan Kepadatan Tulang Akibat Tingginya Kalsium Di Dalamnya.,0
"Susu almond bisa jadi alternatif buat kamu yang lebih menyukai susu dari protein nabati, lho! Tenang aja, manfaat dan rasanya enggak kalah sama susu sapi kok, Bu. Nah, berikut manfaat yang bisa ibu dapatkan dari mengonsumsi susu almond selama menyusui.",1
"Huh.. ppkm diperpanjang. Gerak dibatasi. Yawes lah saya mengisi waktu dengan berkebun dan berternak saja. Ngarit, menanam bidara dan memeras susu sapi.

Hasil panen kelor hari ini juga lumayan, banyak tanaman herbal dan tanaman bermanfaat lain yang saya tanam di masa pandemi ini.",1
"Haduhh.. ppkm diperpanjang. Gerak dibatasi. Yasudahlah, saya mengisi waktu dengan berkebun dan berternak saja. Ngarit, menanam bidara dan memeras susu sapi.
Hasil panen kelor hari ini juga lumayan, banyak tanaman herbal dan tanaman bermanfaat lain yang saya tanam di masa pandemi.",1
"Manfaat Tak Terduga Asam Jawa, Tingkatkan Kejantanan Pria",0
"Asam Jawa 

Meningkatkan Sistem Kekebalan Tubuh Manfaat asam jawa didapat karena adanya antioksidan di dalamnya yang dapat membantu mengurangi risiko penyakit kronis. Antioksidan akan bekerja melindungi tubuh dari kerusakan radikal bebas yang merupakan produk sampingan",0
"Manfaat & Khasiat Asam Jawa bagi wanita saat mengalami Datang Bulan (Haid)
1. Memperlancar datang bulan
2. Mengurangi nyeri pada perut
3. Mencegah penggumpalan darah
4. Mengurangi bau amis / anyir
5. Membuat tubuh terasa lbh nyaman / rileks
#programfolback #BanggaBertani",0
"Beberapa manfaat asam jawa antara lain menurunkan kolesterol, menjaga kesehatan jantung, serta membantu sistem pencernaan tubuh.",0
Ada beberapa manfaat asam jawa untuk kecantikan kulit seperti misalnya menjadikan wajah tampak putih berseri. #asamjawa,0
"Buat air asam Jawa yuk moms untuk kesehatan. Manfaat asam jawa diantaranya: Mengobati mata kering, Mengatasi sembelit atau susah buang air besar, menurunkan tekanan darah dan meningkatkan kesehatan jantung. Cara menikmatinya, cukup seduh dng air panas & gula Jawa. #KokitaTips",0
"Sebelumnya 104 Kg, Sesudah Minum Air Asam Jawa Turun 83 Kg, Berikut Manfaat Asam Jawa Lainnya: http://youtu.be/S7Exu-CS0ns?a via 
@YouTube",1
"Manfaat Buah Rambutan : Daging, Biji hingga Daun Semua Punya Khasiat Super! http://j.mp/2Hm1W3X",1
Manfaat Rambutan: Antikanker hingga Tingkatkan Kualitas Sperma http://bit.ly/2dFTkWP,0
"Mulai dari Antiseptik Hingga Turunkan Risiko Kanker, Inilah 10 Manfaat Istimewa Rambutan yang Jarang Diketahui",0
Sejuta Manfaat Rambutan http://msn.com/id-id/kesehatan/health/sejuta-manfaat-buah-rambutan/ar-BBQhJpI?ocid=ob-tw-idid-1525844891734,1
"Manfaat Rambutan, Salah Satunya Bisa Mencegah Kanker, Lho! | Klik http://bit.ly/2QreStt",0
"MANFAAT CEMPEDAK UTK KESIHATAN 

1 - Baik untuk mata
2 - Membantu pergerakan usus
3 - Merawat malaria
4 - Mengawal berat badan
5 - Kesihatan jantung",0
Manfaat utama buah cempedak adalah untuk menyehatkan mata. #IndonesiaTANGKALKolestrol,0
"Hanya dengan RM10, anda boleh beri manfaat kepada 4000 keluarga di 7 kampung & keluarga yang menerima bantuan 
@pertubuhanbakti
 

Kg Bandar Dalam
Kg Sungai Merali
Kg Puah Lembah
Kg Sungai Merali
Kg Selayang Lama
Kg Cempedak Hilir
Kg Banda Dalam

KLIK: http://baktinusantara.onpay.my",1
Trip yang penuh manfaat ke Teluk Cempedak semalam. Banyak pengajaran…,1
"Manfaat cempedak:utk mata,turunkan kolesterol darah,redakan tumor,cegah stroke,jaga pencernaan,melangsingkan tubuh",0
"Manfaat Buah Cempedak: 1.Menyehatkan Mata,2.Mencegah Tumor,3.Dan Menekan Kolestrol..",0
7. Bayam yang dipanaskan berpotensi menyebabkan kanker,1
"""Penyakit dan Obat-nya |Makan Bayam Berlebih Menyebabkan Batu Ginjal"" ( http://bit.ly/QkUVOu )",1
Apakah betul mengomsumsi tahu dan bayam bersamaan menyebabkan penyakit kanker? http://fb.me/7Unf8ymBY,1
"kelebihan vitamin K dapat menyebabkan penyakit kuning.jangan berlebihan mengonsumsi bayam, daun singkong #VITAMIN #HealthyIndonesia #Heroes7",1
bener gak sih nenek-nenek kalau makan sayur bayam menyebabkan asam urat?,1
"Tercatat dlm sejarah sejak jaman Kerajaan smp terbentuknya NKRI,Bangsa ini tdk pernah absen utk melaksanakan Ibadah Haji tiap tahun nya. Dan sejarah pun mencatat di Rezim ini, Bangsanya tdk bisa Ibadah Haji krn dananya disikat Rezim. #KemanainDanaHajinya #KemanainDanaHajinya",1
"Polemik dana haji. Para calon jemaah haji di daerah dan di bawah pada keluh kesah, khawatir, bahkan sedih. Setelah tahu bahwa mereka gagal berangkat dan mengira gagalnya karena dana haji di embat. Ketika ditanya darimana informasi di dapat? Jawabnya dari Sosial Media. Ajibb...",1
Indonesia Resmi Tak Berangkatkan Haji 2021,0
"+62 Belum bayar DP untuk musim haji 2020 dan 2021. duit haji disalah gunakan om, unruk bangun tol dll. tanpa melalui izin pemilik dana diam2 duit jamaah di pakai. Jangan heran jika Covid-19 di jadiin alasan semata",1
Jadi JAMAAH Haji Indonesia DITOLAK bukan Karena LEMAHnya Penanganan Terhadap Covid 19 TAPI GAK ADA UANG untuk BAYAR HAJI? Gimana tuh ,1
"Jemaah Haji Indonesia Ditolak Bukan Karena Covid-19? TRUS, KARENA APA? Duitnya Habis, Lalu Mau Ngutang Dulu! OHH YAA...?",1
"KPK menyatakan akan mencatat setiap kesaksian dan fakta yang muncul dalam sidang kasus korupsi ekspor benih lobster. Termasuk, munculnya nama Menteri Pertahanan Prabowo Subianto",1
Ya kamu yg korupsi benih lobster harus di bom dan ditenggelamkan...!!! @prabowo @jokowi,1
"ditetapkan sebagai tersangka kasus korupsi benih Lobster Kata Edhy ini kecelakaan, klo bpk masih jadi sopirnya pak ",0
"Mosok anak buah @prabowo mau nge-wine aja harus ‘ngerampok’ uang rakyat? Dugaan Korupsi Benih Lobster KKP, Duit Suap Dipakai Edhy Prabowo ",0
"Eks Menteri KKP, EP membantah keterlibatan Prabowo Subianto dalam kasus korupsi benih lobster. Namun, nama petinggi partai Gerindra tersebut muncul dalam persidangan dan dikaitkan dengan perusahaan PT ACK yang diduga milik Menhan Prabowo Subianto sebagai pengekspor benih lobster.",1
Sebuah unggahan di Facebook menyebut bahwa donor darah dari penerima vaksin COVID-19 dianggap berbahaya,1
"Cek Fakta : Berbahaya, Terima Donor Darah dari Orang yang Disuntik Vaksin Covid-19",1
Siti Nadia Tarmizi menjelaskan bahwa darah dari pendonor yg sudah menerima vaksin COVID-19 tdk berbahaya. Donor darah dapat dilakukan dgn menunggu setidaknya 14 hari setelah vaksinasi. Tujuannya utk memberikan jeda dan mengedepankan kehati-hatian.,0
CEK FAKTA: Hoaks Makan Buah Saat Perut Kosong Bisa Sembuhkan Kanker: Kabar makan buah saat perut kosong bisa menyembukan penyakit kanker tidak terbukti alias hoaks. Bahkan dua orang yang diklaim sebagai Dokter faktanya bukanlah Dokter yang sesungguhnya.,1
[HOAKS] Makan Buah Saat Perut Kosong Menyembuhkan Kanker https://kominfo.go.id/content/detail/21904/hoaks-makan-buah-saat-perut-kosong-menyembuhkan-kanker/0/laporan_isu_hoaks,1
Makan Buah Saat Perut Kosong Dapat Menyembuhkan Kanker: Hoax -,1
"Darah manusia terjangkit, kera, apalagi ya RT @detikcom : apakah bahan dasar vaksin Cuma dari babi?http://de.tk/VELBG via @detikhealth",1
"MUI Pastikan Vaksin Sinovac Halal, Tak Ada Kandungan Babi: Prinsipnya, selama media itu dipisahkan dari produk akhirnya dan selama ada proses pensucian, maka diperbolehkan. Misalnya ada serum darah atau tripsin yang berasal dari bahan najis,"" ujarnya. http://dlvr.it/RpwlGZ",1
"Miris. Apa apaan nuduh vaksin dibuat dari darah babi dan saripati monyet. Dikira ngumpulin bahan kek gitu bakal gmpang kaya nyari beras. Pengen ngatain banget ya Allah. Segala dikatain siasat sama fitnah yahudi lagi, mana banyak pula yang percaya, hadeuhhh.",1
GARAM TIDAK BOLEH DIMASAK ! Hal tersebut akan menyebabkan garam menjadi racun/toksin.,1
"GARAM TIDAK BOLEH DIMASAK! Kesilapan kita (kebanyakan orang Melayu) ialah kita memasak garam iaitu memasukkan garam kedalam masakan ketika minyak sedang MENDIDIH/PANAS. Ia akan menyebabkan garam menjadi racun/toksik. Garam, bahasa saintifiknya adalah sodium.",1
"Setelah Dimasak, Garam Berubah Menjadi Racun?: http://DokterSehat.Com– Terdapat banyak sekali info… https://goo.gl/fb/TxQdd7",1
Info Menarik Terbaru Tentang (Garam yang Dimasak Akan Menjadi Racun?) - http://infomenarik-terbaru.com/garam-yang-dimasak-akan-menjadi-racun/,1
"Perkara status whatsapp buibuk kampunh bilang nata decoco terbuat dari plastik, akhirnya tiap saur gabisa lagi cemilin natadecoco. Dah ku yakinin pake pernyataan dari BPOM juga ga ngaruh.",1
"Jadi inget bapaku yang percaya natadecoco dari plastik sampe skrg, padahal udah aku jelasin kalo terbuat dari fermentasi air kelapa",1
"Habis itu tadi beliau ambil natadecoco dan mau bakar pake korek, terus nggak nyala masih berpositif thinking ""ini karena natadecoconya basah"" yakali plastik mah bukanya basah tetep bisa di bakar ya?",1
Anjing garang dilepaskan untuk muslim yang tengah solat. Zionis Israel ni memang bodo,1
Pasukan zionis memukuli gadis-gadis di sekitar Bab al-Amud di #Yerusalem yang di kuasainya.,0
"Anjing Zionis Israel Dilatih untuk Menerkam Orang Salat, Cek Faktanya http://dlvr.it/RztDlk #cekfakta",1
"saya ga bilang artikel dibawah benar, [HOAX] Covid-19 Adalah Bakteri yang Terpapar Radiasi, Sumber: Kementerian Kesehatan Rusia https://covid19.go.id/p/hoax-buster/salah-covid-19-adalah-bakteri-yang-terpapar-radiasi-sumber-kementerian-kesehatan-rusia… Tapi kenapa juga Russia bikin vaksin Suptnik 5?",1
[Cek Fakta] Rusia Sebut Covid-19 Adalah Bakteri yang Terpapar Radiasi? Ini Faktanya,1
Pandemi Muncul Tiap 100 Tahun hingga Covid-19 adalah Bakteri yang Terpapar Radiasi,1
"FYI : Lelaki yang menggunakan emas sebagai kalung atau cincin atau sebagainya, kemungkinan dapat menyebabkan Alzaimer. #BaruTauGue",1
Trnyta memakai emas bg laki2 bs menyebabkan alzaimer..cz atom emasny dpt menembus smpai otak..subhanallah,1
alasan pria dilarang menggunakan perhiasan emas? atom emas mampu menembus kulit &masuk ke dlm darah shg dpt menyebabkan Alzaimer,1
ternyata sinar laser dapat merusak mata dan mengganggu kerja otak. #ABG,1
"Itu karena dulu waktu jaman penjajah ad yg ber slogan, bawasannya laser infrared untuk mengukur suhu badan tidak bagus kalo disodorkan di kening, katanya dapat merusak jaringan saraf otak. Mungkin disini ada yg pernah mendengar?",1
"[HOAXBUSTER: Apakah Thermal Gun dapat Merusak Otak? #SiapAdaptasi] Apakah thermal gun dapat merusak otak? Tidak! Thermal gun tidak menggunakan sinar laser radioaktif. Saat menerima suatu informasi, pastikan dulu kebenarannya ya. ",1
"Berita yang beredar di medsos bahwa permen susu mengandung narkoba itu HOAX. Hasil pemeriksaan BPOM, permen tersebut tidak mengandung narkotika atau negatif. Jadi informasi tersebut jangan dipercaya.",1
https://twitter.com/senayanpost/status/943443598313263105?s=20,1
Permen Susu Mengandung #Narkoba Hoax - #Banyumas #PermenSusu #Senayanpost - https://senayanpost.com/bpom-permen-susu-mengandung-narkoba-hoax/,1
Permen bentuk dot susu diduga mengandung narkoba beredar di Surabaya https://ferdfound.wordpress.com/2017/03/07/permen-bentuk-dot-susu-diduga-mengandung-narkoba-beredar-di-surabaya,1
"Hoax, Panik Permen Susu Mengandung Narkoba http://radarsultengonline.com/2017/12/21/hoax-panik-permen-susu-mengandung-narkoba/",1
"Selamat Siang Mitra Humas Telah beredar Informasi bahwa adanya Permen Susu mengandung Narkoba Jenis Benzodiazepin itu Tidak Benar atau ""HOAX""",1
"Beredar Pesan Berantai Adanya Permen Susu Mengandung Narkoba, Polisi : Itu Hoax! http://dlvr.it/PpvQ5C",1
https://twitter.com/pamanshaggy/status/911523063786651648?s=20,1
Kopi dalam dosis tertentu berpotensi mencegah Covid dengan cara menghambat proteasenya Virus Corona menempel pada sel kita.,1
Warung kopi hingga restoran mulai menerapkan physical distancing atau jarak fisik. Penerapan itu untuk mencegah penyebaran virus Corona (Covid-19). Berikut momennya: http://detik.id/6wPyT5 #PhysicalDistancing #VirusCorona,1
Berikan Komentar dan Opini mu tentang keseriusan pemerintah dalam mencegah penularan covid-19. Di Kopi Pagi Esok hari.,1
"Buat penikmat kopi, jom mencegah covid-19 oleh Empat Petang! [2/2]",1
Pada Hari Senin Tanggal 24 Agus tus 2020 Sat Binmas Polres Samosir melaksanakan Sosialisasi kepada warga masyarakat dalam Pelaksanaan Adaptasi kebiasaan baru untuk mencegah wabah Covid 19 di Kedai Kopi Milik PAK RIJAL Kelurahan Pasar Pangururan Kec. Pangururan Kab. Samosir.,1
"Dua hari berturut-turut di grup keluarga dishare kalau covid bisa dicegah dengan kayu putih dan banyak tidur. Kemaren di twitter dibilang kopi yg punya potensi. Cocok lah ini, rebahan terus pake kayu putih mumpung winter, sambil minum kopi. Langkah mantep mencegah Covid-19 ",1
"Bayam itu mengandung zat besi dan banyak vitamin lainnya. Kalo bayam dipanaskan secara berulang"" akan dpt mengoksidasi kandungan zat besi tersebut sehingga akan menjadi racun yg tdk baik untuk dikonsumsi oleh tubuh",0
Didalam sayuran hijau seperti bayam terdapat kandungan zat besi yang sangat baik untuk atasi anemia #InfoGizi,0
Bayam mengandung zat besi yang baik untuk tulang. #IngatSehat ,0
"7. Melancarkan Pencernaan Bayam merupakan sayuran hijau yang sangat tinggi kandungan serat, hal ini akan sangat berdampak pada kesehatan pencernaan kita apabila kita rutin mengonsumsi bayam",0
"ayuran hijau ini punya banyak manfaat untuk si kecil.Selain kaya akan zat besi, bayam juga mengandung serat yang baik untuk pencernaan. SGM Eksplor 2 gelas sehari membantu memenuhi kebutuhan nutrisi si kecil.",0
Tidak Benar Masker Bisa Merusak Imun Tubuh dan Tidak Aman Bagi Pencegahan Covid-19,1
Ekstrak biji ganja disebut bisa untuk bahan obat diabetes dan kanker,1
"PBB telah merestui rekomendasi WHO untuk menghapus ganja sebagai obat paling berbahaya di dunia dan bisa digunakan sebagai keperluan medis. Lalu, apa manfaat dan bahaya ganja yang harus Anda ketahui? ",1
"Komisi PBB menyetujui rekomendasi WHO yg tidak lagi menggolongkan ganja sebagai obat-obatan terlarang yg berbahaya dan bisa digunakan untuk memenuhi kebutuhan medis. Melalui pemungutan suara oleh 53 negara, 27 menyetujui hal ini sedangkan 25 negara lainnya keberatan.",1
"HOAX BUSTER : Minum air/teh panas dengan lemon dapat membunuh coronavirus secara total] Air lemon yang terbukti mengandung antioksidan mampu mengurangi batuk, namum BELUM TERBUKTI dapat mencegAh atau membunuh covid-19. ",0
"tahun lalu. ada bener nya juga, intinya covid ada dan nyata, tapi tidak mematikan sesuai data.",1
Bukti covid tidak mematikan adalah banyak artis yang kena covid tapi tidak mati,1
"virus COVID-19 itu ADA tp tidak MEMATIKAN. buktinya jokowi,satpol PP dan aparat polisi yg sering berada di kerumunan BAIK-BAIK SAJA. bahkan buruh pabrik yg setiap hari berkerumun pun BAIK-BAIK saja. kebijakan KONYOL PEMBATASAN JAM ITULAH YG MEMATIKAN PEREKONOMIAN MASYARAKAT!!!!!",1
"Saya percaya Covid itu ada, seperti halnya mahluk Ghoib. Ada tapi tak terlihat. Hanya menakutkan tapi tidak mematikan. Tetap Allah Azza Wa Jalla yg menghidupkan dan mematikan. ",1
"Pemerintah Razia Masker, Yang melanggar Denda 250 Ribu Atau Sanksi Sosial http://dlvr.it/RcGWpb",1
PENGUMUMAN DARI DITLANTAS POLDA BESOK ADA RAZIA MASKER SERENTAK DI SELURUH INDONESIA DAN ADA DENDA BAGI YG MELANGGAR,1
"Saya berani statement Tokoh2 pejabat d negara kita Pake masker ketika ada kamera doank.Ini curhat saya selama 7 bulanMenerapkan denda ke rakyat jelata, itu ga efektif, mreka bakal pake masker ketika ada razia doank
Belajarlah edukasi tanpa harus dengan cara menakuti
",1
Apakah hari ini Anda menerima pesan berantai yang menyebut kondisi Covid-19 di Surabaya masuk zona merah merah/hitam?Di pesan itu juga disebut sejumlah rumah sakit penuh pasien dan rencana razia masker dengan denda 250 ribu. Berikut #CekFakta kami. (hm),1
"Beredarnya sebuah pesan di media sosial yg berisi informasi tentang razia pemakaian masker bagi masyarakat Kabupaten Kendal saat berada di fasilitas umum yg dilaksanakan mulai Senin, 22 Juni 2020 yang disertai dg sanksi dan denda minimal Rp 250 ribu adalah HOAX atau TIDAK BENAR",0
"G pakai masker lebih aman, bebas mnghrup udara segar, virus it jgn dianggap besar, kl rajin wudhu Insya'Allah aman dr virus
",1
#HOAX Rajin Wudhu Aman dari Virus Hasil Periksa Fakta Nadine Salsabila Naura Marhaeni - Universitas Diponegoro.,0
"Ceweknya: ""aku glowing cuma pake air wudhu kok"". Lakinya: ""aman dari virus, asal rajin wudhu"".",1
"ubir Penanganan Corona Achmad Yurianto menyebut, selain mempermudah penularan virus corona, merokok juga dapat merusak sel dinding pernapasan. Ia pun mengimbau agar masyarakat berhenti merokok. Sebab, aktivitas itu tak baik untuk kesehatan. #TopNews http://bit.ly/2TWFked",1
foto di gym bersama dolketot alias idola kepop berotot... jangan suka merokok lagi ne... tidak baik untuk kesehatan... fighting!!! ,1
Minum aja lah tunggu apalagi. Rokok aja buat 18+ tetep aja yg ngerokok underaged. Kamu pikir aturan 21 tahun buat meminum alkohol bisa membuat underaged tidak meminumnya? Orang indo peduli aturan kalau itu menyangkut orang lain tapi bodo amat kalau itu mengikat diri sendiri,1
Saat ini petinggi TNI digegerkan dengan temuan banyaknya ranjau bawah laut di sekitar lokasi tenggelamnya KRI Nanggala 402 | hasil pantauan pesawat intai Poseidon P-8 Amerika simpulkan ranjau tersebut ditanam angkatan laut komunis china | laut Indonesia sudah jebol | *infovalid,1
SALAH [MISLEADING CONTENT] BERITA Akun Twitter Intelektual Jadul mengunggah cuitan berupa narasi yang menyebutkan bahwa saat ini petinggi TNI dikejutkan dengan temuan banyaknya ranjau bawah laut di sekitar lokasi tenggelamnya KRI Nanggala 402.,0
"Ditemukan banyak ranjau bawah laut milik militer Cina di lokasi tenggelamnya kapal selam milik TNI Angkatan Laut, KRI Nanggala 402. Namun, benarkah klaim tersebut? Mari kita cek faktanya! #TempoVideo",1
Bisa jadi KRI Nanggala 402 kena serang musuh.atau terkena Ranjau musuh asing...,1
Kapal selam KRI Nanggala-402 yang hilang kontak di perairan Bali sejak Rabu (21/4) dini hari belum ditemukan setelah 72 jam lebih pencarian dilakukan. Kami disini selalu mendoakan yang terbaik semoga ada tanda2 ditemukan dan semoga 53 awak selamat ,0
[Fakta atau Hoaks] Benarkah Ini Foto-foto Toko di Cina yang Menjual Daging Manusia? https://cekfakta.tempo.co/fakta/619/fakta-atau-hoaks-benarkah-ini-foto-foto-toko-di-cina-yang-menjual-daging-manusia?utm_source=Digital%20Marketing&utm_medium=Twitter&utm_campaign=dlvrit… #CekFakta #TempoCekFakta,1
"Toko yang menjual Daging Manusia toko daging di Inggris, 6 Wesker & Son Ltd.",1
"Idih, Ada Toko Menjual Potongan Tubuh Manusia!: Sungguh mengerikan, sebuah toko daging di Inggris menjual potong... http://bit.ly/RYZUU8",1
"da info kalo gambar2 yang selama ini beredar ttg kremasi massal dan sebagainya itu peristiwa kebocoran gas di India, bukan ttg corona.",1
"Dampak melonjaknya kasus-kasus Kovid-19 juga tampak dari berbagai krematorium di India. Banyak keluarga harus menunggu berjam-jam untuk melakukan upacara pelepasan jenazah. Kemudian, karena beberapa kota kekurangan tempat, kremasi massal pun diselenggarakan.",1
MERINDING! Kremasi Massal Korban Covid 19 di India Kasus Covid-19 semakin mengganas di India. India sempat mencatat rekor kasus harian tertinggi di dunia. Pemerintah India pun siapkan tempat Kremasi massal darurat setelah sejumlah krematorium penuh akibat lonjakan kematian,1
otret Kelam Kremasi Massal di Tengah Ganasnya Amukan COVID-19 di India Jakarta - COVID-19 di India kian mengganas. Korban yang meninggal akibat virus Corona di negara itu bisa mencapai 2.000-an orang dalam sehari.,1
"KREMASI MASSAL DI INDIA ! 1• Lonjakan kasus Covid-19 di India semakin memburuk. Setelah Rumah sakit penuh & kekurangan tabung oksigen, kini hrs menghadapi penuhnya krematorium utk kremasi jenazah. Pemerintah India akhirnya melakukan kremasi massal untuk jenazah korban Covid-19",1
Gelombang tsunami COVID-19 di India kian parah. Penambahan kasus harian terus mencetak rekor dunia berturut-turut. Kremasi pun dilakukan secara massal.,1
"Angka kematian di India sudah > 200.000 jiwa, penanganannya sudah dengan kremasi massal.",1
"Dengan memasang PLTS atap on-grid, kamu dapat menurunkan biaya tagihan listriknya sebesar 30%.

Bahkan, mantan Menteri ESDM Ignatius Jonan mengatakan setelah memakai panel surya di rumahnya, tagihan listrik yang biasanya berkisar Rp 4-5 juta per bulan menjadi sekitar Rp 1 juta",0
"Masjid Koutobia menjadi yang pertama menggunakan panel surya di Maroko, panel surya ini dimanfaatkan untuk pemanas air juga lho dan juga berhasil menurunkan tagihan listrik hingga 80%
",0
"Instalasi solar panel yg bisa kuat AC itu investasinya lumayan, yg udah banyak diaplikasikan di indonesia sih rata2 buat lampu penerangan aja. CMIIW",1
Hati2 pakai mob Daihatsu.. Mobil parkir bisa meledak krn korsleting aki..,1
Lupa Isi Air Aki Bisa Sebabkan Aki Meledak ,1
"Saya orang otomotif mobil...kalo aki jatuh langsung meledak itu bohong...mobil kebakaran apabila mobil dalam keadaan menyala.kecuali mobil itu pasang variasi yang bukan tempatnya, seharusnya pihak Daihatsu harus menindak ini atau kehilangan pelanggan.karena gak bagus",0
Seumur2 gk pernah denger aki meledak kl tabung gas 3kg sih sering Kl ngarang itu coba yg cerdas dong... Biar bangsa kita bisa tambah cerdas,1
Aki meledak sendiri tanpa sentuhan,1
Hati-hati! Terlalu Sering Minum Es Teh Manis Bisa Berbahaya bagi Kesehatan ,1
"Minum Es Teh saat Hamil, Berbahaya. Ini Alasannya.",0
Ternyata es teh berbahaya untuk anak-2,1
FPI berhasil membuat jet tempur di Yaman.,1
Pesawat Pribadi Habib Rizieq & Jet Tempur Laskar FPI ,1
Cek fakta tentang foto dan video pesawat jet tempur milik FPI.,0
Turn Back Hoax: [SALAH] Video dan Foto Jet Tempur FPI,0
"Kabar terbaru: Kominfo akan menghentikan siaran televisi analog untuk migrasi siaran TV digital paling lambat 17 Agustus 2021. Secara keseluruhan, peralihan tv analog ke digital ini dilakukan lima tahap. Tahap akhir penghentian televisi analog akan dilakukan 22 November 2022.",0
"Perusahaan TV berlomba membuat TV dg resolusi tajam, begitu juga teknologi kamera. Gelombang digital didorong utk menggantikan gelombang analog utk meningkatkan kualitas gambar. Tapi untuk tayangan gambar budaya dan seni masih ada spot blurnya.",1
Tv digital emang sering ilang sinyal ya?,1
"Tadi, di Metro TV, pengantar diskusi digital adalah nadiem. Rasanya aku cukup dekat dgn orang Arab yg kemaruk di film ""Mummi"". Arab maruk itu jadi pelayannya Firaun. Tampangnya mirip Nadiem Makarim yg culas. Bentar lagi ia mau IPO utk keruk 580T, lalu kabur bawa 318T.",1
"Politik jahat berkembang sejak Jokowi jadi presiden. Kalau mau dihentikan, turunkan Jokowi. Gawat orang itu. Kini ia mau 3 periode. Jadi raja saja. King of Mukidi.",1
"koruptor semakin sejahtera, sdm rendah cukup dikibuli buzzer adem ayem. ",1
"Maybe percuma boneka diturunkan jika sistem masih dipegang oleh dalangnya, emak banteng dkk... paling ntar cm ganti boneka",1
Hasil survei Parameter Politik Indonesia yang dilakukan terhadap 1.200 responden menunjukkan mayoritas responden menolak masa jabatan Presiden Joko Widodo diperpanjang menjadi 3 periode.,0
"Viral! Tank TNI Turun ke Perbatasan Bekasi-Bogor, Publik: Buat Takut-takuti Pemudik?",1
"Humas dan Siber Polri perlu usut penyebar hoax dan provokasi yg bandingkan larangan mudik dng kedatangan TKA Cina. Ada ormas yg anjurkan terobos pos penyekatan pemudik dng alasan TKA Cina kok boleh masuk? Jika terbukti langar hukum, penyebar hoax dan provokator hrs ditangkap.",0
"kopi bisa menyebabkan kanker? Jelas Mitos! Faktanya, sejumlah penelitian mengungkapkan bahwa nggak ada kaitannya antara kanker dengan kopi. Yang ada justru sebaliknya, kopi punya kandungan antioksidan yang mampu memerangi kanker dan memperlambat proses penuaan.",0
"kopi dapat menyebabkan kanker, serangan jantung, impotensi dan gangguan kehamilan dan janin…",1
"kabel panas, bukan utk temperatur manusia "" kata Ichsnuddin Noor

""Mereka jual alat, kita dibodohi, kepala kita ditembak laser, kita tidak tau dampak pada struktur otak bagaimana,"" lanjutnya

Waduh, apa benar nih, thermo gun kan sudah lama dipakai di seluruh dunia.",1
"Thermo Gun merusak otak !!!

Berita ini langsung membuat heboh masy disebabkan viralnya video perbincangan antara pakar kuis Helmy Yahya dgn pakar ekonomi Ichsanuddin Noor di medsos
",1
Termometer gun merusak otak gan,1
"Jangan percaya HOAX, cek dulu faktanya!

Meningkatnya penggunaan Thermo Gun mengakibatkan munculnya hoax yg menyebutkan jika termometer ini bisa merusak otak melalui pancaran sinar yg ditembakkan di kepala. 

Hal ini tidak benar ya Sobat Sehat!",0
"Jika Asteroid Tabrak Bumi 24 Juli: Tsunami dan Hamburkan Batu
",1
LAPAN: Tidak Ada Asteroid Tabrak Bumi 15 Ramadhan,0
NASA dan SpaceX Kerjasama Cegah Asteroid Tabrak Bumi,1
Sebuah Asteroid Akan Tabrak Bumi Tepat Di Malam Pemungutan Suara Pilpres AS,1
 TODAY'S HEADLINE: Waspada! 1 September Asteroid Florence Akan Tabrak Bumi,1
Hati-hati hoax beredar di WhatsApp yang isinya koneksi internet gratis 20GB. Ini penjelasan Ahli Digital Forensik Ruby Alamsyah bahaya mengklik tautan tersebut.,0
"BOLT INJECTOR!
Internet gratis 20GB! download klik https://goo.gl/qQRMgp 
pilih no 2
(khusus kartu 3,axis,telkomel,xl dan indosat)",1
Trik Cara Mendapatkan Paket Data Internet Kuota Gratis 20GB Semua Operator ,1
"Jujun Junaedi (45), tukang bubut yang merakit helikopter di Sukabumi mengaku tak mencari sensasi. Ia hanya berharap helikopter yang dirakitnya itu bisa terbang. #HelikopterRakitan #HelikopterRakit",0
Helikopter Rakitan Warga Nagrak Seharga Rp 30 Juta Siap Uji Terbang ,1
Isu yang disebar beberapa hari belakangan ini yang menyebutkan Gubernur Papua meninggal dunia tidak benar dan tidak berdasar,0
GA TERIMA SUMPAH AMONG US DIBLOKIR ,1
Game Among Us Diblokir,1
"Prakiraan cuaca:

among us makin ramai dikenal khalayak luas -> mulai muncul di berita, dimulai dari news outlet yg 'kekinian' -> hingga akhirnya mencapai telinga boomers -> dipermasalahin -> nyampe tingkat nasional -> diblokir kominfo -> org kominfo klarifikasi gjls",1
"Bukti bahwa minat literasi orang Indonesia rendah wkwk

Apalagi pas ada yang iseng bikin fake news among us mau diblokir, pada percaya masa Rolling on the floor laughingLoudly crying facePensive face
",0
"Bantah Naikkan Tarif Listrik Diam-diam, Ini Penjelasan PLN soal Tagihan Listrik Pelanggan Membengkak",0
Alhamdullilah Jackie Chan masuk Islam Smiling face with smiling eyes kita telah menerima saudara baru Revolving hearts,1
"#kamucakeptapi tapi suka share ""  jackie chan masuk islam.. like dan share jika kamu muslim, abaikan jika non muslim """,1
"Subhanallah.. 
Jackie Chan masuk Islam.

Share dan Like berita gembira ini. 
RT untuk mendapatkan rejeki berlimpah",1
[Cek Fakta] Hoaks Aktor Laga Jackie Chan Masuk Islam,0
"Orang Vietnam memang suka teh hijau. Dalam berbagai kesempatan mereka selalu minum teh hijau. Namun, menurut saya bukan teh hijau yang menjadi rahasia sukses penanganan COVID-19 di Vietnam.",0
teh hijau madu dan daun mint bisa menyembuhkan covid 19 ini ketiga resep dari saya,1
"4 Fakta Zat Epigallocatechin Gallate, Kandungan pada Teh Hijau yang Mampu Kurangi Bahaya akibat Covid-19 - https://idcorner.co.id/4-fakta-zat-epigallocatechin-gallate-kandungan-pada-teh-hijau-yang-mampu-kurangi-bahaya-akibat-covid-19/
",1
"Lbh sehat Teh Hijau Panas, sdr ku... Baik lagi utk menangkal virus Corona krn kandungan kimiawi dri Teh Hijau banyk yg sama dg obat2 yg diminum pasien Covid, di Wuhan, rmh skt nya sediakan Teh Hijau Panas 3x sehari utk pasien2nya, shg di Wuhan tercatat angka pasien sembuh besar.",1
"(2)Dr. Christine adalah dokter kandungan bersertifikat.
Belajar di sekolah dokter Dartmouth dan staf di pusat medis New England.Mantan professor kandungan di Universitas Vermont Perguruan Tinggi Kedokteran.
*VAKSIN COVID ADALAH VAKSIN RNA SECARA MENDASAR AKAN MERUBAH DNA MANUSIA",1
"cocoknya dikasih VAKSIN NUSANTARA ciptaan dr TERAWAN. selaen jd ANTI COVID-19, insyaaallah bisa MERUBAH DNA JAHILIYAH orang2 ARAB, khususnya yg dr YAMAN",1
"Kekwatiran sejumlah orang yg bilang itu merubah struktur DNA kita tdk berdasar krn terbukti tdk terjadi pada uji klinis fase 1 & 2. Walau aman jangka pendek, keamanan jangka panjang perlu dibuktikan seiring waktu. Sekali lagi vaksin perdana umat manusia yg berbasis RNA",0
"Bahaya, renang menyebabkan hamil ahahahaha",1
Hanya di kolam renang yg menyebabkan hamil..sebab saat banjir gak sempet untuk ejakulasi...wkwk,1
"Karna selain bisa menjadi media penularan virus juga dapat menyebabkan hamil, jadi mending kamu renang dibak mandi dulu aja",1
Ternyata berenang kolam renang bareng laki-laki menyebabkan hamil itu berita houks dr Uganda.,0
air mani masuk pori pori di kolam renang bisa menyebabkan hamil,1
minumlah teh panas setelah di campur perasan lemon..dapat segera membunuh virus covid 19..dan dapat sepenuhnya menghilangkan virus covid 19 dari tubuh...2 bahan ini membuat sistem kekebalan tubuh menjadi bersifat basa..,1
*Kabar gembira dan istimewa.. Vietnam korban covid 19 tidak ada yng mati...Berita super.. obat virus covid 19  sudah tercapai informasi dari negara Vietnam.. virus covid 19 tidak menyebabkan kematian.. ternyata resepnya sangat sederhana tapi sangat ampuh.. hanya 1 teh..2 lemon.,1
"Belum ada satu pun obat khusus yang dapat menyembuhkan COVID-19, termasuk teh hangat dan lemon.",0
"Obat COVID-19 murah meriah mudah di dapat di sekitar kita loh, air kelapa muda di campur jeruk nipis dan garam di minum, murah manjur lenyap tuh covid-19",1
"[SALAH] Air Kelapa Muda, Jeruk Nipis, dan Garam Obat Covid-19

Farmakolog Universitas Gadjah Mada (UGM) Prof. Dr. Zullies Ikawati, Apt.: belum terbukti secara klinis. “Jika ada kabar-kabar begitu saja yang belum ada ...”",0
"Sahabat Twitter se dunia ada obat sederhana yang cukup mudah di dapat, sangat efektif manjur untuk obat covid 19, jeruk nipis dan garam, blimbing wuluh dan garam, konsumsilah terus menerus sampai covid 19 di nyatakan hilang dan sembuh",1
"Subsidi Minyak Tanah Dicabut Ganti dgn GAS 3Kg
Subsidi Gas 3 kg dicabut ganti dgn kayu bakar..Smiling face with open mouth and cold sweat
Subsidi BBM dicabut ganti dengan mobil listrik.
Subsidi Listrik dicabut ganti mesin Uap.
Lama lama kmbali ke zaman batu krn pemerintah tak becus urus negara.Smiling face with open mouth and cold sweat
#JKWtidakSampai2024
",1
Biar subsidi gas 3kg dicabut sampai keakar2nya.... Cebong yg level kere terpaksa happy2 saja tuh. ,1
Yuk GAS.. bentar lagi subsidi GAS 3kg dicabut loh.. utk kesejahteraan rakyat dan berkeadilan.,1
"Berita dicabut nya subsidi Gas 3Kg masih sekedar berita Hoax, belum ada perintah/keputusan jelas dari pemerintah soal hal itu.

Dan tarif dasar listrik 900 VA jg batal naik, jangan selalu sebar berita lama yang kunjung jadi berita Hoax, 

UPDATE INFORMASI ITU PENTING!
",0
"Subsidi gas lpg 3kg dicabut, terus muncul berita pemberhentian penjualan premium dan pertalite.
Sekalian aja dah ngomong kalo bakal ada penghapusan subsidi bbm",1
"Belum puas menyengsarakan rakyat sampai bisnis online juga dibebani pajak sekarang subsidi gas 3kg akan dicabut. Semoga Tuhan membalasmu #JokowiRajaTega

",1
"Hoax banget. Mending baca ingredientsnya. Masako aja basically kaldu ayam masa mengandung babi? Terus Sasa sama ajinomoto itu pure MSG, bahan utamanya adalah air tebu, ya mikir aja bagaimana bisa bahan hewani masuk dalam proses tersebut?",0
hati-hati makanan ber- #MSG mengandung lemak babi,1
" tanpa kita sadari, sebenernya udah banyak tau zat babi yang masuk ke kita. kitanya aja yg ga sadar. MSG tuh kan mengandung babi",1
"Pada mau beralih ke 5g ya sinyal berbahaya itu..
3g jadi gak laku beli dan borong hpnya…",1
kalo berbahaya FCC sama ETSI ga bakal ngasih vendor ijin. toh juga sinyal 5g lemah banget ketutupan pohon aja ilang sinyalnya. silahkan crosschek ke channel youtube linus tech tips.,0
"G pakai masker lebih aman, bebas mnghrup udara segar, virus it jgn dianggap besar, kl rajin wudhu Insya'Allah aman dr virus",1
"Pernyataan tersebut tidak benar. Melansir dari laman berita Liputan6, dr Dirga Sakti Rambe, SpPD dari Omni Hospitals Pulomas mengatakan bahwa belum ada penelitian yang membuktikan bahwa virus Corona dapat mati dengan air biasa.",0
"Walau mandi malam sedikit berbahaya, tetap saja banyak yang melakukannya",1
"Tapi mandi malam berbahaya ga dok ""
@blogdokter
: Sekali lagi, mandi malam bukan penyebab radang sendi rematik dan paru paru basah. Catat ya.""",0
"Lucu nya kita , perlu kerja harus ada skck mau urus skck harus ada kartu vaksin .. Serba serbi kebodohan . #SKCK polemik",1
"Keliru, Urus SIM dan SKCK Harus Tunjukkan Sertifikat Vaksin Covid-19 Per 1 Juli ",0
"Pertama urus sim skck dll, kedua naik kereta n pesawat, trs skrg masuk mall harus pake sertifikat vaksin. Trs nanti apalagi ya, mungkin masuk alfa n warteg hrs pake jg nnti wkwkw Smiling face with open mouth and smiling eyes",1
"Gw gak abis pikir.., mau urus ini, itu harus pakai sertifikat vaksin. Emang sertifikat itu bisa jadi orang gak kena covid...? Emang dgn serifikat itu org gak bisa sakit...? Masa urus skck harus pakai juga, memang sertifikat covid itu sesakti apa sih. Sementara TKA bebas 2 aja.",1
"Negara kaya perampok main ancam. Tidak di vaksin BLT dihapus, urus SIM/STNK/SKCK harus ada sertifikat Vaksin, tapi giliran ada yg tewas setelah di vaksin kalian tidak tanggung jawab.",1
Lebih baik tidak vaksin. Moderna termasuk salah satu vaksin yg paling berbahaya.,1
Moderna itu vaksin buatan Bill Gates . Salah satu Efek samping Pfizer diisukan bisa mengakibatkan steril alias mandul . Menurut saya semua vaksin itu berbahaya . Dikasih Gratis aja Ogah apalagi bayar ,1
"Vaksin Moderna merupakan vaksin dengan platform mRNA yang punya KIPI lebih terasa dibanding Sinovac maupun AstraZeneca. Namun, hal ini bukan berarti berbahaya dan harus ditakuti",0
Turn Back Hoax: [SALAH] Minuman Probiotik Yakult Terbuat dari Sperma Sapi,0
"Waduh, Telur Asin Palsu Ini Beredar Luas di Pasaran",1
Satgas Pangan Polri Pastikan Tidak Ada Telur Palsu Yang Beredar Di Pasaran,0
Nih beras palsu dan Telur palsu Buatan Made in China sdh Beredar Di pasaran Indonesia Hati2 dlm Memilih,1
[HOAKS] Rp 100 Triliun Dana Haji telah Diinvestasikan,0
Infonya Buronan KPK yg Bernama Harun Masiku di tembak mati ya iyalah di Matiiin Biar tdk Terbongkar Kecurangan Pilpres 2019 yg di Umumin tengah Malam,1
Jika harun masiku di tembak mati berarti para koruptor kelas kakap mau menghilangkn jejak dri persangkutan,1
"Kapolrinya Bingung dan Takut Buat Mengungkap dan Menangkap Masiku...
Apalagi Santer Perintah Masiku Mesti Tembak Mati di Tempat…",1
"Politikus PDIP Harun Masiku Dikabarkan Meninggal karena Diduga Ditembak Mati - Oposisi Cerdas. ...  di tembak mati alias dilenyapkan.. gak aneh, kayaknya cara2 melenyapkan barang bukti.",1
"IPW: Sudah Saatnya Kapolri Keluarkan Perintah Tembak Harun Masiku

""Polri hrs bisa bersikap lbh tegas lg, yakni memerintahkan kpd seluruh anggotanya utk melakukan tembak di tmpt, hidup/ mati, agar Harun keluar dr persembunyiannya,""

Serem amat usulannyaFace with open mouth",0
"ICW TERIMA DANA HIBAH DARI KPK SEBESAR 96 MILIAR
Beredar postingan bahwa ICW menerima dana hibah sebesar 96 Miliar dari KPK. Info tsb tidak benar, lengkpanya di: https://bit.ly/2U1Ndmm",0
"ha ha ha prof itu ternyata bacanya terbalik , bukan icw yg terima dana dari kpk tapi sebaliknya justru kpk yg terima dana dari icw",1
"[SALAH] Video “Masjid jayakarta kawasan pulogadung yg deket PT kimia farma dibakar komunis” 

BUKAN dibakar. Kebakaran Masjid JIEP Jayakarta pada 1 Juli 2021 tersebut …",0
"Pukul 9;00 Masjid Jayakarta, Cakung terbakar, diturunkan 7 bus pemadam kebakaran, Alhamdullilah api sdh dpt dipadamkan.....kabarnya Masjid ini dibakar dan pelakunya dah tertangkap..Thinking faceThinking face",1
"HOAX
Video “Membuat oksigen dengan aerator akuarium”

FAKTANYA
Kepala Balai Pengembangan Instrumentasi di LIPI, Anto Tri Sugiarto, menjelaskan, alat tersebut tidak akan dapat menambah jumlah oksigen yang dihirup. Pompa aerator, hanya membantu mengirim udara ke saluran pernapasan.",0
"[SALAH] Foto Suasana Demo Anti-Vaksin di Prancis 

Informasi yang salah. Foto tersebut diambil pada 15 Juli 2018 ...
",0
"Demo Anti Vaksin di Prancis.
",1
"egara² di Eropa demo Anti Vaksin._ (Juli 2021)
_Perancis hari keempat protes massal menentang vaksinasi dan paspor vaksinasi_
https://twitter.com/SaveMoslem1/status/1417145083439181826/video/1

*Protes Anti Vaksin Di Prancis, 100 Ribu Warga Demo Turun ke Jalan*",1
"Protes Anti-Vaksin di Prancis dan Yunani, Ratusan Ribu Warga Demo Turun di Jalan",1
"Vaksin Sinovac efektif setelah mendapatkan vaksin dosis kedua. Jadi, buat kamu yang mendapatkan vaksin jenis sinovac ini nggak usah ragu ya.

Yang terpenting, kita sudah berikhtiar dan tetap patuh Protokol Kesehatan ya teman-teman",0
Semua Warga Istana Duluan di Vaksin Sinovac ( s***k ) Baru kasih kabar efek vaksinnya Klu sudah pada Gempor Setengah Menyeng berarti Vaksin s***knya  Manjur ! Klu Rakyat mah Tidak Perlu divaksin karena Sudah punya Antibodinya !,1
"Turki Pesan 5,2 Juta Vaksin Nusantara Gagasan dr. Terawan. 

Sementara Indonesia bekerjasama dgn China akan membangun Pabrik pembuatan Vaksin April 2022. 

Yaa Allah.... Ngenes amat. Jadi ketukar begini. ",1
Dubes RI Bantah Pemerintah Turki Pesan Vaksin Nusantara,0
"VTUBE RESMI DILINDUNGI PEMERINTAH INDONESIA
Beredar narasi yg menyebut bhwa Vtube resmi dilindungi Pemerintah Indonesia. Informasi tersebut tidak benar. ",0
"Kabar Resmi dari #Vtube yang akan Legal
",1
"""Dilansir dari http://kumparan.com, klaim bahwa vaksin Pfizer beracun dan mematikan adalah tidak benar"". 

""DISINFORMASI""",0
"skrg bukan cm virusnya aja yg mematikan, vaksinnyapun juga. btw yg meninggal karena vaksin itu vaksin pfizer, sinovac ya inshaAllah aman percaya sama Tuhan ajalaaah yg terbaik.",1
Turn Back Hoax: [SALAH] “Negara Cina Buat Kantor Polisi di Indonesia”,0
"Cina sdh mulai buat kantor polisi di Indonesia,,mrk akan makin kuat dan sdh mulai menjajah kita Double exclamation markAstonished faceAstonished faceAstonished face Pantesssssss ,masa 
@Puspen_TNI
 tidak tau...Loudly crying faceLoudly crying faceLoudly crying face Garda terdepan Negara kemana aja ",1
"Cina akan buat kantor polisi nya di indonesia, info lengkap “ https://vt.tiktok.com/ZSJaoPCpb/ “, bersiap deh kalau gitu dijajah perlahan tapi pasti, gua si kepikir semua ini akan dikuasai mereka tapi maybe lah",1
